,degree,clustering_coeff,betweenness_centrality,eigenvector_centrality,community_id
0,347,0.04196165314587463,0.16148647905400257,4.1086851569415494e-05,0
1,17,0.41911764705882354,2.2511474403376367e-06,6.751777686237822e-07,0
2,10,0.8888888888888888,6.19425097442515e-08,2.853943978088916e-07,0
3,17,0.6323529411764706,3.816346850354161e-06,7.357336827166688e-07,0
4,10,0.8666666666666667,1.23885019488503e-07,2.8538626320902935e-07,0
5,13,0.3333333333333333,2.8399165896078737e-06,1.2553552605203001e-06,0
6,6,0.9333333333333333,0.0,2.768244328370223e-07,0
7,20,0.43157894736842106,0.00016409358045934438,2.5889525994194617e-05,0
8,8,0.6785714285714286,0.0,2.8040438679999273e-07,0
9,57,0.39724310776942356,1.721419747366248e-05,2.3255261687262673e-06,0
10,10,0.8222222222222222,0.0,8.393839169668094e-07,0
11,1,0.0,0.0,2.676407902886068e-07,0
12,1,0.0,0.0,2.676407902886068e-07,0
13,31,0.6516129032258065,5.241384481644587e-07,1.190272671416825e-06,0
14,15,0.7428571428571429,1.5338145270005133e-07,2.9521319604743205e-07,0
15,1,0.0,0.0,2.676407902886068e-07,0
16,9,0.6666666666666666,2.7726647218855436e-07,3.2447061460600257e-07,0
17,13,0.7307692307692307,1.4158287941543198e-07,2.913858287934014e-07,0
18,1,0.0,0.0,2.676407902886068e-07,0
19,16,0.2833333333333333,0.0,2.9638798077248447e-07,0
20,15,0.6857142857142857,1.2502554823934953e-06,2.949673972952564e-07,0
21,65,0.3490384615384615,0.0012370712620388686,2.6204521304485787e-05,0
22,11,0.4727272727272727,4.709775935705772e-07,1.106259435572188e-06,0
23,17,0.16911764705882354,6.937561091356168e-06,2.979418114557848e-07,0
24,16,0.9,9.73382295981095e-08,3.1453729036249995e-07,0
25,69,0.2885763000852515,9.416740069774225e-05,2.2085574424415696e-06,0
26,68,0.4113257243195786,2.8355615536855124e-05,2.453879845811117e-06,0
27,5,0.9,0.0,4.4668958294165685e-07,0
28,13,0.7692307692307693,1.5338145270005133e-07,2.9122772306659934e-07,0
29,13,0.46153846153846156,0.0,3.5825152786982814e-07,0
30,17,0.5,4.148137937106169e-07,1.0372627253847423e-06,0
31,23,0.43478260869565216,7.347477630366111e-06,1.5347572026436284e-06,0
32,6,1.0,0.0,2.770816898946937e-07,0
33,2,1.0,0.0,2.694180201674383e-07,0
34,5,0.6,0.00392742400063943,4.411991884241921e-06,1
35,2,1.0,0.0,2.69544581757027e-07,0
36,11,0.9636363636363636,1.1012001732311377e-07,2.982776144424446e-07,0
37,1,0.0,0.0,2.676407902886068e-07,0
38,9,0.3611111111111111,1.0358943920218455e-06,7.881770650988538e-07,0
39,15,0.49523809523809526,2.0351301303386048e-07,5.563478839435352e-07,0
40,44,0.4048625792811839,1.2834568966322234e-05,1.884087119360471e-06,0
41,24,0.4673913043478261,8.435979898502823e-07,3.1211563378085395e-07,0
42,2,1.0,0.0,2.694180201674383e-07,0
43,1,0.0,0.0,2.676407902886068e-07,0
44,6,1.0,0.0,2.7766149392894064e-07,0
45,12,0.7272727272727273,7.216793992425492e-07,8.42324725216318e-07,0
46,5,1.0,0.0,2.7538796147841304e-07,0
47,2,1.0,0.0,2.703831686663089e-07,0
48,22,0.329004329004329,4.578395678361068e-06,5.559079446758978e-07,0
49,4,0.5,9.91080155908024e-07,2.7301033866436716e-07,0
50,11,0.5636363636363636,0.0,5.125910696415797e-07,0
51,7,0.8571428571428571,0.0,3.003277070795729e-07,0
52,2,1.0,0.0,2.6945555196312743e-07,0
53,31,0.3827956989247312,1.840890026784766e-05,1.0113027856785962e-06,0
54,8,0.5714285714285714,0.0,3.162500866863009e-07,0
55,17,0.8308823529411765,7.256816603763514e-08,1.074202465926114e-06,0
56,78,0.34865134865134867,0.0013063208490927017,2.6616827415044544e-05,0
57,15,0.5238095238095238,2.820448943688252e-06,4.881824298253972e-07,0
58,12,0.2727272727272727,0.08276132745457535,0.0005969432384448453,0
59,19,0.7777777777777778,5.551249640868641e-07,5.909014846672462e-07,0
60,8,0.6785714285714286,1.1295002476131267e-07,8.057164257469679e-07,0
61,3,0.6666666666666666,0.0,2.714232791977684e-07,0
62,26,0.5230769230769231,5.11407856711665e-06,1.1293596775836445e-06,0
63,6,1.0,0.0,4.7509192739616393e-07,0
64,7,0.9523809523809523,6.575833060925813e-06,3.925536550545762e-07,0
65,12,0.5,8.842778570555425e-07,6.730385002732909e-07,0
66,15,0.8761904761904762,4.1691563196803873e-07,1.349621858325262e-06,0
67,76,0.36140350877192984,0.001051320307547241,2.6926011133268487e-05,0
68,9,0.8333333333333334,1.982160311816048e-07,2.8293326247496275e-07,0
69,10,0.6444444444444445,1.4828661423623845e-07,6.669669628849734e-07,0
70,2,1.0,0.0,2.695066773737778e-07,0
71,3,1.0,0.0,2.713710787367558e-07,0
72,24,0.605072463768116,1.1693746853199721e-06,8.100864498916503e-07,0
73,10,0.5333333333333333,5.002595072678597e-07,3.154713827109514e-07,0
74,1,0.0,0.0,2.676407902886068e-07,0
75,14,0.7582417582417582,1.147083513782435e-07,1.0214018998142906e-06,0
76,3,1.0,0.0,2.8345532648008203e-07,0
77,6,0.6,0.0,3.028525639967509e-07,0
78,9,1.0,0.0,2.8262005344308395e-07,0
79,12,0.9393939393939394,1.8353336220518963e-08,5.732212078236738e-07,0
80,23,0.5217391304347826,0.00015628043138524902,6.571371884977006e-07,0
81,3,0.6666666666666666,0.0,2.941949350440055e-07,0
82,34,0.41711229946524064,4.369367820568224e-06,9.799445287903324e-07,0
83,7,0.8571428571428571,0.0,3.003277070795729e-07,0
84,13,0.4230769230769231,2.274764929274607e-06,5.10550502635648e-07,0
85,14,0.6483516483516484,5.069985369660133e-07,6.91063527894315e-07,0
86,6,1.0,0.0,2.7730726806579665e-07,0
87,13,0.6410256410256411,2.1148962924587853e-05,2.5552063119104685e-05,0
88,20,0.3368421052631579,2.0228653896479843e-06,8.522872707731223e-07,0
89,8,0.6785714285714286,0.0,2.805596658446083e-07,0
90,2,1.0,0.0,2.694299132625365e-07,0
91,8,0.6785714285714286,0.0,2.8040438679999273e-07,0
92,21,0.7761904761904762,4.0587092099090506e-07,3.302689673116707e-07,0
93,8,0.8571428571428571,1.982160311816048e-07,2.810526240837233e-07,0
94,22,0.6666666666666666,2.9036288853448187e-06,5.027693816730997e-07,0
95,6,0.8666666666666667,0.0,2.7680047097448335e-07,0
96,9,0.3888888888888889,0.0,4.739835072169205e-07,0
97,3,0.6666666666666666,0.0,2.7129597040121663e-07,0
98,49,0.5246598639455783,7.1906834168309355e-06,1.9699747582820415e-06,0
99,13,0.6410256410256411,2.6936142808785935e-06,2.904025671684916e-07,0
100,9,0.6111111111111112,0.0,3.338887008511198e-07,0
101,19,0.8304093567251462,5.250365111655604e-07,3.2178942735434555e-07,0
102,6,1.0,0.0,2.772570895190145e-07,0
103,16,0.55,7.499048115120049e-05,2.5295478124534503e-05,0
104,32,0.6088709677419355,2.187157517537473e-06,1.525026435068006e-06,0
105,14,0.6703296703296703,1.046140164569581e-07,7.112406298501672e-07,0
106,8,0.42857142857142855,5.533530870486467e-07,4.6628533820146526e-07,0
107,1045,0.049038479165520905,0.48982782720225704,0.0011017858987393226,9
108,13,0.7948717948717948,2.9281913697282527e-07,4.734070182697012e-07,0
109,37,0.53003003003003,1.0681634064566893e-05,2.0129770322104912e-06,0
110,5,1.0,0.0,2.7500778903158803e-07,0
111,14,0.5604395604395604,6.489215306540634e-07,2.9283868302142195e-07,0
112,3,1.0,0.0,2.7140109678661617e-07,0
113,40,0.5371794871794872,1.7759903890575027e-06,1.598329946798716e-06,0
114,1,0.0,0.0,2.676407902886068e-07,0
115,21,0.5333333333333333,9.5829978646559e-06,3.064236454016719e-07,0
116,17,0.6617647058823529,2.0808750416306968e-06,2.990090945587181e-07,0
117,6,0.4666666666666667,7.309216149821676e-07,4.545232609722027e-07,0
118,36,0.5365079365079365,1.3463125596794046e-05,1.3511607580630377e-06,0
119,62,0.28714965626652567,0.002019889236065978,2.2386916577398574e-06,0
120,4,0.5,2.024094162400759e-05,2.439929745522421e-05,0
121,12,0.4696969696969697,4.479524990393807e-07,8.098792224519466e-07,0
122,63,0.38556067588325654,0.0010389322643713627,2.6515538937541468e-05,0
123,18,0.6928104575163399,3.698150347767659e-07,9.09823244640253e-07,0
124,4,0.5,0.0,2.836087429428114e-07,0
125,4,0.6666666666666666,3.7258968204917853e-06,2.4552568272465046e-05,0
126,7,0.7619047619047619,6.813676071867665e-07,4.5479531890068013e-07,0
127,16,0.7333333333333333,5.158121720521308e-07,4.784019019629328e-07,0
128,28,0.5952380952380952,2.4391642020652425e-06,1.6319489347116833e-06,0
129,7,0.9047619047619048,0.0,6.162472132225788e-07,0
130,16,0.35833333333333334,3.0068664015852375e-06,6.785519488299699e-07,0
131,7,1.0,0.0,2.7905746654878966e-07,0
132,16,0.4,0.0,7.082153919763725e-07,0
133,18,0.5882352941176471,3.0855619723024427e-06,7.429205547538238e-07,0
134,19,0.7076023391812866,7.420498147847064e-07,1.0821291002004451e-06,0
135,10,1.0,0.0,2.9524615879085395e-07,0
136,133,0.32137161084529503,0.02843849974604461,0.003908093538567998,4
137,16,0.5333333333333333,3.0522909087310217e-06,2.965211566506565e-07,0
138,2,1.0,0.0,2.695986723391659e-07,0
139,9,0.9722222222222222,0.0,2.945650052016846e-07,0
140,11,0.8909090909090909,0.0,2.8752466007664334e-07,0
141,28,0.5555555555555556,6.454843520024776e-06,1.1510334462373603e-06,0
142,43,0.530454042081949,5.242146043747849e-06,2.107023188558762e-06,0
143,12,0.6060606060606061,1.6694981197736356e-06,2.8832176824718146e-07,0
144,15,0.7047619047619048,2.47770038977006e-07,2.951630937623171e-07,0
145,2,1.0,0.0,2.694299132625365e-07,0
146,10,0.4666666666666667,6.373481614662814e-05,2.4741301258160436e-05,0
147,6,0.9333333333333333,0.0,2.768244328370223e-07,0
148,20,0.42105263157894735,3.685623080473374e-06,7.386624345569619e-07,0
149,14,0.7802197802197802,7.588449050891001e-07,2.930244610832505e-07,0
150,11,0.5636363636363636,0.0001400744194448674,5.665051412941972e-07,0
151,7,0.9047619047619048,0.0,2.795329734720451e-07,0
152,5,0.7,0.0,4.317762862816547e-07,0
153,2,1.0,0.0,2.7873761874456113e-07,0
154,2,1.0,0.0,2.6946728034234274e-07,0
155,3,0.6666666666666666,0.0,2.713985735948485e-07,0
156,12,0.5303030303030303,7.466541589980763e-05,2.4771621795421914e-05,0
157,3,0.6666666666666666,0.0,2.712988476457164e-07,0
158,25,0.3566666666666667,7.1365320604811884e-06,1.2590259677076598e-06,0
159,14,0.6263736263736264,1.4958803262278433e-06,5.01845570328544e-07,0
160,2,1.0,0.0,2.7158805327839907e-07,0
161,25,0.5466666666666666,2.1844833122531883e-06,2.049240986182391e-06,0
162,8,0.8571428571428571,6.19425097442515e-08,2.814323152423283e-07,0
163,6,0.5333333333333333,3.694885349359662e-05,2.985326263692629e-07,0
164,3,0.6666666666666666,0.0,4.361172807960195e-07,0
165,11,0.6,0.0,6.606462697322496e-07,0
166,4,0.6666666666666666,3.303600519693413e-07,2.785859457832427e-07,0
167,7,0.9047619047619048,9.91080155908024e-08,2.789252353401414e-07,0
168,11,0.6909090909090909,0.0,8.129898021716909e-07,0
169,38,0.4395448079658606,0.0004447530525091903,2.596849318769664e-05,0
170,46,0.4714975845410628,1.6426188577559345e-05,1.9462536243658443e-06,0
171,22,0.21645021645021645,0.016768066774702377,1.357875469152066e-05,0
172,41,0.45975609756097563,1.228677225519972e-05,1.2217682805814015e-06,0
173,12,0.24242424242424243,0.003521847802302399,8.135945599170392e-07,1
174,4,0.8333333333333334,0.0,2.731797180150119e-07,0
175,17,0.4264705882352941,5.653876317989586e-06,3.1449455012369926e-07,0
176,14,0.7252747252747253,1.1855216375269158e-06,5.691273101460455e-07,0
177,11,0.7636363636363637,9.344470041418512e-07,2.865933603782125e-07,0
178,13,0.46153846153846156,1.807380079192952e-06,6.719628111748378e-07,0
179,3,0.6666666666666666,0.0,2.7119541174992615e-07,0
180,20,0.7578947368421053,3.763744877793567e-07,3.321751690259361e-07,0
181,10,0.8666666666666667,1.23885019488503e-07,2.8538626320902935e-07,0
182,3,0.6666666666666666,0.0,2.7122040435714414e-07,0
183,2,1.0,0.0,2.7236884621723446e-07,0
184,18,0.6339869281045751,9.287622370138075e-07,4.884014505718269e-07,0
185,26,0.5384615384615384,4.757285209990752e-06,1.59446889605718e-06,0
186,44,0.4978858350951374,7.822695040290095e-06,1.788387424622658e-06,0
187,16,0.8583333333333333,8.259001299233533e-08,3.149645305314604e-07,0
188,48,0.45567375886524825,1.3380100043842389e-05,2.1042494689429404e-06,0
189,7,0.9523809523809523,6.575833060925813e-06,3.925536550545763e-07,0
190,4,0.5,4.95540077954012e-07,2.747004434294999e-07,0
191,3,1.0,0.0,2.7836307797948243e-07,0
192,5,0.4,7.43310116931018e-07,2.7502226450240546e-07,0
193,5,0.7,2.47770038977006e-07,2.7498379927618087e-07,0
194,19,0.8245614035087719,3.026334047504859e-07,3.2506467928851854e-07,0
195,9,1.0,0.0,2.8262005344308395e-07,0
196,13,0.717948717948718,1.982160311816048e-07,6.272877813991938e-07,0
197,16,0.7416666666666667,3.754091499651606e-07,4.829489954727301e-07,0
198,12,0.4696969696969697,0.001839479689853144,5.133815394323195e-07,1
199,47,0.47178538390379277,7.179923775858595e-06,1.620582563689595e-06,0
200,57,0.4342105263157895,1.7735077893373577e-05,2.1986799391614055e-06,0
201,4,1.0,0.0,2.731931277246756e-07,0
202,4,0.6666666666666666,3.187661999227545e-06,2.8200325313080783e-07,0
203,57,0.42857142857142855,1.8075375398830042e-05,2.3263204879691823e-06,0
204,22,0.5887445887445888,2.0411531782391443e-06,5.194085674962799e-07,0
205,2,1.0,0.0,2.6945555196312743e-07,0
206,4,0.5,4.1295006496167666e-07,2.810009155097122e-07,0
207,3,1.0,0.0,6.000764359654003e-07,0
208,7,0.8571428571428571,0.0,5.000654640941248e-07,0
209,1,0.0,0.0,2.676407902886068e-07,0
210,1,0.0,0.0,2.676407902886068e-07,0
211,30,0.6,3.6338051668309573e-06,1.284794848586178e-06,0
212,18,0.6993464052287581,5.977576856266061e-07,1.0499086587452903e-06,0
213,39,0.30364372469635625,0.0004978518699303722,2.6383442899378364e-05,0
214,17,0.5661764705882353,4.6309400142130885e-07,2.988803857911951e-07,0
215,1,0.0,0.0,2.676407902886068e-07,0
216,2,1.0,0.0,2.6949667941891343e-07,0
217,8,0.8214285714285714,1.626246172759831e-05,5.474964579917129e-07,0
218,9,1.0,0.0,2.8262005344308395e-07,0
219,6,0.7333333333333333,0.0,2.7677567067139964e-07,0
220,4,1.0,0.0,2.735580471717127e-07,0
221,8,0.8571428571428571,0.0,8.0320805227812e-07,0
222,11,0.7454545454545455,2.229930350793054e-06,5.024941358196194e-07,0
223,27,0.7207977207977208,1.0938466826052499e-06,1.3190796110131663e-06,0
224,28,0.5211640211640212,3.0761685887106567e-06,1.607204068669027e-06,0
225,10,0.8444444444444444,6.866769651648452e-07,2.8478825027181526e-07,0
226,14,0.8131868131868132,3.116789776020274e-07,2.932286498681191e-07,0
227,15,0.5428571428571428,4.8905086264747134e-06,2.9416529844937944e-07,0
228,3,1.0,0.0,2.7427272642473643e-07,0
229,6,0.5333333333333333,0.0,3.1100610185935275e-07,0
230,9,0.2777777777777778,0.0,2.826589794143983e-07,0
231,21,0.4523809523809524,4.198555034756049e-06,9.044231081765625e-07,0
232,25,0.62,2.0140828305852812e-06,1.2766143705015083e-06,0
233,2,1.0,0.0,2.694180201674383e-07,0
234,2,1.0,0.0,2.814172010520976e-07,0
235,5,0.8,0.0,7.545686945290434e-07,0
236,37,0.4099099099099099,1.095248865773828e-05,1.819712587232757e-06,0
237,7,0.8571428571428571,0.0,3.003277070795729e-07,0
238,23,0.7154150197628458,8.54027654464253e-07,7.67970918066399e-07,0
239,59,0.418468731735827,3.405615962785639e-05,2.1967869508432947e-06,0
240,3,0.6666666666666666,0.0,2.7284005854215604e-07,0
241,2,1.0,0.0,2.6944206177102764e-07,0
242,24,0.5978260869565217,3.7851789525939586e-06,6.686415319835652e-07,0
243,8,0.6428571428571429,0.0,2.811546450263078e-07,0
244,2,1.0,0.0,2.694180201674383e-07,0
245,5,0.7,2.47770038977006e-07,2.751611184486693e-07,0
246,14,0.5934065934065934,1.7450528748011328e-05,2.586827886965284e-05,0
247,3,0.6666666666666666,2.47770038977006e-07,4.207525537210956e-07,0
248,21,0.5047619047619047,3.9439726443414315e-06,1.090685967401294e-06,0
249,24,0.6268115942028986,9.132095722295364e-07,8.194148297046879e-07,0
250,5,0.8,4.95540077954012e-08,4.684756060075968e-07,0
251,14,0.7802197802197802,1.1727781844911617e-06,6.241563458715134e-07,0
252,65,0.4033653846153846,3.170679452487556e-05,2.7142000054577782e-06,0
253,3,0.6666666666666666,0.0,2.7129597040121663e-07,0
254,17,0.9044117647058824,1.7402895594813517e-07,3.166330429223518e-07,0
255,2,1.0,0.0,2.6944206177102764e-07,0
256,2,1.0,0.0,2.694180201674383e-07,0
257,18,0.5032679738562091,2.7500209953797087e-06,1.0332848136932484e-06,0
258,15,0.4857142857142857,0.0,5.482054820883192e-07,0
259,8,0.6785714285714286,0.0,2.8040438679999273e-07,0
260,8,0.39285714285714285,4.1295006496167666e-07,6.191548616499651e-07,0
261,38,0.4751066856330014,4.4514340861064395e-06,1.1930468934107852e-06,0
262,4,1.0,0.0,2.735580471717127e-07,0
263,7,0.9523809523809523,8.259001299233533e-08,2.791123949017998e-07,0
264,5,1.0,0.0,2.7500778903158803e-07,0
265,27,0.6410256410256411,3.5377894678340334e-06,8.212212038925553e-07,0
266,18,0.8823529411764706,1.7402895594813517e-07,3.207379235569112e-07,0
267,2,1.0,0.0,2.696087810126005e-07,0
268,11,0.9090909090909091,0.0,3.606928306083495e-07,0
269,6,0.4666666666666667,4.865250122388352e-05,3.9838174319031956e-06,0
270,4,0.8333333333333334,0.0,2.9793868006216725e-07,0
271,73,0.386986301369863,3.1928480247404686e-05,2.4643815488976377e-06,0
272,45,0.35353535353535354,2.6545163026769894e-05,1.866865997731631e-06,0
273,9,1.0,0.0,2.8262005344308395e-07,0
274,14,0.5604395604395604,2.4913141281753894e-07,6.912588395528285e-07,0
275,10,0.8666666666666667,1.23885019488503e-07,2.8538626320902935e-07,0
276,18,0.7516339869281046,8.35577724569163e-07,9.151396539927189e-07,0
277,65,0.3466346153846154,4.161929561502537e-05,2.9905173881221413e-06,0
278,10,0.8,6.819575358509975e-07,2.847380549954272e-07,0
279,2,1.0,0.0,2.6957498362863235e-07,0
280,43,0.4673311184939092,1.0934486812839223e-05,1.766921100175581e-06,0
281,16,0.7416666666666667,1.288618722194697e-06,6.390049500630755e-07,0
282,2,1.0,0.0,2.694180201674383e-07,0
283,5,0.6,0.0,2.965038963599597e-07,0
284,16,0.7,1.4638096588451053e-06,6.34239433553824e-07,0
285,47,0.43293246993524515,0.0005644925739499978,2.6378663170565524e-05,0
286,2,1.0,0.0,2.695725505625221e-07,0
287,1,0.0,0.0,2.676407902886068e-07,0
288,4,0.8333333333333334,0.0,4.5873985403928607e-07,0
289,4,0.8333333333333334,0.0,2.7353222533302213e-07,0
290,14,0.8241758241758241,1.656001488795448e-07,8.868758275943981e-07,0
291,36,0.38095238095238093,1.1430395813388053e-05,1.6695173326263324e-06,0
292,1,0.0,0.0,2.676407902886068e-07,0
293,3,1.0,0.0,2.7140109678661617e-07,0
294,3,0.6666666666666666,0.0,2.883202546395565e-07,0
295,10,0.5333333333333333,3.280413483960271e-07,5.033142898761146e-07,0
296,7,0.9523809523809523,8.259001299233533e-08,2.791123949017998e-07,0
297,25,0.72,8.076083581692494e-07,1.4748940167199521e-06,0
298,11,0.9454545454545454,5.5060008661556886e-08,5.178368469532586e-07,0
299,20,0.6842105263157895,2.7697150785643884e-06,3.2522729047567165e-07,0
300,7,0.7619047619047619,3.350794812831891e-07,2.861308510482793e-07,0
301,3,0.6666666666666666,2.47770038977006e-07,4.2532597160344544e-07,0
302,20,0.7526315789473684,4.1766949427552433e-07,4.874064220791862e-07,0
303,21,0.580952380952381,2.055418725937821e-06,1.5360542021379763e-06,0
304,55,0.3872053872053872,0.0005781146609646136,2.6589271902018833e-05,0
305,2,1.0,0.0,2.6972781372930307e-07,0
306,9,1.0,0.0,2.8262005344308395e-07,0
307,4,0.6666666666666666,0.0,2.8311705332589594e-07,0
308,24,0.4746376811594203,0.00011259438008631916,2.583671634602985e-05,0
309,10,1.0,0.0,2.9524615879085395e-07,0
310,13,0.5384615384615384,1.2058141896880958e-06,2.9048846466008514e-07,0
311,7,0.5238095238095238,2.47770038977006e-07,3.1601765164382974e-07,0
312,26,0.4276923076923077,9.824278688326364e-06,3.156518778392805e-07,0
313,37,0.5015015015015015,8.692621382511566e-06,1.6528371723742982e-06,0
314,13,0.4230769230769231,2.0372203204776052e-07,3.7439073908346735e-07,0
315,56,0.31623376623376626,0.0005431638267865453,2.70197336890429e-05,0
316,2,1.0,0.0,2.755274661301308e-07,0
317,7,0.5238095238095238,0.0,4.5331027736466004e-07,0
318,11,0.5272727272727272,7.859753238715665e-08,5.154930580498926e-07,0
319,8,0.6785714285714286,0.0,2.805596658446083e-07,0
320,21,0.48095238095238096,7.098236207541257e-06,3.4020280164339277e-07,0
321,3,1.0,0.0,2.716159215519362e-07,0
322,72,0.2918622848200313,0.0015710068165945045,2.714697002097389e-05,0
323,39,0.4844804318488529,1.2907673073361486e-05,2.020279252337148e-06,0
324,26,0.36615384615384616,0.00021065365831108725,2.522380931834138e-05,0
325,39,0.601889338731444,2.1908025408488928e-06,1.4196627011806559e-06,0
326,19,0.6666666666666666,1.907436014346792e-06,3.02856842063512e-07,0
327,4,1.0,0.0,2.731711210864179e-07,0
328,9,1.0,0.0,2.8262005344308395e-07,0
329,30,0.22528735632183908,1.667076713509186e-05,1.0949093777685574e-06,0
330,16,0.825,6.19425097442515e-08,3.1800258900804886e-07,0
331,20,0.5263157894736842,2.5410888031031127e-07,7.450134841333102e-07,0
332,43,0.42081949058693247,1.4823484154470015e-05,2.0486820062620514e-06,0
333,8,0.7857142857142857,3.18561478684722e-07,2.811660557117905e-07,0
334,28,0.5105820105820106,7.3269109252961945e-06,1.606948636737524e-06,0
335,1,0.0,0.0,2.676407902886068e-07,0
336,3,1.0,0.0,2.869023324908924e-07,0
337,9,0.8055555555555556,2.9732404677240726e-07,2.828961695291709e-07,0
338,7,0.6666666666666666,5.777065524181815e-07,4.846334224289089e-07,0
339,27,0.25925925925925924,0.00034780036237041443,2.5642274787648432e-05,0
340,6,0.7333333333333333,0.0,1.0649827093995453e-06,0
341,12,0.7727272727272727,4.129500649616766e-08,8.544226990160183e-07,0
342,34,0.5775401069518716,4.08594206086328e-06,1.5100373156181635e-06,0
343,18,0.6339869281045751,1.7546444903109718e-06,3.008115052033274e-07,0
344,9,0.5,3.7484761358958244e-07,6.466676200056629e-07,0
345,16,0.65,2.9643915377606077e-07,1.492579689190235e-06,0
346,27,0.5299145299145299,7.544007758185602e-06,3.5649478506012333e-07,0
347,7,0.8095238095238095,0.0,7.665525105671873e-07,0
348,229,0.12303684976633725,0.03600494568216241,2.602802869346618e-05,1
414,159,0.1351803200382135,0.04336848100751551,2.194139829554947e-05,1
428,115,0.26758199847444697,0.06071917917166048,0.0006126172864271524,1
1684,792,0.044774546986936364,0.34462113695966456,1.657382217832478e-05,2
1912,755,0.10548597326400477,0.21637731923327588,0.09543113164645776,4
2814,2,1.0,0.0,3.812223818935778e-06,0
2838,4,1.0,0.0,3.935395413897614e-06,0
2885,4,1.0,0.0,3.938102194146448e-06,0
3003,4,1.0,0.0,3.935395413897614e-06,0
3173,18,0.21568627450980393,0.0005688237737505909,3.838559479036444e-06,2
3290,5,0.8,1.5338145270005133e-07,4.333111462781056e-06,0
353,102,0.31721995728984664,0.0022874378598845653,2.796547984840795e-05,1
363,96,0.31951754385964914,0.00212657115370916,2.0783450616764237e-05,1
366,97,0.33526632302405496,0.0012782361933966302,2.5243815931755647e-05,1
376,133,0.2631578947368421,0.008097315123941158,2.7112542093889723e-05,1
389,48,0.2845744680851064,0.0013782543561673664,1.2499806920961463e-05,6
420,34,0.4919786096256685,0.00047754492190192404,1.617272270343481e-05,1
475,122,0.2750304836742989,0.005092591935897225,2.759003306617296e-05,1
483,231,0.1616412572934312,0.01095473907084829,4.625596073184704e-05,1
484,107,0.2671486510315641,0.002780167440097152,5.418403914655691e-05,1
517,104,0.3525018670649739,0.001559028581185266,2.4258898598058302e-05,1
526,98,0.2457395329265727,0.0017018485451214434,0.00013696281535677124,1
538,87,0.3322641005078856,0.0010453472236010763,1.94359847646178e-05,1
563,91,0.18485958485958487,0.057369324073568935,0.0006126153764591512,1
566,85,0.4070028011204482,0.0018687396437038356,2.6346652236174302e-05,1
580,84,0.3654618473895582,0.0020543198109369567,2.0409129011167496e-05,1
596,46,0.1681159420289855,0.0016057672149892902,1.921795372061022e-05,1
601,25,0.4166666666666667,0.0003753980472684228,1.4947314816787781e-05,1
606,91,0.2549450549450549,0.0010195604447100135,3.708707844248432e-05,1
629,11,0.38181818181818183,5.2029329389384806e-05,9.866363820381132e-06,1
637,115,0.19115179252479023,0.0018262767987011295,3.784248815528815e-05,1
641,66,0.31002331002331,0.000337186660587253,2.6600671276062395e-05,1
649,5,0.4,2.754476853208573e-05,8.832998047371367e-06,7
651,73,0.323820395738204,0.0014757963983599474,2.298981733953981e-05,1
896,126,0.38603174603174606,6.405858583406967e-05,2.5886155646356446e-05,6
897,66,0.38554778554778557,1.668052309870954e-05,0.00017017231366793913,9
898,38,0.7610241820768137,1.319299496838266e-07,1.3561444072574404e-05,6
899,3,1.0,0.0,8.739818898693503e-06,9
900,13,0.5512820512820513,8.725686399386302e-07,1.0394194701241512e-05,7
901,34,0.8235294117647058,6.241433267997612e-07,1.1363870892038995e-05,7
902,46,0.8231884057971014,9.101712135321185e-07,1.5249290549593339e-05,6
903,34,0.7825311942959001,2.120598909495208e-06,1.1511161185490147e-05,7
904,3,0.6666666666666666,1.23885019488503e-07,8.642036177833102e-06,9
905,17,0.4411764705882353,3.9158080515103743e-07,1.1936351848012135e-05,1
906,78,0.5541125541125541,6.445010489614879e-06,0.00026243611919911673,9
907,13,0.4230769230769231,8.24425308262776e-07,3.386660390152223e-05,9
908,32,0.4475806451612903,0.0003023564562768895,5.108544037066304e-05,7
909,12,0.6363636363636364,9.332671468133892e-07,9.614353145658495e-06,7
910,5,1.0,0.0,8.815064086494491e-06,1
911,1,0.0,0.0,8.47728302546371e-06,9
912,9,0.4722222222222222,9.084901429156887e-07,9.479906436364015e-06,1
913,44,0.30655391120507397,9.672667727472742e-06,4.917763129561857e-05,6
914,16,0.6333333333333333,1.3753666281253019e-06,1.1619166382535306e-05,6
915,35,0.37815126050420167,6.614622425505977e-05,1.9095516032592355e-05,1
916,147,0.482900009318796,0.0007907619723525943,0.0005332670593353463,9
917,130,0.22921884317233154,0.00029748370918161694,3.0195793943501964e-05,6
918,1,0.0,0.0,8.47728302546371e-06,9
919,29,0.8645320197044335,7.211823403398008e-06,1.2783968959069395e-05,6
920,13,0.3974358974358974,2.8926665199066556e-06,3.4249193279163484e-05,9
921,106,0.5764600179694519,0.00031885999769726715,0.0004011439859795085,9
922,30,0.46436781609195404,1.9437260840365837e-06,7.222900564328498e-05,9
923,8,0.5357142857142857,1.1872458755782805e-06,1.019251592202588e-05,7
924,45,0.4202020202020202,9.477259672700749e-06,1.3594730129665627e-05,6
925,167,0.46771517206550756,0.0008512301580505879,0.0005742509151291998,9
926,21,0.5095238095238095,1.4107060132433454e-06,6.739716244871795e-05,9
927,75,0.5816216216216217,1.9972887030469277e-05,0.0002513835584476314,9
928,9,0.9444444444444444,0.0,9.120811216344618e-06,7
929,5,0.9,1.7090054636509216e-07,8.857316230863844e-06,7
930,52,0.4856711915535445,0.00011226589720218404,1.9821972936331248e-05,1
931,15,0.6761904761904762,1.188174198771841e-06,1.0123468902146225e-05,1
932,63,0.49923195084485406,9.310910468566283e-06,0.00019075436468162245,9
933,25,0.6233333333333333,1.9307941220453606e-06,1.1930606489503913e-05,6
934,82,0.7431496537187594,7.362343536317711e-06,0.0003402758058597432,9
935,7,0.5238095238095238,5.120580805524791e-07,1.0448959084384716e-05,6
936,37,0.6381381381381381,2.2153918737795626e-06,1.5099181048827132e-05,1
937,7,0.8571428571428571,0.0,8.984851245639121e-06,6
938,29,0.8226600985221675,1.5477781765269393e-06,1.1085228094253495e-05,7
939,17,0.5808823529411765,0.0,1.0395977134317356e-05,1
940,17,0.5882352941176471,3.492377692247323e-07,1.0317366983399317e-05,6
941,54,0.4116002795248078,1.2977568961914232e-05,1.5853570398950602e-05,6
942,65,0.5855769230769231,1.4103573201656118e-05,1.738468865672741e-05,6
943,12,0.42424242424242425,4.89721684539908e-07,9.607064570578381e-06,6
944,37,0.5495495495495496,4.691813594206876e-06,1.2895746338834362e-05,6
945,4,1.0,0.0,8.79134845913356e-06,6
946,166,0.48477546549835704,0.00010334264110753769,0.000568607078493777,9
947,115,0.5981693363844394,2.07272947111534e-05,0.0004328849643939924,9
948,38,0.561877667140825,6.008355482721142e-06,1.4879934721464344e-05,1
949,23,0.6758893280632411,2.0159317048265626e-06,1.0979396836038174e-05,6
950,10,0.5777777777777777,1.6785899615400189e-06,9.847680144318247e-06,7
951,20,0.37894736842105264,8.929709552102473e-05,4.503951273476363e-05,7
952,84,0.7544463568559954,2.1171291479010868e-06,0.00034785738287278233,9
953,109,0.5424736663268773,5.675631115584092e-05,0.00036358198473517977,9
954,55,0.5912457912457912,5.427572213518666e-06,1.651688342604242e-05,6
955,10,0.8444444444444444,0.0,9.325703523221175e-06,7
956,10,0.8222222222222222,0.0,9.151435522534631e-06,7
957,65,0.6225961538461539,1.2524846365894193e-05,1.79194610391889e-05,6
958,24,0.9239130434782609,8.259001299233533e-08,1.05266439364138e-05,7
959,46,0.6492753623188405,5.409947217828394e-06,0.00013514717222402913,9
960,103,0.5735770036169807,1.6401844759551056e-05,0.0003503396360774117,9
961,13,0.2692307692307692,1.0398236649745259e-05,1.3447888946432336e-05,9
962,27,0.43874643874643876,6.854893557251411e-05,1.6230173152725626e-05,1
963,33,0.7954545454545454,4.255119248900223e-06,1.1480265348931713e-05,7
964,26,0.4707692307692308,6.4383286139308725e-06,1.1905589264760544e-05,6
965,16,0.7416666666666667,7.06246388160417e-07,1.0366128674510939e-05,6
966,115,0.6314263920671244,9.891728337979303e-06,0.00042555814908806793,9
967,107,0.4873919943572562,5.179654828943818e-05,0.00034378924223282033,9
968,40,0.31666666666666665,2.379483755080562e-05,4.519308330060822e-05,6
969,32,0.7540322580645161,6.316739829075122e-07,1.292036867888661e-05,6
970,15,0.7523809523809524,0.0,9.820752730150994e-06,7
971,34,0.6292335115864528,1.2948771621351554e-06,1.2998767126016103e-05,6
972,21,0.7952380952380952,1.580545187140175e-07,6.536012862110195e-05,9
973,18,0.38562091503267976,1.3317891849578642e-05,2.0657114230516097e-05,9
974,11,0.7454545454545455,4.0469106366244313e-07,9.518594813976886e-06,6
975,54,0.7281621243885394,1.1496600551319561e-06,1.650375488343103e-05,6
976,24,0.7210144927536232,4.905988357431408e-06,1.2059847127042302e-05,1
977,26,0.56,2.0769586484423423e-06,1.1038557777912423e-05,6
978,104,0.573562359970127,2.776993176266783e-05,0.0003860500489570571,9
979,10,0.9111111111111111,0.0,9.222044199592243e-06,7
980,128,0.5136564960629921,2.0687575228363315e-05,0.00043973020721622236,9
981,47,0.7622571692876966,1.9613513918689888e-07,1.5282535845771994e-05,6
982,68,0.6286215978928885,2.881259035572311e-05,0.00023737703384760242,9
983,62,0.6991010047593865,3.5449879388059057e-06,0.00020803767235623425,9
984,42,0.7619047619047619,2.3569554896815124e-06,1.4893952173359554e-05,6
985,7,0.7619047619047619,0.0,8.976662248781984e-06,6
986,11,0.7454545454545455,0.0,9.493661377362897e-06,6
987,6,0.4,3.097125487212575e-07,9.067844811451443e-06,7
988,41,0.7682926829268293,1.1465723947383745e-06,1.461203942696781e-05,6
989,35,0.6588235294117647,9.877366300632765e-07,1.3521871299775632e-05,6
990,29,0.29802955665024633,0.0010305888042440455,1.077455117855233e-05,2
991,19,0.32748538011695905,1.519867686982152e-05,2.9020022197631818e-05,9
992,31,0.8043010752688172,1.8099056673962328e-06,1.1289534127614137e-05,7
993,154,0.5144724556489262,4.2002004525470787e-05,0.0005408560627211872,9
994,27,0.43874643874643876,6.579469072458451e-06,1.9149664686132468e-05,6
995,66,0.43776223776223777,4.8563530994997974e-05,0.0001721128575475097,9
996,4,0.6666666666666666,2.0293546049545253e-07,8.905307226648895e-06,9
997,96,0.5695175438596491,1.2723985191393868e-05,0.00031107070028967053,9
998,9,0.5833333333333334,4.914105773043952e-07,2.293492540030442e-05,9
999,77,0.6729323308270677,6.604405330154364e-06,0.0003034893928356674,9
1000,16,0.5333333333333333,8.424181325218204e-07,9.804650343858708e-06,6
1001,39,0.4143049932523617,2.4043950189421326e-05,2.926614398773693e-05,1
1002,4,0.8333333333333334,0.0,8.683538252851012e-06,9
1003,95,0.5303471444568869,2.056013424218576e-05,0.00031560930023226224,9
1004,120,0.6014005602240896,1.556662616870029e-05,0.0004382429610194617,9
1005,14,0.9120879120879121,0.0,9.811940333589865e-06,6
1006,142,0.5332134651882928,3.677703745062164e-05,0.0004894466271580917,9
1007,16,0.48333333333333334,1.274921196824693e-06,1.187638045512683e-05,6
1008,8,0.32142857142857145,3.147250076778338e-06,1.007257414221237e-05,9
1009,57,0.5513784461152882,5.542001800098767e-06,1.6556089490417882e-05,6
1010,36,0.4015873015873016,1.8705530914796838e-05,1.2377939410351314e-05,6
1011,32,0.5745967741935484,3.7804775205156066e-06,1.1974540696084823e-05,6
1012,32,0.42943548387096775,3.834931666231706e-06,2.256030518634413e-05,1
1013,12,0.3787878787878788,4.657895637629366e-05,5.512605086865783e-05,6
1014,99,0.41517212945784376,8.465164188563239e-05,2.2399996308972765e-05,6
1015,36,0.7444444444444445,1.7276586060579715e-06,1.3766186899849926e-05,6
1016,9,1.0,0.0,9.059896501674533e-06,7
1017,149,0.5286595320152367,2.632962615537521e-05,0.0005263030324743204,9
1018,51,0.5952941176470589,6.3885636883390195e-06,1.6063839915255776e-05,6
1019,58,0.6660617059891107,7.364112357564435e-06,1.6818800976420583e-05,6
1020,58,0.6382335148215366,8.022994959406531e-06,2.1947496655901882e-05,6
1021,61,0.5923497267759563,6.641234256491409e-06,1.9660737205063892e-05,6
1022,4,0.8333333333333334,0.0,1.3440091172863902e-05,9
1023,9,0.4166666666666667,0.0,1.1738607024681523e-05,7
1024,85,0.6246498599439776,8.438554769625044e-06,0.0002975196445930929,9
1025,29,0.39901477832512317,2.9864653240430834e-05,2.1912869951453838e-05,1
1026,80,0.5740506329113924,1.179356118842714e-05,0.00027941375880254245,9
1027,3,1.0,0.0,8.616273674862352e-06,9
1028,67,0.6445047489823609,0.0003296004266939999,0.0002838566358298777,9
1029,79,0.42810775722168126,0.0008748675107454959,0.0002519520910533835,9
1030,11,0.6181818181818182,0.0,9.718524028190669e-06,7
1031,4,0.8333333333333334,0.0,9.281583019309666e-06,7
1032,79,0.49691658552418044,1.528541425089284e-05,2.4206104500707104e-05,6
1033,17,0.6985294117647058,2.090104881244492e-06,1.0675587925354925e-05,7
1034,3,1.0,0.0,8.995486812401433e-06,9
1035,26,0.44,3.7295927052724066e-06,1.1849932416978442e-05,6
1036,58,0.6944948578342408,5.369188026171699e-06,1.6868335675845307e-05,6
1037,37,0.493993993993994,1.2480901645228934e-05,1.2950126049388424e-05,6
1038,5,0.5,7.846051234271856e-07,1.1256870787958058e-05,9
1039,27,0.6780626780626781,6.106089290535052e-07,8.986302827202783e-05,9
1040,67,0.6404341926729986,5.534615850223352e-06,0.00021692724951913626,9
1041,48,0.4654255319148936,1.5334936642755844e-05,1.3415400897372053e-05,6
1042,15,0.6952380952380952,4.689148320775827e-07,1.0339007116128989e-05,6
1043,12,0.6363636363636364,9.332671468133892e-07,9.491195829497035e-06,7
1044,28,0.7777777777777778,4.852745519708284e-07,1.2507390530809413e-05,6
1045,12,0.5909090909090909,2.0647503248083836e-06,9.71710826949966e-06,7
1046,3,1.0,0.0,8.61158298441454e-06,9
1047,65,0.6028846153846154,4.463601301833324e-06,0.0002287666372419402,9
1048,106,0.5092542677448337,3.1282657584919524e-05,0.0003475709397541502,9
1049,82,0.5594700391448358,3.8627834811453046e-05,0.00026427932043292116,9
1050,11,0.8181818181818182,2.47770038977006e-06,9.901394435621379e-06,9
1051,46,0.45507246376811594,8.096268095388881e-06,1.9702387243586348e-05,6
1052,63,0.3271889400921659,3.411810857851161e-05,2.062967625298695e-05,6
1053,8,0.39285714285714285,2.783283437841701e-06,9.442400617653536e-06,7
1054,54,0.6023759608665269,1.568103094277293e-05,0.0001666246161418989,9
1055,14,0.7692307692307693,1.2206036600466137e-06,1.7255518975690374e-05,9
1056,65,0.5442307692307692,6.5249680814804396e-06,0.00019326977583885427,9
1057,5,0.5,9.663031520103234e-07,8.92442359980297e-06,7
1058,7,0.5238095238095238,2.2892559974882812e-06,1.2696287559013324e-05,9
1059,165,0.5186252771618626,4.6522355706706426e-05,0.0005765252397887752,9
1060,51,0.592156862745098,1.3024747255325542e-05,2.0816436486523563e-05,6
1061,10,0.8222222222222222,1.4415711358662167e-07,9.273569910651353e-06,7
1062,22,0.354978354978355,7.397705449456323e-07,1.3549652252511029e-05,6
1063,22,0.8138528138528138,1.4085439617018867e-07,7.032265022084481e-05,9
1064,27,0.42735042735042733,3.5973547417284235e-06,1.16101394457385e-05,1
1065,2,1.0,0.0,8.554340149223802e-06,6
1066,68,0.5263388937664618,2.7721774594468927e-05,1.820007700937166e-05,6
1067,76,0.5792982456140351,1.3540987932583354e-05,1.948995833291697e-05,6
1068,49,0.5527210884353742,3.552026722922748e-06,0.00015881292546381627,9
1069,21,0.8,2.5749660828016123e-07,6.550119909309692e-05,9
1070,78,0.2943722943722944,0.0005062081532908506,2.304772326017519e-05,6
1071,3,1.0,0.0,8.619228440122843e-06,9
1072,26,0.6184615384615385,3.5505480239782193e-06,1.094310924924313e-05,6
1073,10,0.35555555555555557,2.1638583403991857e-06,1.3163997962443253e-05,7
1074,63,0.4864311315924219,0.0006527902628081435,0.00027547022340645587,9
1075,80,0.5193037974683544,3.549286638235505e-05,0.00024219506603554068,9
1076,142,0.5625811607232045,5.924285570768776e-05,0.0005159699789305586,9
1077,15,0.3333333333333333,0.00013269284620534157,9.565779995580842e-05,9
1078,183,0.5005704677835825,6.291474697310952e-05,0.0006400284255137045,9
1079,123,0.608156737305078,1.500730650635324e-05,0.0004602437416441263,9
1080,60,0.392090395480226,2.1513331689561636e-05,2.7664589489685382e-05,1
1081,30,0.7494252873563219,5.447185080710147e-07,1.2891382928322654e-05,6
1082,57,0.6892230576441103,3.261015543490106e-06,1.6590180121972027e-05,6
1083,106,0.5919137466307277,1.3483232404331312e-05,0.0003655623622661515,9
1084,15,0.6952380952380952,1.690433806564591e-07,3.7672733425716665e-05,9
1085,66,0.24382284382284383,0.15003348138381783,1.61923951062005e-05,10
1086,205,0.3445241511238642,0.0008145751937023071,0.0005954576763132882,9
1087,7,0.5714285714285714,7.077356308152717e-07,9.248301082064886e-06,9
1088,14,0.43956043956043955,0.00035215962144872684,1.1282002523000854e-05,7
1089,14,0.7472527472527473,2.8906504547317363e-07,9.720716713918982e-06,6
1090,13,0.6282051282051282,0.0,9.61268182718628e-06,6
1091,20,0.6736842105263158,1.5234859903663124e-06,7.092633514496665e-05,9
1092,50,0.5224489795918368,3.341746186656568e-06,0.0001749290857179241,9
1093,9,0.5555555555555556,3.0413410047528396e-07,9.932831478600179e-06,6
1094,11,0.5272727272727272,8.67195136419521e-07,9.614113719771282e-06,1
1095,24,0.4166666666666667,5.343601131964255e-06,1.7553903433667218e-05,1
1096,1,0.0,0.0,8.47728302546371e-06,9
1097,36,0.7714285714285715,8.791167052557978e-07,1.153536188464164e-05,7
1098,23,0.383399209486166,0.0005044332176015995,1.1741495352643257e-05,7
1099,56,0.7155844155844155,3.52475900927465e-06,1.6412671353956343e-05,6
1100,64,0.6349206349206349,4.772885786091835e-06,1.7523277018427882e-05,6
1101,123,0.5656404105024657,2.2665341244449125e-05,0.0004435681738313331,9
1102,51,0.7262745098039216,4.154452037572921e-06,1.5817282591894073e-05,6
1103,8,0.7142857142857143,1.1365747808703567e-06,9.335215155289164e-06,6
1104,109,0.4196398233095481,6.0784886347481704e-05,2.4043385945270795e-05,6
1105,4,0.8333333333333334,0.0,8.683538252851012e-06,9
1106,27,0.3247863247863248,9.20301135751134e-06,1.1501097677407509e-05,6
1107,141,0.5358662613981763,3.0147211556631166e-05,0.0005006484243905831,9
1108,43,0.8062015503875969,1.2448091631719397e-06,1.4835004773149372e-05,6
1109,38,0.49786628733997157,0.0002990810410608921,1.6420515818829655e-05,6
1110,70,0.4509316770186335,3.917606565862789e-05,0.00018953211112970186,9
1111,9,0.9722222222222222,0.0,9.255985450213317e-06,7
1112,54,0.686932215234102,1.1900678103653752e-06,0.00018176815469757456,9
1113,47,0.5254394079555966,5.994687799418502e-06,1.6174393521525358e-05,1
1114,38,0.4438122332859175,5.41141407391809e-05,2.4680603281951248e-05,1
1115,36,0.7714285714285715,6.772225436748162e-07,1.3697001440230899e-05,6
1116,29,0.6748768472906403,6.305212524316971e-07,0.00010070737188454576,9
1117,122,0.5699769678905298,2.0927799462543216e-05,0.00044129866396532,9
1118,35,0.8067226890756303,6.738215301034215e-07,1.1443603304424024e-05,7
1119,1,0.0,0.0,8.47728302546371e-06,9
1120,51,0.6666666666666666,3.539324024754214e-06,1.5867552478542657e-05,6
1121,24,0.6521739130434783,3.088815503457073e-06,1.116444908814728e-05,6
1122,49,0.5357142857142857,2.0162603586037767e-05,2.0623698083651305e-05,1
1123,71,0.45593561368209257,1.2360058183408965e-05,0.0002103777603752785,9
1124,130,0.4381633870005963,3.969757547605269e-05,0.00040802217030969865,9
1125,117,0.6220159151193634,9.679531062974486e-06,0.00042815725745421076,9
1126,198,0.46500538378710965,0.000883354153091996,0.0007006895359680843,9
1127,21,0.44285714285714284,3.605296978918356e-06,1.0485714255575172e-05,6
1128,98,0.5615400799495056,0.0001456521672893086,0.0003470167608064044,9
1129,60,0.6672316384180791,8.942692114682879e-06,1.6911362878266326e-05,6
1130,66,0.6051282051282051,4.458191910210475e-06,0.0002317719772751648,9
1131,32,0.4959677419354839,3.348823048747122e-06,1.1779278596913217e-05,6
1132,142,0.557187094196384,1.8424029932637933e-05,0.000507940244770876,9
1133,6,0.6666666666666666,4.320092987291387e-07,1.7946097346375905e-05,9
1134,11,0.6363636363636364,5.533530870486467e-07,9.438962241515343e-06,6
1135,68,0.5930640913081651,1.1549615129906075e-05,0.0002416800071087269,9
1136,33,0.5492424242424242,0.0005666517018395411,1.5282503534485765e-05,7
1137,29,0.8349753694581281,3.7551524385536814e-07,1.0924604300173933e-05,7
1138,14,0.5274725274725275,0.0,9.556771553373779e-06,7
1139,24,0.6268115942028986,8.691138843324461e-07,1.0970335793848822e-05,6
1140,9,0.6944444444444444,2.1033953843636203e-07,1.2753439550348875e-05,2
1141,18,0.6928104575163399,2.950754780957008e-07,1.0268065720745077e-05,6
1142,33,0.615530303030303,2.9414952245867327e-06,1.3644331480123832e-05,1
1143,14,0.4065934065934066,7.838110325187149e-07,1.8272943684422662e-05,6
1144,21,0.7047619047619048,3.4242491418343383e-07,1.049132898982072e-05,7
1145,1,0.0,0.0,8.47728302546371e-06,9
1146,147,0.515422607399124,6.596161959663294e-05,0.0005090527691766801,9
1147,5,0.5,0.0,9.72335306481923e-06,6
1148,65,0.5735576923076923,2.6812073143792902e-05,1.804338727077771e-05,6
1149,102,0.5901766647252961,6.825745685023491e-06,0.00038125264196968466,9
1150,14,0.6263736263736264,1.4778092269202751e-06,1.3977094419103472e-05,9
1151,6,0.3333333333333333,4.5028603523132836e-07,1.4886451354916854e-05,9
1152,17,0.6544117647058824,6.242428482004012e-07,1.6377539067305482e-05,6
1153,139,0.5581274111145866,2.6503044178758488e-05,0.0004853153432281727,9
1154,9,0.5,7.846051234271856e-07,9.226257202634576e-06,1
1155,45,0.44747474747474747,2.3383137987466644e-05,3.245204221451116e-05,1
1156,99,0.5380333951762524,1.5415154588759597e-05,0.0003518147950798755,9
1157,5,0.8,0.0,9.918819056585824e-06,9
1158,66,0.5412587412587413,2.1839950405583957e-05,1.825239913840911e-05,6
1159,61,0.3819672131147541,1.7668835813200485e-05,2.234095492806454e-05,6
1160,88,0.5613897596656218,3.545140512531343e-05,0.00027783343313076255,9
1161,19,0.4327485380116959,2.124734075941556e-06,1.7893921153590545e-05,9
1162,8,0.6785714285714286,9.91080155908024e-08,1.2388413164982415e-05,1
1163,100,0.656969696969697,4.329533805624251e-06,0.0003675867882339769,9
1164,27,0.7749287749287749,1.9566233412780696e-07,0.00010180461518264612,9
1165,26,0.24615384615384617,0.0030603010977561214,4.9152392211517604e-05,7
1166,57,0.5131578947368421,1.7377655510846077e-05,1.675420702608357e-05,6
1167,28,0.6031746031746031,1.8434119256082945e-06,1.183626093952602e-05,6
1168,6,0.5333333333333333,0.0,8.940275188279329e-06,6
1169,19,0.6198830409356725,4.011480053398443e-06,1.0381912063520672e-05,6
1170,36,0.32857142857142857,1.4317473786008607e-05,1.3052723742706243e-05,6
1171,24,0.18478260869565216,0.0024858859417777293,5.934443857347743e-05,9
1172,113,0.6098293299620733,1.4939224555593096e-05,0.00042266498522555896,9
1173,115,0.44912280701754387,0.0012098335674894252,0.00038104372629655064,9
1174,18,0.7189542483660131,6.6759572939592e-07,9.946525313358594e-06,7
1175,132,0.4511913023363405,7.766263068821974e-05,0.0004312767887856511,9
1176,2,1.0,0.0,8.646519484386744e-06,6
1177,15,0.4380952380952381,0.0,9.818926735523231e-06,7
1178,13,0.46153846153846156,0.0003128577934280403,1.0987879306083236e-05,7
1179,45,0.602020202020202,4.2398753515639434e-05,2.0807853771575894e-05,1
1180,45,0.6676767676767676,2.314193898255754e-06,0.00016733767485432226,9
1181,89,0.693564862104188,9.643766937763636e-06,0.0003462948359917914,9
1182,66,0.6461538461538462,0.00020670121185494426,0.00026180864396129643,9
1183,34,0.48128342245989303,3.7361125667748456e-06,1.558543920081317e-05,6
1184,158,0.5323712005160042,3.8554430493053494e-05,0.0005558612544482324,9
1185,156,0.5531017369727047,2.532619816990239e-05,0.0005678315479148842,9
1186,17,0.9485294117647058,0.0,9.888369020059316e-06,7
1187,20,0.6,2.378612318240264e-05,1.4910867934044787e-05,7
1188,32,0.6471774193548387,1.9960340298027332e-06,1.224495163371828e-05,6
1189,38,0.4267425320056899,2.5165629198171565e-05,1.3174989633777051e-05,6
1190,39,0.7611336032388664,9.641373068230389e-07,1.4293445783380238e-05,6
1191,110,0.5347789824854045,2.8014068046443852e-05,0.0003875565941436209,9
1192,97,0.47100515463917525,5.848382112520211e-05,2.6846908328794955e-05,6
1193,9,0.3055555555555556,0.0006332704848785209,9.318706719670606e-06,0
1194,4,0.6666666666666666,0.0,8.717082193405395e-06,9
1195,49,0.66921768707483,4.57261090930274e-06,0.00017009155230926208,9
1196,26,0.6061538461538462,8.465907027099177e-05,0.00010268976129875192,9
1197,15,0.4095238095238095,0.00010800514727831063,3.9832140721600646e-05,7
1198,83,0.725242433147223,4.539494926411621e-06,0.0003319483632695512,9
1199,217,0.4479006656426011,5.744898524341418e-05,0.000721534361346286,9
1200,4,0.6666666666666666,0.0,8.828859504692466e-06,9
1201,58,0.6460980036297641,3.789758696756906e-06,0.00020078150476615878,9
1202,9,0.3055555555555556,0.0,9.798784535911972e-06,9
1203,8,0.7142857142857143,0.0,9.342544698767529e-06,7
1204,107,0.43290424969141245,5.151574088643443e-05,2.396351536778806e-05,6
1205,102,0.5589205979421471,2.0732912003361642e-05,0.00033491519904703144,9
1206,1,0.0,0.0,8.47728302546371e-06,9
1207,72,0.6815336463223787,3.99242456102494e-06,0.0002507750445116373,9
1208,3,1.0,0.0,8.611881804465709e-06,9
1209,76,0.6210526315789474,7.5789357150673066e-06,0.000256950762139006,9
1210,40,0.4576923076923077,9.376223548468023e-05,1.815430549468422e-05,1
1211,173,0.5084016668907111,5.535137624873518e-05,0.0006089015378713345,9
1212,26,0.5046153846153846,2.3543750461937763e-06,1.3209001558501836e-05,1
1213,20,0.6,7.039815393156202e-07,1.0403820086415814e-05,6
1214,114,0.4680950163018165,3.1693285721787514e-05,0.0003686569274576351,9
1215,43,0.5459579180509413,8.826872870513107e-06,1.4514864755870934e-05,6
1216,36,0.7666666666666667,2.4358456292176462e-06,1.1699079321063604e-05,7
1217,47,0.3561517113783534,0.00020180292343092946,4.017741462082111e-05,6
1218,11,0.7636363636363637,0.0,9.312828246377244e-06,7
1219,54,0.6484975541579315,4.9530330804269245e-06,0.00020238674096277265,9
1220,9,0.5277777777777778,7.212471727920227e-07,2.8577958924511283e-05,9
1221,71,0.372635814889336,6.468884894066869e-05,1.8417431133704526e-05,6
1222,142,0.4683847767455799,5.946532223031471e-05,0.0004680268895844783,9
1223,22,0.341991341991342,5.0145793842729386e-06,1.79497186582442e-05,1
1224,2,1.0,0.0,8.544215912440746e-06,9
1225,30,0.6229885057471264,2.2210786003824393e-06,1.2086414152614734e-05,6
1226,35,0.42857142857142855,0.0002101860901388957,1.700587326835278e-05,6
1227,84,0.5206540447504303,3.303200610884396e-05,2.0295723821849125e-05,6
1228,23,0.5375494071146245,2.6830083894586156e-06,1.0839803826154202e-05,6
1229,47,0.61054579093432,7.4155664366264685e-06,1.5007802644791747e-05,6
1230,125,0.5563870967741935,1.1963405361443738e-05,0.00045479566156447966,9
1231,74,0.537578674564976,1.4987175144892076e-05,1.896289665496488e-05,6
1232,29,0.8448275862068966,8.490640921594369e-07,1.0965790564668248e-05,7
1233,2,1.0,0.0,8.627161946930903e-06,1
1234,15,0.6857142857142857,0.0,1.0053485226535347e-05,1
1235,107,0.44507141597601835,5.210547206660687e-05,2.8085340230067582e-05,6
1236,43,0.43410852713178294,6.22780080959676e-06,1.3035825727628339e-05,6
1237,60,0.3751412429378531,0.00015138628777390333,5.227975127092134e-05,1
1238,152,0.4648832345765075,9.654324082741835e-05,0.00048046660678253066,9
1239,9,0.6944444444444444,0.0,3.3249941542924714e-05,9
1240,7,0.2857142857142857,7.59828119529485e-07,8.908240103718202e-06,7
1241,20,0.5526315789473685,2.4874729113302704e-06,1.106827122940864e-05,6
1242,93,0.6355773726040206,1.1460327472393266e-05,0.00033052105772899825,9
1243,112,0.5535714285714286,3.337824464121329e-05,0.0003945091328449538,9
1244,12,0.4393939393939394,9.046035540689904e-07,9.769754493262591e-06,6
1245,40,0.7551282051282051,4.160740891061995e-06,2.0892084890402297e-05,6
1246,35,0.2823529411764706,1.0887349544157888e-05,1.30063964152234e-05,6
1247,24,0.4855072463768116,9.890834742752423e-07,1.621114433497102e-05,6
1248,8,0.6071428571428571,0.0,9.503993046351637e-06,6
1249,15,0.8,3.303169377532389e-07,9.986225375901083e-06,6
1250,137,0.5355302705023616,3.586612953758041e-05,0.0004756168038026426,9
1251,12,0.8181818181818182,0.0,9.50477110412742e-06,7
1252,3,1.0,0.0,8.622613945156839e-06,7
1253,3,1.0,0.0,8.619228440122843e-06,9
1254,6,0.6,0.0,9.099890910683716e-06,7
1255,124,0.5507474429583006,4.524048105587745e-05,0.00044343250372443955,9
1256,135,0.5213930348258706,3.608706032037909e-05,0.000451260523813424,9
1257,55,0.6787878787878788,2.1236345958556317e-06,1.6229994403585025e-05,6
1258,42,0.445993031358885,2.239517787642394e-06,2.270425031137623e-05,6
1259,47,0.4727104532839963,1.5288954908998747e-05,1.34459830945347e-05,6
1260,38,0.6088193456614509,2.1141905314727834e-06,1.3036834465921238e-05,6
1261,68,0.5517998244073749,2.9272914798748987e-05,1.7971367955137897e-05,6
1262,2,1.0,0.0,1.3369913662931504e-05,9
1263,6,0.4666666666666667,0.0,1.260316004902443e-05,1
1264,5,0.7,0.0,8.799486647956702e-06,6
1265,31,0.5741935483870968,3.7073250208823747e-06,8.694511795798113e-05,9
1266,13,0.7564102564102564,1.7161437380006258e-06,1.5909826280130204e-05,9
1267,120,0.623109243697479,6.847259030870451e-06,0.00046310855848084485,9
1268,11,0.23636363636363636,2.4480895428751674e-06,9.696770920378336e-06,6
1269,126,0.558984126984127,2.1462465322989357e-05,0.0004556597399946977,9
1270,2,1.0,0.0,8.569373249112917e-06,9
1271,96,0.656578947368421,6.529377050839133e-06,0.0003404614613080804,9
1272,84,0.5516351118760757,1.9744377827504542e-05,0.0002944375479041257,9
1273,64,0.4305555555555556,3.307824323548033e-05,2.1782947319107757e-05,6
1274,25,0.4866666666666667,0.00023096868364834178,1.5790738917997942e-05,7
1275,57,0.43295739348370926,1.6763008962286776e-05,1.5268711264253773e-05,6
1276,2,1.0,0.0,1.2121775908563331e-05,9
1277,124,0.3952268554943614,7.595724050280846e-05,2.5823658628691106e-05,6
1278,36,0.6793650793650794,3.417245565947534e-06,0.00011079467866647505,9
1279,44,0.7484143763213531,6.188114089174874e-07,1.468636448200919e-05,6
1280,76,0.5743859649122807,1.4219845374437259e-05,0.00024290641196948333,9
1281,41,0.6743902439024391,5.447622197841964e-06,1.4670545197257805e-05,6
1282,68,0.5864793678665496,1.5416757290916736e-05,1.818286626839453e-05,6
1283,32,0.24798387096774194,4.3454191878392116e-05,3.744930745314563e-05,9
1284,60,0.5751412429378531,1.760300619712951e-05,1.7206869494732488e-05,6
1285,55,0.7784511784511785,2.445240598443346e-06,0.00018520472540022455,9
1286,23,0.6126482213438735,2.922354749017928e-07,1.1929246838239234e-05,6
1287,66,0.7249417249417249,1.4984481571235967e-06,0.00027590003561239203,9
1288,92,0.6619684663162924,9.513456560564386e-06,0.0003253587969891872,9
1289,85,0.6647058823529411,0.000606841520540285,0.0003787032611823732,9
1290,87,0.5479818230419674,2.3203870787827253e-05,0.00029065316550886755,9
1291,113,0.6123577749683944,1.1386235108511882e-05,0.00043529408282609025,9
1292,55,0.7111111111111111,1.7923150704828418e-06,1.640342192944873e-05,6
1293,48,0.7012411347517731,7.462415690766989e-07,0.00019675892322690522,9
1294,22,0.5844155844155844,2.9624265044577e-06,1.5600813154327967e-05,1
1295,5,0.6,0.0,8.789594794297392e-06,1
1296,25,0.5166666666666667,3.0921184179582986e-06,1.1545809612308032e-05,6
1297,6,0.8666666666666667,0.0,9.255664955732386e-06,0
1298,71,0.6285714285714286,4.9003269237048795e-06,2.3014901883662086e-05,6
1299,31,0.6236559139784946,4.769754109107725e-06,1.2108111601594887e-05,6
1300,31,0.6408602150537634,4.330979834691822e-05,1.7491604705686426e-05,1
1301,6,0.5333333333333333,4.95540077954012e-07,1.0174778673420717e-05,9
1302,107,0.6600246870040557,1.084180998170057e-05,0.000424555410386854,9
1303,48,0.5948581560283688,4.657931383741524e-06,1.5641705812114143e-05,6
1304,38,0.40256045519203415,3.307772322052525e-06,1.237416433149504e-05,6
1305,104,0.49869305451829726,5.3322218639708825e-05,0.0003492416321416076,9
1306,26,0.5323076923076923,2.350506333973267e-06,1.15291210402411e-05,6
1307,31,0.567741935483871,0.00015546862958562,1.1867870659376587e-05,7
1308,20,0.5736842105263158,4.140996695381267e-07,1.0423502402150318e-05,6
1309,43,0.6921373200442967,3.1683919018833306e-06,1.4829901331170097e-05,6
1310,27,0.7207977207977208,6.758269998264297e-07,1.1742075508157539e-05,6
1311,24,0.5507246376811594,8.817508672837262e-06,1.1180632439954932e-05,6
1312,80,0.5588607594936709,0.0002382209234267624,0.00030157469782636037,9
1313,34,0.6149732620320856,3.7024995251921515e-05,1.8388904338296144e-05,1
1314,26,0.7630769230769231,4.994937642948302e-06,1.1022813867371312e-05,7
1315,44,0.7272727272727273,1.177251685220105e-06,1.4755591327724254e-05,6
1316,32,0.7983870967741935,5.39345750968096e-07,1.3170534642719925e-05,6
1317,21,0.29523809523809524,0.000685940800237598,1.4215165582272752e-05,7
1318,41,0.5804878048780487,4.064484033685131e-06,1.9755494895782713e-05,1
1319,27,0.9202279202279202,2.356624768674907e-07,1.0786195653345608e-05,7
1320,64,0.47966269841269843,7.948353163927008e-05,2.341910009414685e-05,1
1321,25,0.47333333333333333,7.1326046705316245e-06,3.951976715606722e-05,9
1322,90,0.5273408239700375,2.5746203892736723e-05,2.0767138393491155e-05,6
1323,77,0.6151742993848257,9.61309710882722e-06,0.00026653630044876753,9
1324,40,0.6833333333333333,1.2878398860548372e-05,1.4541693987458546e-05,6
1325,18,0.6601307189542484,0.0,1.0553888826055264e-05,7
1326,2,1.0,0.0,8.552435976920193e-06,9
1327,49,0.3333333333333333,0.000328893100282972,0.00012665497616737946,9
1328,20,0.6368421052631579,0.00022848702340947378,1.0205820030282218e-05,7
1329,136,0.4950980392156863,9.703729361472509e-05,0.00044981948679279743,9
1330,122,0.5523641782956239,2.1219406669821073e-05,0.0004323699170676073,9
1331,146,0.5109116674539442,4.2529299163740234e-05,0.000507314670088811,9
1332,42,0.5354239256678281,1.4748932386126569e-05,1.544387520116707e-05,1
1333,33,0.8428030303030303,5.019719664877185e-07,1.128842742807975e-05,7
1334,100,0.4448484848484848,0.0005093532895896459,0.00032505764844372755,9
1335,128,0.6114665354330708,1.614059416084356e-05,0.0004889253441521718,9
1336,55,0.7427609427609427,1.352234835854281e-06,0.00020334151051806934,9
1337,36,0.24126984126984127,1.799050029763994e-05,3.357500337455579e-05,9
1338,68,0.35645302897278314,0.0003713862552882787,2.128213672829478e-05,6
1339,100,0.6129292929292929,1.2017765845130377e-05,0.0003666454943133467,9
1340,63,0.6943164362519201,3.7584613788705283e-06,0.0002181061965785369,9
1341,123,0.5716380114620818,1.1473669648535779e-05,0.0004577080849236717,9
1342,10,0.6222222222222222,1.8169802858313775e-06,1.2140348272900266e-05,1
1343,37,0.32882882882882886,2.984103568423015e-05,2.380848316695627e-05,6
1344,91,0.6244200244200244,1.565740058200807e-05,0.00031238650761045004,9
1345,97,0.5042955326460481,2.770020628932366e-05,2.1757614064469217e-05,6
1346,5,1.0,0.0,1.2634068068204383e-05,9
1347,74,0.5435024065161052,1.0130148093399371e-05,1.9135505489908715e-05,6
1348,37,0.5690690690690691,7.805859346588157e-06,1.229948398974582e-05,6
1349,42,0.5423925667828107,1.434113108727438e-05,1.5421044426408285e-05,1
1350,33,0.5776515151515151,2.616446842911574e-06,1.651059206926956e-05,6
1351,67,0.7476255088195387,1.3345335206219847e-06,0.000274677352764734,9
1352,234,0.41157697810058325,0.0011549788998320661,0.0007770016110382866,9
1353,3,0.6666666666666666,0.0,8.687096087222309e-06,7
1354,5,0.6,0.0,8.888179156493337e-06,6
1355,37,0.6276276276276276,2.079253162524406e-06,1.2934575873054456e-05,6
1356,20,0.5526315789473685,1.7583504524324228e-06,1.0915288434253901e-05,1
1357,31,0.3655913978494624,1.0918514645664988e-05,1.812631215291502e-05,1
1358,77,0.42515379357484623,0.00015074473207911436,3.0238800163473496e-05,1
1359,84,0.5476190476190477,2.1221988161533745e-05,0.0002585309324777419,9
1360,37,0.43243243243243246,0.00024489827249900926,1.2857055645533441e-05,7
1361,137,0.452769428939459,0.0022150208946003047,0.000559616129132941,9
1362,3,1.0,0.0,8.69388215412119e-06,6
1363,21,0.8714285714285714,2.054262704110944e-07,1.026452132777e-05,7
1364,12,0.7424242424242424,2.47770038977006e-07,1.277479390506013e-05,6
1365,42,0.6492450638792102,9.838645217413605e-07,0.0001612648517070372,9
1366,66,0.35291375291375293,1.3652720032274685e-05,2.3144154792587006e-05,6
1367,166,0.5036874771814531,4.320833372571065e-05,0.000570094141644363,9
1368,10,0.8444444444444444,0.0,9.325703523221175e-06,7
1369,53,0.2895500725689405,0.00037579445555106257,0.00014291599024906777,9
1370,112,0.6283783783783784,1.3645217839210926e-05,0.0003981135417458064,9
1371,37,0.581081081081081,2.5646739863582182e-05,1.5554156113424654e-05,7
1372,7,1.0,0.0,9.049972490812753e-06,1
1373,73,0.4520547945205479,2.082077144981308e-05,1.8936397367703734e-05,6
1374,42,0.6178861788617886,9.740863968823855e-05,1.9722062415651767e-05,1
1375,74,0.6508700481303221,3.824962391769938e-06,0.0002573603461147276,9
1376,182,0.48454860057070004,0.0009676096379380349,0.0006464914112060196,9
1377,190,0.4536897800055695,9.893777310843337e-05,0.0006243646721194155,9
1378,32,0.8548387096774194,3.9817499932694307e-07,1.1206699787867934e-05,7
1379,51,0.7803921568627451,1.359261005008844e-06,1.5949684404974696e-05,6
1380,85,0.6700280112044817,5.29531284275596e-06,0.0003169840539354264,9
1381,27,0.8319088319088319,2.4672327477911837e-07,1.2606070272374688e-05,6
1382,41,0.8402439024390244,9.577668697184874e-07,1.452669122275518e-05,6
1383,4,1.0,0.0,9.58760400500444e-06,9
1384,12,0.3939393939393939,9.66961803499649e-06,1.175741326244011e-05,7
1385,15,0.38095238095238093,1.4644759291313485e-06,1.2410080028441952e-05,6
1386,1,0.0,0.0,8.47728302546371e-06,9
1387,9,0.5,2.65467898903935e-07,9.685332037184746e-06,0
1388,84,0.580895008605852,1.0698958847337583e-05,0.00028081158118986984,9
1389,46,0.7478260869565218,1.3417440778184906e-06,0.00016697773021338638,9
1390,193,0.47544257340241797,5.583068124506332e-05,0.0006554219343179535,9
1391,175,0.4729720853858785,5.326471741284592e-05,0.0005974919648534254,9
1392,37,0.6876876876876877,6.000745891129966e-06,1.417359948624451e-05,6
1393,53,0.5014513788098693,8.316340048005895e-06,0.00016069031837980498,9
1394,2,1.0,0.0,8.546321571472612e-06,7
1395,2,1.0,0.0,9.25521036998616e-06,9
1396,54,0.740041928721174,3.7830990481125607e-06,1.609816552882211e-05,6
1397,16,0.625,9.327664179207403e-06,1.4549835301720161e-05,1
1398,44,0.587737843551797,2.037171942432921e-06,0.00014567440231836034,9
1399,178,0.5084110962991176,4.965082819121852e-05,0.0006265114403044436,9
1400,22,0.6623376623376623,4.3292493096801274e-07,1.2302739783619846e-05,1
1401,12,0.7878787878787878,5.188146812761935e-07,5.1363667393451534e-05,9
1402,74,0.6253239540910773,3.097727039550248e-06,0.0002719570031669296,9
1403,9,1.0,0.0,9.059896501674533e-06,7
1404,50,0.6971428571428572,3.439753165184589e-06,1.8618390385761126e-05,6
1405,50,0.28816326530612246,0.0038092631272749716,7.895965484962551e-05,9
1406,31,0.7483870967741936,3.007184047610237e-06,1.2880166191225553e-05,6
1407,37,0.551051051051051,2.570967189919346e-06,0.00010804827723588024,9
1408,34,0.3850267379679144,7.901021127093024e-05,1.844374131100876e-05,1
1409,106,0.465947888589398,2.6479906812754513e-05,0.00033454957826654886,9
1410,21,0.6904761904761905,2.442053374649154e-05,1.0325777478107377e-05,7
1411,10,0.6666666666666666,0.0,2.827086910590686e-05,9
1412,22,0.42424242424242425,5.712333869927082e-06,1.1123189031144609e-05,6
1413,60,0.6135593220338983,6.074713477000503e-06,1.6979765076936898e-05,6
1414,8,0.9642857142857143,0.0,9.605210705883704e-06,6
1415,30,0.5632183908045977,5.9690463528591815e-06,1.1486698275109412e-05,6
1416,111,0.604095004095004,2.304153302031709e-05,0.00040127220422341757,9
1417,5,0.7,4.95540077954012e-07,1.4358892369915018e-05,6
1418,21,0.4523809523809524,2.5070737492859237e-06,1.827857714108261e-05,6
1419,24,0.23550724637681159,0.0015643097565837822,1.7658335143477385e-05,9
1420,148,0.4974259974259974,0.006191514139718528,0.0005077220627423315,9
1421,24,0.6014492753623188,3.287426794541729e-05,1.1264861290833929e-05,7
1422,14,0.4835164835164835,2.1849843964575816e-06,2.356942069163522e-05,1
1423,61,0.5841530054644809,9.823726520149938e-06,2.1859844203323524e-05,6
1424,19,0.6374269005847953,2.0057574583852865e-06,1.2842504724083571e-05,7
1425,34,0.3689839572192513,0.00012113431623323335,1.6811543106277228e-05,1
1426,64,0.625,4.29925569502942e-06,1.770266320017261e-05,6
1427,66,0.3361305361305361,5.161430798779696e-05,2.9703863382549875e-05,1
1428,29,0.49261083743842365,9.47127774908375e-06,1.1446684445331742e-05,6
1429,38,0.4182076813655761,1.5215836817257177e-05,1.9173636934628355e-05,6
1430,2,1.0,0.0,8.615316739399496e-06,1
1431,220,0.43341635533416356,0.0002218405053491202,0.0007219570704470187,9
1432,55,0.6202020202020202,3.31010120643284e-06,1.6286794542833944e-05,6
1433,23,0.6877470355731226,1.0248398813516157e-06,1.0765027293652636e-05,7
1434,15,0.5714285714285714,1.998683814914881e-06,2.022259828784607e-05,9
1435,56,0.32142857142857145,0.00010675187121888436,0.00010600774096114867,6
1436,30,0.3080459770114943,9.58231152306405e-06,2.4934211138465526e-05,6
1437,56,0.5025974025974026,3.1059149032768394e-05,0.00017388205608716444,9
1438,34,0.8163992869875223,8.937977630057569e-07,1.343306935120967e-05,6
1439,21,0.9428571428571428,8.543794447482966e-09,0.00010216700337574536,9
1440,28,0.36507936507936506,0.00015524322383807604,6.904543831375485e-05,9
1441,16,0.6166666666666667,5.007609914734917e-06,1.922681083215398e-05,9
1442,5,0.8,0.0,1.5616574661377536e-05,9
1443,9,0.8333333333333334,0.0,9.328777170853948e-06,1
1444,32,0.4959677419354839,1.370607298056049e-05,2.2222231321744063e-05,6
1445,9,0.5277777777777778,8.251135583710453e-07,1.0407853386371262e-05,7
1446,36,0.5682539682539682,5.782623194755377e-05,1.745165826865822e-05,1
1447,142,0.496753571071821,5.128216338899948e-05,0.00046614706755736967,9
1448,52,0.6380090497737556,1.0254647917562115e-05,1.6339571385305234e-05,6
1449,90,0.5710362047440699,9.866026802569741e-06,0.0003098746815940252,9
1450,23,0.3201581027667984,0.0004074655324549617,1.3910861642612297e-05,2
1451,31,0.7591397849462366,2.0313591460856397e-06,1.991284973511691e-05,6
1452,34,0.7878787878787878,9.737313045124566e-07,1.137067990489588e-05,7
1453,28,0.3888888888888889,5.702023572816434e-06,2.098408206687818e-05,1
1454,52,0.669683257918552,5.633519763978517e-06,1.601386699798171e-05,6
1455,5,1.0,0.0,9.279567320035175e-06,1
1456,132,0.5604904001850567,1.5259757488583205e-05,0.0004568559121714359,9
1457,62,0.7371760973030143,3.863792884852476e-06,0.00023488144430350896,9
1458,33,0.4166666666666667,0.0001481970609543825,0.00010555660720936163,9
1459,102,0.45680450397980976,3.105959864385902e-05,2.2536553590505348e-05,6
1460,46,0.4579710144927536,4.3158874859644394e-05,0.00012738000631027407,9
1461,8,0.6428571428571429,3.930052506353225e-07,1.175800833669752e-05,9
1462,84,0.595811818703385,4.180796657671005e-06,1.9997211841708267e-05,6
1463,10,0.7333333333333333,3.6228553345326924e-07,4.297509770798238e-05,9
1464,26,0.5969230769230769,1.6055297930897246e-06,1.3085320672068161e-05,1
1465,108,0.553478712357217,0.023140948185415778,0.006177710309170729,4
1466,1,0.0,0.0,8.47728302546371e-06,9
1467,124,0.535929714135851,5.819757677996649e-05,0.00043197042786814857,9
1468,31,0.8602150537634409,4.915673216354711e-07,1.1116294396249888e-05,7
1469,57,0.36779448621553884,2.112865870754535e-05,1.4479325238127967e-05,6
1470,71,0.5653923541247485,1.3462817840782094e-05,0.00021714169386180649,9
1471,169,0.4845731191885038,4.3250514152498254e-05,0.0005792668464800032,9
1472,90,0.3041198501872659,7.313780918228575e-05,1.9198613111471293e-05,6
1473,54,0.2578616352201258,4.499989493147167e-05,3.064623004590592e-05,6
1474,4,0.8333333333333334,0.0,8.698394384986446e-06,6
1475,72,0.5140845070422535,5.385237712931485e-05,1.9339412238996488e-05,6
1476,5,0.7,1.6988157867232959e-06,8.982924409653967e-06,9
1477,9,0.3888888888888889,9.501179296839866e-07,1.0673976803809394e-05,9
1478,17,0.6985294117647058,9.769218679664808e-07,1.0159774462585415e-05,1
1479,84,0.551061388410786,1.353328099369755e-05,2.049096699156284e-05,6
1480,93,0.44413277232351567,7.987826997190473e-05,0.00028138533388758977,9
1481,17,0.5588235294117647,6.078930814528837e-07,1.0665428779457083e-05,6
1482,49,0.4651360544217687,1.266584173844891e-05,1.4105595969951613e-05,6
1483,96,0.5396929824561404,0.0007759027411173869,0.00034801453430881584,9
1484,22,0.5844155844155844,1.9359485566507254e-06,7.57077602063514e-05,9
1485,47,0.5661424606845513,0.00013898233464438518,0.0001768338853997052,9
1486,5,1.0,0.0,9.119438726456056e-06,0
1487,63,0.2805939580133128,7.303485611993911e-05,5.586160184958148e-05,1
1488,135,0.5253731343283582,3.217938720935654e-05,0.0004607360918926878,9
1489,22,0.7835497835497836,1.4476030816349955e-07,1.1505434713675885e-05,6
1490,9,0.9444444444444444,0.0,1.0115341813067082e-05,1
1491,125,0.6193548387096774,1.142726707363696e-05,0.0004726583265229315,9
1492,13,0.5,3.663653625391287e-06,1.368199214323646e-05,6
1493,26,0.9261538461538461,2.1619483094786878e-07,1.0668350590106002e-05,7
1494,26,0.6184615384615385,0.00010021015665721517,1.0710917410087762e-05,7
1495,67,0.5291723202170964,1.8138154059145e-05,1.7939777110258568e-05,6
1496,48,0.4450354609929078,9.40685613000338e-06,1.4236920347361194e-05,6
1497,29,0.4088669950738916,7.720986357454891e-06,4.930631832084553e-05,1
1498,6,0.6666666666666666,3.0558304807164073e-07,1.823129564812495e-05,9
1499,12,0.6666666666666666,0.0,9.360874603219685e-06,7
1500,29,0.5344827586206896,3.2614648840134336e-06,1.1805797972906803e-05,6
1501,18,0.4444444444444444,0.0,4.244750368017535e-05,9
1502,70,0.43933747412008284,1.763248148095723e-05,1.8359399623496585e-05,6
1503,28,0.6296296296296297,1.429067396842823e-06,1.2267357348169718e-05,6
1504,58,0.4337568058076225,1.8025309250074754e-05,1.5159332331716032e-05,6
1505,59,0.12039742840444184,0.004064922708699868,1.6687575254372116e-05,2
1506,8,0.9285714285714286,1.66087608545026e-08,9.921586771013761e-06,1
1507,37,0.527027027027027,8.526061903354414e-06,1.252678595744366e-05,6
1508,33,0.8390151515151515,1.275008696808771e-06,1.5883866197942055e-05,6
1509,131,0.5201409277745156,0.0005514152639756173,0.00048753851599928137,9
1510,4,0.8333333333333334,0.0,8.833355831718615e-06,6
1511,30,0.5655172413793104,0.00014068184983357114,1.2076516116090203e-05,7
1512,34,0.5668449197860963,3.9472850894064603e-05,1.7999993810079557e-05,1
1513,52,0.44720965309200605,0.00031830249247616604,0.00016458836670102682,9
1514,35,0.6201680672268908,1.1254247731665085e-05,1.4423947568886573e-05,1
1515,69,0.4880647911338448,2.563070298638796e-05,1.860305013463507e-05,6
1516,159,0.5816415890454582,2.0221100983715325e-05,0.0005972055351961978,9
1517,36,0.6730158730158731,5.484667781420626e-07,0.0001253301625284158,9
1518,14,0.3626373626373626,0.0006599980292443004,1.8016707117819483e-05,9
1519,33,0.4090909090909091,1.499915685995549e-05,6.948978481571748e-05,9
1520,117,0.54096669613911,3.0288478664147905e-05,0.00041428888263126464,9
1521,6,1.0,0.0,1.1752539563610747e-05,9
1522,156,0.49421009098428453,0.0005646561797725031,0.0005740850610700441,9
1523,69,0.4416027280477408,0.00016670464489541975,0.00022378676230472205,9
1524,41,0.6902439024390243,4.3067281280272514e-07,0.00015471185142145282,9
1525,57,0.41102756892230574,1.5454047080973904e-05,1.947067697271628e-05,6
1526,22,0.4935064935064935,1.2824962982466549e-06,1.3408908050307243e-05,1
1527,12,0.3787878787878788,5.312522140914121e-06,2.0487441455698357e-05,9
1528,70,0.5151138716356107,5.847740304426291e-05,0.00021364710005471015,9
1529,42,0.281068524970964,3.995881196255043e-05,1.7980016924850282e-05,6
1530,105,0.6615384615384615,1.133742286856436e-05,0.00041802991028062376,9
1531,22,0.22943722943722944,8.980847088612148e-06,1.4811426522258614e-05,6
1532,39,0.728744939271255,2.147586009511255e-06,0.00014195976811196128,9
1533,35,0.7478991596638656,8.201347038942935e-06,1.1654180283981734e-05,7
1534,33,0.23484848484848486,0.006336645478021168,6.039154386153755e-05,2
1535,64,0.6031746031746031,1.4949202950868022e-05,0.00020715458725451867,9
1536,82,0.26287262872628725,0.0007759070352613396,2.4533722212804982e-05,6
1537,19,0.26900584795321636,0.00034096966195397416,2.4267235339196525e-05,9
1538,72,0.5582942097026604,7.005210851337973e-06,0.00025534637205699355,9
1539,79,0.6277182732878935,4.741347205401276e-06,0.0003015825996513914,9
1540,69,0.3337595907928389,0.0005414930744148429,0.00019179965646560102,9
1541,33,0.5776515151515151,3.882631997473969e-06,1.2016172213723288e-05,6
1542,55,0.7185185185185186,2.925366008289554e-06,0.0001979685511688059,9
1543,33,0.5246212121212122,4.633489210042658e-06,1.475856543358479e-05,1
1544,15,0.580952380952381,8.455741567879499e-06,2.3231229672118507e-05,9
1545,43,0.29346622369878184,0.0002611584451938126,1.8753188124380848e-05,1
1546,3,1.0,0.0,8.624687571890681e-06,7
1547,122,0.6176669827936594,1.0109621912965021e-05,0.0004570537974935997,9
1548,38,0.6984352773826458,7.312980841081945e-06,1.188503761845449e-05,7
1549,49,0.30357142857142855,0.00023887952255300074,1.8580029187839122e-05,1
1550,38,0.7823613086770982,8.375568739956315e-07,1.3963060446403025e-05,6
1551,171,0.4875128998968008,6.334223575074075e-05,0.0005846331546814313,9
1552,7,0.42857142857142855,9.468355060907015e-07,9.427014638379233e-06,9
1553,37,0.33933933933933935,0.0012916433924346662,5.8645015453027216e-05,7
1554,160,0.5078616352201258,3.447889013526673e-05,0.0005601919561310255,9
1555,35,0.453781512605042,0.00021465369448889722,1.2514219570977091e-05,7
1556,25,0.79,5.125172077764945e-07,9.377303615680932e-05,9
1557,151,0.5047240618101545,3.9782602217756815e-05,0.0005094972385174673,9
1558,2,1.0,0.0,8.705120328132734e-06,9
1559,186,0.48497529787852367,5.134504099111573e-05,0.0006406716200287731,9
1560,1,0.0,0.0,8.47728302546371e-06,9
1561,25,0.31333333333333335,1.04884613322565e-05,3.182198725004844e-05,9
1562,10,0.5111111111111111,0.0,2.086443685070063e-05,7
1563,112,0.5553410553410554,1.2894266584060434e-05,0.00040289007071987824,9
1564,16,0.6166666666666667,2.5833388744201466e-06,1.9409950169679038e-05,9
1565,44,0.53276955602537,5.768972467057378e-06,1.9627847719891276e-05,1
1566,20,0.46842105263157896,3.779052770311561e-06,1.4663447458009139e-05,1
1567,33,0.5378787878787878,0.00013553546662453263,1.2083562790996839e-05,7
1568,29,0.9236453201970444,1.689748887370336e-07,1.0969482985580864e-05,7
1569,48,0.32269503546099293,1.2544397136015399e-05,2.0049779145923257e-05,6
1570,124,0.4961972200367165,3.1362877889981185e-05,0.00040672418116702964,9
1571,60,0.5101694915254237,9.269968010019172e-06,0.0001888819209081027,9
1572,43,0.7397563676633444,1.7644393411656721e-06,0.0001375676233166494,9
1573,89,0.4931052093973442,4.406538899693318e-05,2.1094871038358464e-05,6
1574,67,0.3835368611488014,0.00022777057110214807,2.7619162183009743e-05,1
1575,20,0.4368421052631579,3.0786108029813263e-06,1.792545682563716e-05,6
1576,66,0.6573426573426573,9.615668305366536e-06,1.771458172257488e-05,6
1577,170,0.48771319178559,0.041319808595679394,0.007203414827803282,4
1578,36,0.6793650793650794,3.1105778687367604e-06,1.3802773954115297e-05,6
1579,5,0.9,0.0,9.223450397957618e-06,7
1580,83,0.6018219218336762,1.0696304588061918e-05,0.0002952414695895064,9
1581,1,0.0,0.0,8.47728302546371e-06,9
1582,41,0.8,2.8899426354787666e-06,1.4356022820152004e-05,6
1583,97,0.485180412371134,2.7796477521882357e-05,2.174479473017595e-05,6
1584,211,0.415572105619499,0.00026588108889044355,0.0006773087569334491,9
1585,20,0.45263157894736844,1.3212343277359566e-05,2.2934184951548594e-05,9
1586,3,1.0,0.0,8.61158298441454e-06,9
1587,53,0.6923076923076923,1.961152837596928e-06,1.627497391906931e-05,6
1588,23,0.6363636363636364,2.518631029323161e-05,1.0990399431855196e-05,7
1589,205,0.47508369201339073,5.446513338949371e-05,0.0007026314155463791,9
1590,88,0.48171368861024033,0.00036749845734606945,0.0003037681388678657,9
1591,95,0.38029115341545355,4.1888486469151416e-05,2.1697835322403545e-05,6
1592,25,0.8,2.3498748406591554e-07,1.194615455306664e-05,6
1593,32,0.39919354838709675,0.0006143409877903313,1.1854047860984841e-05,7
1594,16,0.35,8.003602841442243e-06,3.262004842001147e-05,9
1595,39,0.6558704453441295,3.39461262871023e-06,1.9937467339247154e-05,6
1596,77,0.6127819548872181,7.188254492569128e-06,1.9292707192903763e-05,6
1597,112,0.6037644787644788,1.3970952743877051e-05,0.0004136597353067726,9
1598,136,0.5237472766884531,7.433382210692832e-05,0.00046258363359143157,9
1599,11,0.509090909090909,0.0,1.3033121247853417e-05,1
1600,117,0.5281461833185971,2.6693583952816776e-05,0.0003993783520425992,9
1601,32,0.8467741935483871,4.282308834588477e-07,1.1230196731293488e-05,7
1602,12,0.5303030303030303,4.684612657892678e-07,9.879968763621233e-06,1
1603,145,0.5884099616858237,1.734578272094906e-05,0.000543825227570708,9
1604,148,0.47205368633940065,0.00010106002744307529,0.0004728235503273932,9
1605,90,0.6102372034956305,9.894353670479017e-06,0.0003179818447083902,9
1606,31,0.6946236559139785,4.745558181813226e-07,1.3701590856402996e-05,1
1607,5,0.6,0.0,8.759962612143186e-06,7
1608,117,0.5679339817270852,3.21359747449547e-05,0.00042802150445190787,9
1609,92,0.5518394648829431,1.8755130489437018e-05,0.000301035742472249,9
1610,179,0.47555081288054735,4.115560941080721e-05,0.0006073812631477046,9
1611,72,0.5860719874804382,4.572711723203242e-05,2.0526959869878056e-05,6
1612,190,0.4755778334725703,9.192264688590856e-05,0.0006422076054655372,9
1613,182,0.4801165685143586,8.557631033251772e-05,0.000626707889849995,9
1614,71,0.544466800804829,1.4145449234179745e-05,0.00025064588772120657,9
1615,24,0.6304347826086957,2.5747791251744425e-06,1.1272427502872308e-05,7
1616,50,0.5289795918367347,8.85847199128377e-06,1.800054716769408e-05,1
1617,117,0.5389036251105217,0.0005134849632172405,0.00045219096685568974,9
1618,24,0.47101449275362317,0.00022056865830528518,0.00013156669826369711,9
1619,114,0.5882626921285514,8.567365505249972e-06,0.00039446871883544807,9
1620,128,0.38373523622047245,8.977038925324062e-05,0.0003704441133169158,9
1621,189,0.4819317798041202,0.0009040789711466088,0.0006797602245788813,9
1622,177,0.46334103749357985,9.536174909555541e-05,0.0005954769130569976,9
1623,100,0.6430303030303031,8.592219872368356e-06,0.0003756299184075318,9
1624,35,0.5378151260504201,7.817929201124502e-06,1.2062148187031196e-05,6
1625,25,0.7466666666666667,1.0316893306963094e-06,1.207716056398542e-05,1
1626,37,0.3588588588588589,0.0001603435785061076,8.437192791965332e-05,9
1627,3,1.0,0.0,8.616273674862352e-06,9
1628,82,0.5492321589882565,2.209317655421012e-05,1.984982537144204e-05,6
1629,22,0.7878787878787878,6.682184077498288e-07,1.043159662763085e-05,7
1630,67,0.3437358661239258,7.669277838934636e-05,2.3180532854285288e-05,6
1631,9,0.9722222222222222,0.0,9.98969979247357e-06,1
1632,79,0.614086335605323,1.2048266499222769e-05,0.0002962703118489622,9
1633,23,0.6047430830039525,2.815088517481041e-06,1.1025924579013123e-05,6
1634,38,0.5149359886201992,4.816168419546506e-06,1.2802746705118795e-05,6
1635,34,0.7201426024955436,2.273959707037396e-06,1.3330882177665652e-05,6
1636,77,0.5850991114149009,2.1280706789370404e-05,1.9428660690698437e-05,6
1637,99,0.49783549783549785,4.134395231172529e-05,0.00031759508051590774,9
1638,34,0.696969696969697,1.2999349544748412e-06,1.3599588181908713e-05,6
1639,78,0.5061605061605061,2.589218491232893e-05,0.0002566714873990427,9
1640,8,0.8571428571428571,0.0,9.121976516038133e-06,6
1641,14,0.3516483516483517,4.732032335310849e-06,1.3051532123279228e-05,7
1642,28,0.20634920634920634,0.0015221643688134235,1.1591853618490229e-05,2
1643,100,0.64,9.247454955600889e-06,0.0003848990790281253,9
1644,69,0.5694799658994032,1.2371191286802967e-05,0.00021595404732314982,9
1645,56,0.5084415584415585,1.8322748778136657e-05,1.7433589915929105e-05,1
1646,18,0.5032679738562091,0.0,3.122331875286539e-05,6
1647,50,0.6702040816326531,7.3310267224774885e-06,1.563472085981656e-05,6
1648,25,0.91,1.6946627096536328e-07,1.0576688455353727e-05,7
1649,35,0.5932773109243697,1.4893051099703712e-06,1.3300135507456752e-05,6
1650,21,0.3476190476190476,1.0529391611810974e-05,1.3510982569259887e-05,6
1651,4,1.0,0.0,2.0615860509938084e-05,9
1652,81,0.5817901234567902,5.136446321277503e-06,0.0002836539107858025,9
1653,74,0.6878933728248797,4.017913699289918e-06,0.00027270669023157535,9
1654,7,0.8095238095238095,4.0829866741194384e-07,9.460637343672419e-06,1
1655,56,0.6279220779220779,2.8087650292818072e-06,1.621125711224644e-05,6
1656,34,0.23172905525846701,0.001999487951910667,1.7321892634970713e-05,2
1657,5,1.0,0.0,8.815064086494491e-06,1
1658,19,0.4853801169590643,2.1926912688782036e-06,2.9184361354056355e-05,6
1659,82,0.64257753688648,5.600170501099317e-06,0.000290419428879458,9
1660,24,0.5253623188405797,4.6812278563072904e-06,1.7681944479220455e-05,1
1661,80,0.4708860759493671,1.670911208351055e-05,2.0080346682174654e-05,6
1662,146,0.5343410486537553,2.5945135014547085e-05,0.0005303883304236426,9
1663,235,0.41651209310783777,0.001179895158733234,0.0007844729522212568,9
1664,6,0.6,7.43310116931018e-07,8.937393125631187e-06,6
1665,127,0.5675540557430321,2.240787610678176e-05,0.0004464049250607009,9
1666,36,0.20317460317460317,0.005910989539370546,5.774837130445694e-05,2
1667,27,0.4188034188034188,5.368185576178306e-06,1.1159994935751646e-05,6
1668,122,0.6221379216908278,1.1238483934585133e-05,0.00045072132508781117,9
1669,137,0.5520609703735508,2.5205798960300605e-05,0.0004906083401391953,9
1670,11,0.2909090909090909,2.518995396266228e-06,1.9259123847484934e-05,9
1671,32,0.3850806451612903,1.159901743261309e-05,1.3370870923920458e-05,1
1672,25,0.5233333333333333,1.8341961133255151e-06,1.0969170431306966e-05,6
1673,40,0.5525641025641026,8.177823188703353e-06,1.56652406395537e-05,1
1674,25,0.2,1.9858848920338467e-05,3.660587974882789e-05,9
1675,117,0.5279988211022694,3.0000242339114387e-05,0.00039021633345039005,9
1676,16,0.7166666666666667,5.759848958036893e-07,9.788795490696132e-06,7
1677,36,0.5984126984126984,3.75942753352165e-06,1.520775857391143e-05,1
1678,18,0.27450980392156865,1.645990579491606e-05,3.098665052638785e-05,9
1679,27,0.5612535612535613,2.198308279775748e-06,1.725365845457488e-05,1
1680,61,0.5639344262295082,2.6462449855791563e-05,2.1797458256037827e-05,6
1681,25,0.62,2.419672187172996e-06,1.1241091450654095e-05,6
1682,38,0.7297297297297297,7.724897299921964e-06,1.4146940588986768e-05,6
1683,123,0.533519925363188,5.891716974321069e-05,0.0004283178347811599,9
1685,93,0.5455820476858345,1.4657174873805692e-05,0.0003345566975600731,9
1686,35,0.5008403361344538,6.898951100378357e-06,1.2858852465887047e-05,6
1687,43,0.3997785160575858,0.0010272386303263191,1.852750411615003e-05,7
1688,95,0.41500559910414336,0.0005792579674486398,0.00026384349983047425,9
1689,124,0.5645161290322581,1.272779745143646e-05,0.0004445533858032783,9
1690,2,1.0,0.0,8.661740102284094e-06,6
1691,60,0.6734463276836158,2.7957118680884794e-06,1.7050723684125376e-05,6
1692,50,0.43183673469387757,6.32888214513074e-05,2.2350579902721266e-05,1
1693,3,0.6666666666666666,0.0,8.61384986878675e-06,7
1694,34,0.41532976827094475,1.898246781809359e-05,1.3456183275444852e-05,1
1695,30,0.6873563218390805,1.8994907051077447e-06,1.3042653218950158e-05,1
1696,12,0.4393939393939394,2.3428033685492456e-06,1.3280821275074111e-05,1
1697,8,0.5714285714285714,2.534583001865599e-05,4.5500608240208465e-05,9
1698,19,0.672514619883041,8.437946327383593e-07,1.3685593289299049e-05,7
1699,42,0.413472706155633,1.3416287319803832e-05,1.7245844237606413e-05,6
1700,17,0.625,3.7290294755808593e-07,5.894378051070931e-05,9
1701,7,0.7142857142857143,5.573038214363753e-07,9.47735909794123e-06,7
1702,45,0.31212121212121213,0.0004458633171023519,0.00013790977486058948,9
1703,70,0.33581780538302275,4.932477915482503e-05,2.206237717362133e-05,6
1704,25,0.6233333333333333,5.815829789627333e-07,1.1646995793895501e-05,6
1705,27,0.6609686609686609,2.706250107918558e-05,1.0851396714501603e-05,7
1706,42,0.6039488966318235,4.519047253172336e-06,1.4698329641170685e-05,6
1707,185,0.49412455934195065,7.563970809302952e-05,0.0006382615416004903,9
1708,10,0.7333333333333333,0.0,9.347636167812026e-06,7
1709,62,0.36700158646218933,2.92137283414128e-05,1.6078001582313715e-05,6
1710,15,0.7047619047619048,2.2351836286937576e-07,4.356956023260743e-05,9
1711,5,0.7,0.0,1.1857386842637832e-05,9
1712,105,0.6177655677655678,1.2506340341322531e-05,0.00037865229759092894,9
1713,4,0.5,0.0,9.08202076223186e-06,6
1714,187,0.5029038008165143,3.442666776645582e-05,0.0006573593318015847,9
1715,65,0.6158653846153846,4.289204050911082e-06,2.2236211125144817e-05,6
1716,60,0.6225988700564972,8.100420539817847e-06,1.7170117750535484e-05,6
1717,139,0.5139192993431342,1.8749487325564816e-05,0.0004915771390680781,9
1718,155,0.3550062840385421,0.03653871834978149,0.004622417512122286,4
1719,19,0.6374269005847953,7.117223790053958e-06,1.0703992266135596e-05,7
1720,49,0.5433673469387755,2.5970419013722798e-05,1.5786562089495263e-05,6
1721,115,0.6216628527841342,7.265829836983213e-06,0.00043330058286764506,9
1722,56,0.5188311688311689,1.2433028449801355e-05,0.0001599296982247873,9
1723,49,0.6471088435374149,2.333362724143636e-06,0.00019261920511863182,9
1724,59,0.6265341905318527,8.959526078011896e-06,0.00017605015063661017,9
1725,51,0.29411764705882354,8.331221804809112e-06,1.4138807368032058e-05,6
1726,21,0.2857142857142857,0.0007789837799547632,1.5180125465581552e-05,2
1727,32,0.3125,6.077693831624846e-06,2.0621123310071726e-05,6
1728,32,0.6875,3.942099676931963e-06,1.295220345750523e-05,6
1729,80,0.4680379746835443,4.232022109612783e-05,2.0139007862508613e-05,6
1730,226,0.4013765978367748,0.0001525718374705792,0.0007091503910603326,9
1731,8,0.8571428571428571,0.0,1.2666407635713953e-05,1
1732,48,0.6569148936170213,9.179734612747702e-06,1.5160820903510562e-05,6
1733,38,0.7368421052631579,2.836407192230473e-06,1.1853289484083418e-05,7
1734,49,0.6488095238095238,2.076312974045946e-06,0.00018686411191862234,9
1735,109,0.6211348963642541,9.41436080284551e-06,0.0004077764703185868,9
1736,156,0.5339123242349049,4.879307097003605e-05,0.0005586201772958505,9
1737,79,0.694579681921454,3.366393748447445e-06,0.0002982190355954269,9
1738,26,0.5784615384615385,1.0984944257695453e-06,1.3254255315536322e-05,6
1739,14,0.5714285714285714,1.0856708855734216e-06,9.931780793933521e-06,6
1740,37,0.5900900900900901,4.950031716178736e-05,1.885482056716419e-05,1
1741,104,0.5351008215085885,2.0571822713167916e-05,0.0003719305826274731,9
1742,79,0.5173644920480364,1.4411050626652238e-05,1.9692391158837224e-05,6
1743,26,0.4369230769230769,1.5169629324220848e-06,1.1757980553954757e-05,1
1744,37,0.5885885885885885,2.088369448662718e-05,1.4875066531770621e-05,1
1745,19,0.4678362573099415,8.939646998157886e-05,1.6286505823428695e-05,6
1746,202,0.47283385054923405,6.461222220670189e-05,0.0006848607162729572,9
1747,22,0.8051948051948052,9.591410321943598e-07,1.0355406732253399e-05,7
1748,13,0.8205128205128205,1.59280739342361e-07,9.667035473939787e-06,6
1749,13,0.4358974358974359,0.0,9.611930089540731e-06,6
1750,126,0.5977142857142858,1.1458467295200618e-05,0.0004610885116689936,9
1751,50,0.7314285714285714,2.341534539473439e-06,1.5503292372096592e-05,6
1752,115,0.6016781083142639,1.0410091654480182e-05,0.0004186783529022151,9
1753,82,0.6446853357422463,7.587938950500524e-07,0.00030609274187748793,9
1754,57,0.4849624060150376,6.43679485062282e-06,0.00018200447579582983,9
1755,2,1.0,0.0,8.626448458181272e-06,6
1756,16,0.7583333333333333,1.3662369299740481e-07,9.955011087097283e-06,6
1757,131,0.5554903112155021,1.8264872973761004e-05,0.00047928265423243644,9
1758,27,0.1794871794871795,0.0013062930717733586,1.8209089496556316e-05,2
1759,6,0.8,0.0,8.883571214328683e-06,6
1760,3,0.6666666666666666,0.0,8.717318663364491e-06,7
1761,121,0.5132231404958678,0.00013304133796742017,0.00041520290930701124,9
1762,4,1.0,0.0,8.929509005332441e-06,1
1763,32,0.6451612903225806,1.646710939836145e-06,1.3495416420536925e-05,1
1764,25,0.74,4.6433887279085896e-07,1.2164106582036744e-05,6
1765,66,0.5351981351981352,1.7791236795758884e-05,0.0002023431111421413,9
1766,40,0.6064102564102564,4.306838318126778e-06,1.4979246462951478e-05,1
1767,36,0.5317460317460317,1.587315177152219e-05,1.46791202767724e-05,1
1768,209,0.41010305483989695,0.00012015670731850224,0.0006559329829481235,9
1769,25,0.5633333333333334,8.911577289056275e-05,9.678151844579005e-05,9
1770,47,0.42645698427382056,1.2125611078743567e-05,1.3797743167734737e-05,6
1771,20,0.7947368421052632,9.641334160925795e-08,6.720315714514981e-05,9
1772,61,0.6480874316939891,5.799880414394746e-06,0.00021906371956088424,9
1773,23,0.7549407114624506,2.8799606665208525e-07,1.2010707767732336e-05,1
1774,40,0.45,1.2790314258534063e-05,0.00011249807140404565,9
1775,8,0.9642857142857143,1.0323751624041916e-08,2.783307265962065e-05,9
1776,5,1.0,0.0,8.815064086494491e-06,1
1777,5,0.9,2.4904821774950643e-07,1.6622536955712174e-05,1
1778,38,0.43385490753911804,7.401684918703791e-05,1.9364001567787248e-05,1
1779,22,0.42857142857142855,1.7367938488775593e-05,2.8584039020429936e-05,9
1780,20,0.4052631578947368,7.103671716655325e-05,6.579920682575625e-05,9
1781,26,0.38153846153846155,5.825991714997966e-06,1.1949049894405178e-05,6
1782,67,0.5355042966983266,0.0003317886536201867,0.0002551493473434193,9
1783,121,0.2716253443526171,0.00019859027883907619,2.4393107243225187e-05,6
1784,17,0.8014705882352942,1.4425038294065028e-07,9.919380655808763e-06,7
1785,30,0.3425287356321839,1.2306311235145548e-05,1.1838426538591806e-05,6
1786,97,0.43921821305841924,4.1778494606206386e-05,2.2213735303323477e-05,6
1787,38,0.635846372688478,1.0903878318477021e-05,1.2060990554684758e-05,7
1788,10,0.8666666666666667,5.203170818517126e-07,9.346096708058638e-06,7
1789,103,0.5872834570721492,1.4872884817204222e-05,0.00037267681714097555,9
1790,38,0.38975817923186346,3.831019042608362e-05,1.4453757751466922e-05,1
1791,131,0.514856136230182,3.5694783207638786e-05,0.0004612088450311497,9
1792,6,0.6,2.7874129384913173e-07,9.53970981016432e-06,9
1793,145,0.5279693486590038,2.281249611320843e-05,0.0005238097475619636,9
1794,57,0.23934837092731828,6.239502407287621e-05,2.3409317316170676e-05,6
1795,89,0.5944841675178754,5.788149815372746e-06,0.0003197130750823467,9
1796,71,0.6285714285714286,4.537787499002977e-06,0.00026996911115172194,9
1797,5,0.6,5.115252417589801e-07,1.6373449768130723e-05,9
1798,34,0.8021390374331551,7.07267141640095e-07,1.1380186008297365e-05,7
1799,152,0.546270477518299,2.2457642230268714e-05,0.0005441590741887247,9
1800,245,0.4020408163265306,0.00021644802125796828,0.0007745268318281631,9
1801,23,0.6600790513833992,1.5743369389174087e-06,1.1810446941391503e-05,1
1802,12,0.8939393939393939,2.154522078060922e-08,9.450225953859834e-06,7
1803,25,0.5433333333333333,2.3702556297785277e-05,1.0952798483057285e-05,7
1804,195,0.4734337827121332,5.740689928653038e-05,0.0006655199618434291,9
1805,22,0.4155844155844156,4.2591419990621654e-06,4.342251963576588e-05,9
1806,32,0.4495967741935484,0.00030561672829684295,1.3501996780284253e-05,7
1807,51,0.37333333333333335,6.8771652634008896e-06,2.987346671799508e-05,6
1808,14,0.27472527472527475,7.628163816545516e-05,1.716259932941556e-05,1
1809,113,0.5910240202275601,1.6503488519139998e-05,0.0003861857401314807,9
1810,102,0.6004659289458357,1.2126251377264148e-05,0.0003743787522292649,9
1811,63,0.6523297491039427,6.397852866210816e-06,0.00022245895161910226,9
1812,44,0.7315010570824524,2.4219639786390714e-06,1.515263877212044e-05,6
1813,156,0.42555831265508687,0.0001106899335858898,0.0004956664797530635,9
1814,10,0.6,4.1295006496167666e-07,1.309284510414521e-05,1
1815,24,0.6485507246376812,8.858626106719598e-07,1.1004542513614756e-05,6
1816,131,0.573458602466236,1.3502023658437851e-05,0.00047988330462043636,9
1817,15,0.6,1.1030476528442297e-05,4.501290932948239e-05,9
1818,30,0.4298850574712644,5.781300909463473e-07,3.608927095521409e-05,6
1819,88,0.6013584117032393,9.669581273300918e-06,0.00030470030180860044,9
1820,67,0.5789235639981909,1.3087159910225573e-05,1.7649008010826198e-05,6
1821,27,0.7777777777777778,6.375943597843626e-08,0.00011068030399085684,9
1822,12,0.8939393939393939,9.177736124080506e-07,1.035429510703137e-05,9
1823,127,0.6011748531433571,1.3780795069820487e-05,0.00048244001163675834,9
1824,58,0.6346037507562009,6.0322837780372305e-06,1.6903224086914637e-05,6
1825,29,0.5443349753694581,0.0002468627975079614,1.19543026160857e-05,7
1826,102,0.602019025431955,1.3086345291419214e-05,0.0003770724218807335,9
1827,201,0.4444278606965174,0.00010667599208650979,0.0006533278374317821,9
1828,56,0.4974025974025974,3.2598529861923464e-05,1.6411248864349636e-05,6
1829,16,0.6083333333333333,4.245217426062071e-07,1.318299619132417e-05,1
1830,16,0.4083333333333333,4.188511534442332e-06,1.527777476913151e-05,6
1831,42,0.26248548199767713,4.089824921672033e-05,1.4742853449526059e-05,1
1832,46,0.7227053140096619,2.577519528264917e-06,0.00014813815871941312,9
1833,191,0.5007440066133921,3.928225836644642e-05,0.0006695579691745543,9
1834,1,0.0,0.0,8.47728302546371e-06,9
1835,182,0.4595956529658187,0.0008674207510933952,0.0006255406102220498,9
1836,25,0.6333333333333333,7.564450276062584e-05,9.97825995307646e-05,9
1837,38,0.7297297297297297,6.331305488770419e-06,1.1759443425222077e-05,7
1838,6,0.6,0.0,8.872606551061497e-06,7
1839,165,0.5086474501108648,2.4130407549088987e-05,0.0005731651247506322,9
1840,10,0.5777777777777777,5.781300909463473e-07,9.266348557647627e-06,6
1841,49,0.6981292517006803,3.049343440320092e-06,1.5460057118549576e-05,6
1842,119,0.5546218487394958,2.2202756811300046e-05,0.0004226701084194672,9
1843,40,0.5153846153846153,1.629107455163728e-05,0.00013802120404142636,9
1844,70,0.3391304347826087,5.005156985623355e-05,3.178878190795427e-05,1
1845,101,0.42237623762376236,3.159192249494265e-05,0.00031038206400543853,9
1846,38,0.4310099573257468,0.0002534063545275309,0.00011532068276727422,9
1847,26,0.4,0.0006500281100168111,1.1459324376930381e-05,6
1848,36,0.8380952380952381,7.371665197204273e-07,1.3911937128889354e-05,6
1849,119,0.613160518444666,7.950456478884228e-06,0.00045786234496608674,9
1850,29,0.5197044334975369,7.52978020796416e-06,1.2275730568672554e-05,6
1851,42,0.4692218350754936,1.0755710701629447e-05,0.00011343800775428312,9
1852,22,0.329004329004329,7.552539174456725e-05,5.616259625468319e-05,9
1853,12,0.8484848484848485,7.090573015998302e-08,1.0981613800131265e-05,1
1854,2,1.0,0.0,8.605458925187711e-06,9
1855,6,0.5333333333333333,7.978233057764793e-07,9.092133900258552e-06,6
1856,4,1.0,0.0,1.2454917137957979e-05,9
1857,73,0.5909436834094368,5.793649742592371e-06,1.8607022178459363e-05,6
1858,29,0.37192118226600984,2.1879818124043844e-05,3.606140619788443e-05,9
1859,46,0.7256038647342995,5.717083483304675e-06,1.5336504313671173e-05,6
1860,17,0.22058823529411764,9.974661543252004e-06,2.9070476610330268e-05,9
1861,99,0.47557204700061845,3.720437820143904e-05,0.00030382635247365144,9
1862,54,0.6589797344514325,2.5863227481593015e-06,1.605757541121309e-05,6
1863,49,0.3758503401360544,0.00018883729690535517,0.00013949764053658328,9
1864,107,0.4930347381414213,2.725093566201549e-05,0.00035805685665126033,9
1865,8,0.8928571428571429,1.1584053770353527e-07,1.1830535720506192e-05,9
1866,31,0.4752688172043011,9.584253829034193e-05,1.2401626826023304e-05,7
1867,123,0.5413834466213514,2.0939821515875913e-05,0.00042245229799475,9
1868,121,0.5632231404958677,2.3447029905333565e-05,0.00041285081622404244,9
1869,15,0.7142857142857143,4.822845596350041e-07,1.0023801061672708e-05,6
1870,23,0.6521739130434783,1.4491335721878603e-06,1.35461771428984e-05,1
1871,82,0.4995483288166215,2.3308780674445978e-05,2.022867435356138e-05,6
1872,50,0.5942857142857143,9.047716271581716e-06,1.5628679386659872e-05,6
1873,41,0.8060975609756098,6.987382400051976e-07,1.4767876080003501e-05,6
1874,13,0.6794871794871795,9.191338128473921e-08,4.84517190797678e-05,9
1875,28,0.5079365079365079,6.211115936421716e-06,1.2544671667529789e-05,6
1876,56,0.39675324675324675,1.426472048553217e-05,1.5209520592685854e-05,6
1877,64,0.6691468253968254,3.703149375319361e-06,0.00022613042821599595,9
1878,35,0.5697478991596638,1.9748979228784755e-06,1.3607740049446019e-05,1
1879,150,0.5690380313199105,3.44289437444049e-05,0.0005536722878449148,9
1880,32,0.8306451612903226,5.434472953083779e-07,1.1220948873717894e-05,7
1881,53,0.28664731494920176,3.252620945806725e-05,5.258456774041165e-05,1
1882,51,0.5286274509803922,7.574692920797379e-06,1.8186838345018045e-05,1
1883,18,0.37254901960784315,8.131750779424365e-05,6.604914893127595e-05,9
1884,32,0.8306451612903226,5.010949223670109e-07,1.3242583381910049e-05,6
1885,28,0.5185185185185185,3.1252291837807334e-06,4.8632186574019714e-05,6
1886,105,0.5811355311355312,2.026885559958157e-05,0.0003844867146908226,9
1887,11,0.8181818181818182,5.079285799028624e-08,1.0038773296339022e-05,6
1888,254,0.3996763250443497,0.00013896923372474563,0.0008037081019870322,9
1889,15,0.4666666666666667,0.0,9.645619684558895e-06,7
1890,6,0.4666666666666667,0.0,9.30571168693134e-06,9
1891,71,0.6519114688128773,5.318041677086441e-06,0.0002605318769550532,9
1892,12,0.9696969696969697,0.0,9.45644916230248e-06,7
1893,83,0.46076990890390834,3.6167406513648015e-05,2.049663582872576e-05,6
1894,63,0.5381464413722479,1.826450760145087e-05,2.5687444265510854e-05,6
1895,37,0.7357357357357357,1.8636515190410485e-06,1.1699778675806071e-05,7
1896,9,0.3888888888888889,1.2801452013811979e-06,9.210335778450224e-06,7
1897,36,0.3492063492063492,2.8819998437307366e-05,2.715589437760353e-05,6
1898,101,0.5956435643564356,1.8545455404861136e-05,0.0003405244674543307,9
1899,79,0.5420318078545927,2.969618200050594e-05,1.9697689173431415e-05,6
1900,26,0.6276923076923077,9.079795733520406e-07,7.721109074524743e-05,9
1901,14,0.3516483516483517,9.341984863143586e-06,1.3915598174377432e-05,1
1902,130,0.5348837209302325,3.7242759069895664e-05,0.00046436433416095063,9
1903,40,0.7153846153846154,2.088573176958976e-06,1.4297046430888379e-05,6
1904,30,0.5563218390804597,3.5728322871086792e-06,1.1548824454389135e-05,6
1905,11,0.9454545454545454,5.5060008661556886e-08,1.5485263917484097e-05,9
1906,22,0.6320346320346321,9.260563017316857e-07,1.0996914586801224e-05,6
1907,30,0.7195402298850575,2.028998011469383e-06,1.758557361863528e-05,6
1908,10,0.37777777777777777,7.144036123837005e-07,1.0262996744428762e-05,7
1909,41,0.2780487804878049,0.0002938451250644264,0.00010540459862267619,9
1910,31,0.36774193548387096,4.527082316556427e-06,1.3068550181066786e-05,1
1911,39,0.31309041835357626,0.00019197249063855607,8.396375532236989e-05,9
1926,134,0.48726293345303556,0.0004005118902244962,0.005585529466391642,4
1932,95,0.7554311310190369,3.751113663193598e-05,0.0051582373600442795,4
1939,79,0.638104511522233,0.0001392228792141044,0.0032195119120637028,4
1945,146,0.5971658006613132,0.00015906419200956658,0.006412954702811355,4
1951,64,0.6279761904761905,0.00010215134353032588,0.0009686713706918211,11
1955,92,0.6858576206402294,5.20922075319859e-05,0.0043662489112255886,4
1972,70,0.5151138716356107,0.00010627053057871384,0.0011722597852732077,11
1973,65,0.5379807692307692,0.0001230184286019038,0.0011425949837882852,11
1976,39,0.5721997300944669,4.234397601070644e-05,0.0009045579379945892,11
1991,49,0.6921768707482994,7.932553182664413e-05,0.000872920459769375,11
1995,63,0.593958013312852,8.37537351226847e-05,0.0009800468055877302,11
1998,54,0.6212438853948288,6.490456533938743e-05,0.0009022264382658835,11
2001,60,0.632768361581921,8.409628668044543e-05,0.0009740385669920696,11
2004,50,0.6326530612244898,7.221592972634622e-05,0.0009161810026492121,11
2007,171,0.41630546955624353,0.0008412231935686897,0.015252948307124297,4
2009,45,0.5787878787878787,4.791212921622451e-05,0.0009512513918671135,11
2018,55,0.5872053872053872,6.303242555546602e-05,0.0009636701370478714,11
2024,53,0.6574746008708273,8.846677119070203e-05,0.0009317553824963664,11
2027,44,0.7019027484143763,6.020270233294073e-05,0.0008704580486549352,11
2032,147,0.5849408256453267,0.00018162266392537794,0.006404443287489104,4
2038,123,0.47580967612954816,0.0005263278989985918,0.004359641096842566,4
2039,112,0.6854890604890604,8.403165309867008e-05,0.005577256584730787,4
2042,96,0.687061403508772,0.00010276146380092939,0.004982904919984492,4
2054,163,0.5296523517382413,0.00044777276554604836,0.006733833511194739,4
2068,141,0.569098277608916,0.00017998176675194878,0.006169364691382454,4
2071,123,0.6544049047047847,0.00022379042486641256,0.006467120916390794,4
2072,129,0.5687984496124031,0.00031646444118027707,0.005698717827905956,4
2081,172,0.49224806201550386,0.0005311005944796574,0.00850100792493574,4
2102,132,0.5820032384917881,0.0002034991639599153,0.005895114870706086,4
2111,184,0.4844381088144452,0.0005786428507717812,0.007160357114527535,4
2116,65,0.4168269230769231,0.00010447914403248478,0.0016972192615248103,11
2117,142,0.43342323444211367,0.0005190813428226894,0.005696560446494471,4
2127,112,0.6309523809523809,9.238425947732353e-05,0.004980245115040462,4
2128,92,0.49402771141901575,0.0001590992243530369,0.005916208445141702,4
2133,159,0.4239312156675424,0.0008354561040370876,0.005507997810836836,4
2135,88,0.7199582027168234,4.662442947268244e-05,0.0045573778271494085,4
2138,138,0.6070030678091611,0.00017818303804032862,0.00636976807516462,4
2143,102,0.5200931857891672,0.0007423247663672691,0.0044315827136100815,4
2153,139,0.6275675112084246,0.0001363179065116803,0.00720540926225109,4
2157,39,0.6909581646423751,2.760313423168876e-05,0.0008554742834987795,11
2171,66,0.6074592074592075,9.413198134598653e-05,0.0009967672855416194,11
2174,120,0.5862745098039216,0.000245289621969583,0.00428174924328869,4
2180,114,0.6534699580810434,7.327329876722637e-05,0.005574931080047228,4
2183,134,0.6125014027606329,9.845186708898787e-05,0.006564851458089004,4
2187,148,0.6114175399889685,0.00011733650545093164,0.006579950080550167,4
2189,113,0.4683944374209861,0.00107701471732363,0.012001822310312698,4
2199,175,0.48400656814449916,0.0005994758794017022,0.007241196321011679,4
2203,100,0.6107070707070708,8.027498478035692e-05,0.003743765833266164,4
2223,116,0.5980509745127436,0.00018225326398445369,0.006004524624004051,4
2224,129,0.6339631782945736,8.800943017343502e-05,0.006029912951534751,4
2225,42,0.6933797909407665,0.00012014380503985098,0.0008547971006444271,11
2247,122,0.5691640699092264,0.00018015442351569725,0.005492790040753249,4
2250,109,0.6055045871559633,0.000105204430212034,0.004899320834565905,4
2254,90,0.6441947565543071,8.291310710727647e-05,0.003479939747883618,4
2264,75,0.5427027027027027,7.590290301665666e-05,0.00353654936742249,4
2267,83,0.5956508962679988,6.897129786570518e-05,0.0032552529579285457,4
2268,130,0.4338700059630292,0.000833192663202091,0.004590133766567377,4
2279,129,0.6197916666666666,0.00011241693378019718,0.006949005275187699,4
2283,161,0.5120341614906833,0.000917897655879381,0.007078144821947333,4
2284,56,0.6584415584415585,0.00012991165626955394,0.0009095463278711782,11
2289,160,0.44355345911949684,0.0009871286042924664,0.00587396228916956,4
2292,142,0.5493956647687543,0.0003813526733388203,0.008084350962159958,4
2302,123,0.5769692123150739,0.0004005414472625116,0.007176148482091701,4
2319,122,0.620647608725105,0.0001158062537122955,0.0063210977859337325,4
2327,125,0.5308387096774193,0.000428933135190155,0.005354229972731154,4
2336,150,0.5421923937360179,0.00020611341845100733,0.007898219526666882,4
2337,35,0.7546218487394958,2.7969686364680714e-05,0.0007995971299425241,11
2364,65,0.6197115384615385,0.00014036522141842254,0.000978082122216928,11
2378,50,0.6571428571428571,5.533269400915926e-05,0.0009157188052933019,11
2384,188,0.44612583911707815,0.0005524324453748477,0.008085333671495337,4
2398,108,0.6137071651090342,0.00020460101987932448,0.006744577752606548,4
2417,70,0.525879917184265,0.00014476964783878823,0.0030202926886482534,4
2436,94,0.6961793639899336,4.237222940361911e-05,0.004968901853992314,4
2445,70,0.7420289855072464,6.753436954078649e-05,0.0033973673391310315,4
2447,49,0.6471088435374149,6.85731549818569e-05,0.000909460930707418,11
2451,109,0.6219843696907917,0.00021411353189899605,0.005758584026286353,4
2458,99,0.6402803545660688,0.00010432187132130574,0.004561781110467875,4
2459,46,0.5217391304347826,6.601196736525638e-05,0.0009540004887596553,11
2461,124,0.6367689483346446,0.00011071748089117693,0.005317887832026198,4
2463,126,0.6642539682539682,6.560413114838617e-05,0.005613299730025662,4
2471,132,0.6377515614156836,0.00012976447984114608,0.00610830478428725,4
2472,77,0.5663021189336979,0.0001631533890544362,0.004146613071339401,4
2475,97,0.6844931271477663,8.98989708437922e-05,0.004504351820557356,4
2491,121,0.6141873278236915,0.00014387656039509863,0.00579391224241076,4
2494,39,0.6693657219973009,3.765936996435076e-05,0.0008119452440802648,11
2498,94,0.621368107984443,0.00030665629619288547,0.003523398510506802,4
2502,43,0.5526024363233666,0.00011606662927015361,0.0022073499246204184,4
2508,98,0.7052387965495477,9.345519505134787e-05,0.005126205074169278,4
2510,138,0.5961070559610706,0.00020257920696200568,0.006644343483046369,4
2511,140,0.5707091469681398,0.00030238286663460503,0.006509299666897422,4
2529,36,0.5444444444444444,8.191976365615281e-05,0.0015286318673923393,4
2533,99,0.6953205524634096,0.00014591179281787944,0.006012335497456579,4
2538,56,0.6279220779220779,7.74578338764658e-05,0.0009626211266718984,11
2543,294,0.35991734577790163,0.00670954169788945,0.0728878588932311,12
2547,54,0.6743535988819007,5.7434073006449355e-05,0.0036269012493847868,4
2571,30,0.5103448275862069,3.734994548361301e-05,0.0015940013232848432,4
2583,46,0.6898550724637681,6.168606325604601e-05,0.0008823801320379713,11
2589,79,0.7341772151898734,4.9960299622633124e-05,0.003240256759829689,4
2598,164,0.5594044590752656,0.0002010661417741053,0.006943428589335456,4
2617,114,0.6092221704704238,0.0002315404840932127,0.004466333130916961,4
2629,127,0.6260467441569804,0.00013496213234610115,0.006418186576194044,4
2635,20,0.6631578947368421,2.287155740875235e-05,0.0011345769563415313,4
2636,38,0.7596017069701281,4.407367132532336e-05,0.0008169515682605965,11
2640,56,0.6298701298701299,8.596059096260158e-05,0.0009641305490775288,11
2643,100,0.7276767676767677,5.58800621127329e-05,0.005219745652599205,4
2647,48,0.6976950354609929,8.060592155398146e-05,0.0008639769826993473,11
2649,122,0.6377184663324753,0.00010879419225815166,0.005266085615483279,4
2653,72,0.7730829420970265,2.675007827852733e-05,0.003637554362497404,4
2660,38,0.7652916073968705,6.001486723610231e-05,0.0008409962593211645,11
2704,2,1.0,0.0,2.197799011022415e-07,0
2740,2,1.0,0.0,2.197799011022415e-07,0
427,9,0.5277777777777778,3.525678432536395e-05,8.076396387844801e-06,1
464,5,0.6,1.0411061066348097e-05,2.42558086657991e-07,1
549,7,0.5238095238095238,1.810198846341985e-05,7.918557968588797e-06,1
351,5,0.8,4.167846012791782e-06,1.9095277759700612e-07,1
364,9,0.8055555555555556,5.368350844501797e-07,1.9653693628554575e-07,1
393,7,1.0,0.0,1.938125930532365e-07,1
399,8,0.9285714285714286,2.47770038977006e-07,1.951800083818669e-07,1
441,8,0.9285714285714286,2.47770038977006e-07,1.951800083818669e-07,1
476,6,1.0,0.0,1.9240550417448128e-07,1
501,8,0.9285714285714286,2.47770038977006e-07,1.951800083818669e-07,1
564,9,0.7222222222222222,4.539501071257291e-06,1.9649269937389303e-07,1
349,5,0.9,0.0,3.3259991441065344e-07,1
350,21,0.3952380952380952,3.5237034862655163e-05,4.998399819131062e-06,1
352,23,0.7707509881422925,1.5268143925061196e-06,1.7933559570811056e-06,1
354,26,0.64,1.367541427570077e-06,9.410160203914659e-07,1
355,39,0.4777327935222672,6.064252962120243e-06,1.6686809716844982e-06,1
356,3,0.6666666666666666,0.0,1.8715140699096608e-07,1
357,18,0.7712418300653595,2.336733978674701e-05,4.421799524108369e-06,1
358,1,0.0,0.0,1.8332432750785833e-07,1
359,26,0.5415384615384615,9.301218352056144e-06,9.860897578319113e-07,1
360,43,0.5282392026578073,0.00026224910805340703,6.373780769927222e-06,1
361,23,0.6324110671936759,1.8673937741018387e-06,9.000878763098091e-07,1
362,19,0.5497076023391813,2.74286237014424e-06,9.082984483492523e-07,1
365,6,0.7333333333333333,0.0,5.084204353319238e-07,1
367,32,0.4737903225806452,2.832311756327881e-05,2.093839101022898e-06,1
368,34,0.5882352941176471,7.4408459279659905e-06,3.315027906789973e-06,1
369,26,0.46153846153846156,3.3168195700797566e-05,4.739016519826233e-06,1
370,71,0.4688128772635815,0.00022107825699190292,1.2781548506124194e-05,1
371,5,0.7,0.0,3.4787118738729927e-07,1
372,17,0.4264705882352941,5.503319607968237e-07,6.168737715435394e-07,1
373,94,0.383893845801876,0.0014797073469871795,1.4686153227088908e-05,1
374,68,0.49824407374890256,0.0003242327807241477,1.0191451808575053e-05,1
375,17,0.9264705882352942,4.401847674870289e-07,2.4329386135516736e-06,1
377,2,1.0,0.0,1.8492273807592462e-07,1
378,62,0.526176626123744,9.430324044676731e-05,1.3307862297279916e-05,1
379,2,1.0,0.0,1.8479164507668567e-07,1
380,11,0.9454545454545454,7.669072635002567e-08,4.3527200363583176e-07,1
381,12,0.9393939393939394,0.0,4.988390420921523e-07,1
382,12,0.8181818181818182,0.0,4.050884605207183e-07,1
383,3,0.6666666666666666,0.0,2.2675695872314303e-07,1
384,4,0.8333333333333334,0.0,2.1866490653161612e-07,1
385,8,0.8928571428571429,7.738277764547858e-08,1.046371029396893e-06,1
386,3,0.6666666666666666,0.0,1.86113972020779e-07,1
387,36,0.680952380952381,0.00011568682808202999,6.495310089546137e-06,1
388,38,0.5633001422475107,5.6728012864404606e-05,3.2395765583949945e-06,1
390,6,0.8,9.832091464587611e-08,6.849849633225768e-07,1
391,61,0.5251366120218579,0.00047424046988283903,1.2895189480660404e-05,1
392,39,0.6518218623481782,0.00011017682983676915,6.986414480153681e-06,1
394,36,0.5253968253968254,2.8248567008049943e-05,3.214719677795432e-06,1
395,77,0.41626794258373206,0.0004964896859060604,9.287994039665653e-06,1
396,27,0.6096866096866097,2.7663018937431427e-06,9.617785705785718e-07,1
397,47,0.3191489361702128,0.00011947478278250968,6.40278972185816e-06,1
398,33,0.6628787878787878,4.474607205084487e-06,3.320938880879417e-06,1
400,73,0.4874429223744292,0.00031579734204674237,1.0441005123756246e-05,1
401,2,1.0,0.0,1.84657267886396e-07,1
402,57,0.5238095238095238,0.00014089115455279605,1.1764490011841946e-05,1
403,20,0.6684210526315789,2.6572642910280804e-07,7.935392255942266e-07,1
404,51,0.4894117647058824,6.666413707893578e-05,8.502217937650883e-06,1
405,11,0.4727272727272727,0.00010064321880155702,8.135153565696239e-06,1
406,4,0.6666666666666666,0.0,2.2862905275818716e-07,1
407,15,0.5333333333333333,1.2033660734310342e-05,4.375666882379203e-06,1
408,55,0.5212121212121212,0.00013824744415446433,8.89824091827755e-06,1
409,34,0.6345811051693404,3.3543584888443074e-06,3.372493767279099e-06,1
410,15,0.6761904761904762,6.51478665783387e-07,7.875919473324484e-07,1
411,3,0.6666666666666666,2.47770038977006e-07,1.8667495586798467e-07,1
412,99,0.33044733044733043,0.0006854591053739201,1.1515723575503966e-05,1
413,17,0.6764705882352942,2.4872919718252723e-06,1.1167019780777375e-06,1
415,26,0.5292307692307693,0.00011573379519557307,8.806867025225834e-06,1
416,21,0.5761904761904761,4.332155873844919e-05,5.306273083938513e-06,1
417,62,0.5901639344262295,9.639927596671405e-05,9.006875525149492e-06,1
418,23,0.5019762845849802,2.6428816085503363e-06,1.3894600110828124e-06,1
419,57,0.36278195488721804,0.0005174152970627698,8.938932295062835e-06,1
421,25,0.4666666666666667,2.0203166802620666e-05,5.074782385449385e-06,1
422,60,0.22542372881355932,0.00023893509384112654,2.4757551320969602e-06,1
423,57,0.5006265664160401,0.00028780728621255155,8.742478430514127e-06,1
424,17,0.8088235294117647,1.2173982434584496e-07,5.877075651029233e-07,1
425,19,0.5614035087719298,1.3913935146582711e-06,8.742290746679111e-06,1
426,18,0.5555555555555556,3.5357414793937967e-07,5.006011782840829e-06,1
429,10,0.8444444444444444,2.817590058623132e-07,3.0813649232607787e-07,1
430,38,0.5704125177809388,3.640869048137659e-05,1.1942466823835446e-05,1
431,71,0.5022132796780684,0.00012471144975153992,1.360707048376436e-05,1
432,55,0.4808080808080808,6.0563900071454966e-05,1.1690508907653474e-05,1
433,10,0.7777777777777778,7.165666841525468e-06,4.197564927401678e-06,1
434,33,0.5625,4.839202293327244e-05,1.0358569451345197e-05,1
435,10,0.6,1.0983046457685085e-05,4.255604284890804e-06,1
436,60,0.5141242937853108,0.0004218273621081764,1.3188097833515255e-05,1
437,10,0.37777777777777777,9.910801559080238e-07,2.440348981029411e-07,1
438,71,0.48772635814889337,0.00013693609121420927,1.316690578246295e-05,1
439,43,0.5227021040974529,7.872808978756665e-05,7.178952601189305e-06,1
440,14,0.6593406593406593,6.87569932177625e-07,1.3812313524793006e-06,1
442,12,0.6666666666666666,1.0353437672812231e-07,4.830172411895504e-06,1
443,2,1.0,0.0,1.8468299091707347e-07,1
444,47,0.4727104532839963,4.4200891443769324e-05,7.271491963319576e-06,1
445,27,0.5156695156695157,3.2132966672212354e-06,1.3412883308263096e-06,1
446,18,0.6797385620915033,9.001379278330877e-06,1.998311603473656e-06,1
447,1,0.0,0.0,1.8332432750785833e-07,1
448,3,1.0,0.0,2.673530383077232e-07,1
449,10,0.5777777777777777,3.7957051222279583e-06,4.273990187330018e-06,1
450,22,0.6406926406926406,2.0102187412017293e-06,1.068759768940097e-06,1
451,25,0.7033333333333334,4.3421684708661246e-05,9.324097170425465e-06,1
452,42,0.48548199767711964,6.304932904469762e-05,6.28000669842797e-06,1
453,5,0.5,1.23885019488503e-06,1.897089292297518e-07,1
454,3,1.0,0.0,1.8609821083680777e-07,1
455,37,0.3153153153153153,0.0001477247169408105,5.2213881945781015e-06,1
456,61,0.5191256830601093,0.00016242924645344268,1.1991420846038783e-05,1
457,20,0.6842105263157895,3.5241184668621984e-05,4.399452741614023e-06,1
458,26,0.4492307692307692,4.626330277938683e-06,1.612332101776009e-06,1
459,10,0.8222222222222222,9.07321561354553e-06,4.221881399673535e-06,1
460,66,0.41351981351981354,0.0004728849711242716,1.18083575719952e-05,1
461,53,0.5914368650217707,0.00011363946644293322,8.201243545364612e-06,1
462,19,0.6783625730994152,1.2267549940581144e-06,1.2687143216729048e-06,1
463,43,0.3997785160575858,0.00020716879788450378,6.255710431840437e-06,1
465,78,0.42624042624042624,0.0003871204802990299,1.0882587310935304e-05,1
466,9,0.9444444444444444,1.000609772791755e-07,3.04010823471784e-07,1
467,4,1.0,0.0,1.8786606569701848e-07,1
468,2,1.0,0.0,1.8468299091707347e-07,1
469,22,0.5324675324675324,3.289536114266867e-05,4.691035062152878e-06,1
470,16,0.6666666666666666,2.6381431098146935e-07,4.320077965661769e-07,1
471,31,0.6709677419354839,3.0930035666611324e-05,6.551872563064538e-06,1
472,5,0.4,3.650040765567019e-05,3.5910796114642304e-07,1
473,32,0.5181451612903226,6.880163911633068e-05,5.892421318719272e-06,1
474,20,0.7052631578947368,1.6489482486028116e-06,6.747894454199938e-07,1
477,12,0.696969696969697,2.8906504547317363e-07,4.3174243957703045e-06,1
478,8,0.5714285714285714,2.897483430762144e-07,4.998706110383885e-07,1
479,37,0.6066066066066066,4.266551026712862e-05,6.694698690503799e-06,1
480,7,0.47619047619047616,1.5150931476532736e-05,4.198900917341405e-06,1
481,27,0.5242165242165242,1.6021897184911312e-05,1.099779582398382e-06,1
482,34,0.6060606060606061,1.6674213782977466e-05,7.2985071310307145e-06,1
485,5,1.0,0.0,4.0762260231773154e-06,1
486,16,0.825,0.0,5.594408478692626e-07,1
487,33,0.6174242424242424,4.035741549132967e-06,2.923584218178639e-06,1
488,28,0.6666666666666666,5.600970212581695e-07,2.2575114813643004e-06,1
489,24,0.6956521739130435,6.866036687263159e-06,8.79354029292925e-07,1
490,13,0.6153846153846154,8.280506880538681e-07,8.863656975148192e-07,1
491,11,0.8545454545454545,2.6081056734421682e-08,8.190246188971662e-07,1
492,65,0.5317307692307692,0.00027011838504175474,9.859989317554467e-06,1
493,56,0.4915584415584416,2.8469902833402275e-05,5.369119072685569e-06,1
494,23,0.7470355731225297,5.81496436369763e-06,3.068506720665281e-06,1
495,23,0.6126482213438735,8.915886371751996e-07,1.4928992710619958e-06,1
496,40,0.5115384615384615,3.014987597599975e-05,4.157269493083369e-06,1
497,83,0.3937702027622686,0.0003285961732782331,1.0954372928529117e-05,1
498,6,0.4666666666666667,6.665478595240453e-07,2.866157251314137e-07,1
499,3,1.0,0.0,1.8652050467350407e-07,1
500,83,0.3726124008228034,0.0003347391735063808,1.3690184168539764e-05,1
502,11,0.7818181818181819,3.190784305765168e-07,8.911629627669647e-07,1
503,58,0.5245009074410163,0.0001374046600769138,5.543679097794644e-06,1
504,43,0.30564784053156147,0.00020031334770793474,5.3734514347041615e-06,1
505,13,0.8974358974358975,0.0,4.997890102317968e-07,1
506,72,0.5007824726134585,6.245665106259616e-05,1.3618439423643691e-05,1
507,65,0.49615384615384617,9.924954842222389e-05,1.3275199866822056e-05,1
508,16,0.4583333333333333,2.911759647961178e-05,8.403272634628058e-06,1
509,15,0.8571428571428571,1.2173982434584496e-07,5.119052087376398e-07,1
510,26,0.4307692307692308,2.7107946343703084e-05,4.838315520453415e-06,1
511,30,0.7494252873563219,2.571686471028682e-05,6.458817897440477e-06,1
512,29,0.6699507389162561,2.71474919088135e-05,6.672236362390957e-06,1
513,89,0.42211440245148113,0.0006193174174026654,1.510873448520814e-05,1
514,64,0.4895833333333333,4.979945360202705e-05,9.520932225338589e-06,1
515,61,0.4628415300546448,0.0001848823853561003,9.298319876892413e-06,1
516,20,0.7315789473684211,3.478634966849991e-05,4.428305204511308e-06,1
518,19,0.6666666666666666,2.0040504749059936e-05,4.46948877871395e-06,1
519,25,0.6566666666666666,1.4327301688948484e-06,1.1230086344824861e-06,1
520,50,0.5714285714285714,0.00034518434010002936,1.1798847598458357e-05,1
521,15,0.6285714285714286,2.264801598656398e-07,1.2697464937317538e-06,1
522,11,0.7636363636363637,3.982178645187323e-07,3.395224185170796e-07,1
523,43,0.5869324473975637,3.7747218958653125e-05,1.046366981033979e-05,1
524,64,0.5808531746031746,0.0001028411999512215,9.804799422253312e-06,1
525,69,0.5098039215686274,0.00023032281491447188,1.3908112621536167e-05,1
527,46,0.6531400966183575,4.8249978571746725e-05,4.3609895164154315e-06,1
528,13,0.6538461538461539,1.99339434211538e-06,4.451725722225134e-06,1
529,9,0.8611111111111112,3.64531015130895e-07,3.745538335193476e-07,1
530,4,0.6666666666666666,9.91080155908024e-08,2.0075669500949027e-07,1
531,40,0.39487179487179486,0.0002513890931530524,5.080901521783594e-06,1
532,10,0.35555555555555557,3.3036005196934132e-06,2.045589770559161e-07,1
533,6,0.5333333333333333,4.770323552290635e-08,3.49088072505755e-07,1
534,8,0.6785714285714286,1.018452983440849e-05,4.226128235161689e-06,1
535,12,0.6818181818181818,2.679119658510869e-06,9.172289952239421e-07,1
536,22,0.8138528138528138,3.075187201636989e-07,1.7885374613346857e-06,1
537,40,0.6576923076923077,4.2168220889323624e-05,3.822587610745825e-06,1
539,22,0.3203463203463203,1.2622012453768714e-05,8.199820288148695e-07,1
540,8,0.5714285714285714,2.6701512600248167e-07,6.953930561244018e-07,1
541,10,0.5777777777777777,6.6306478821888065e-06,4.363088683337478e-06,1
542,58,0.5021173623714459,0.00017628246575790644,8.567202886754283e-06,1
543,21,0.46190476190476193,5.726736862584904e-06,4.675120217814101e-06,1
544,67,0.48801447308909995,0.00010293066903604466,1.325624270137675e-05,1
545,46,0.527536231884058,2.798913990335039e-05,1.0872016458940337e-05,1
546,30,0.5241379310344828,4.170527027636124e-05,5.192001412689772e-06,1
547,32,0.5766129032258065,3.1934868660273435e-06,1.178261053690202e-06,1
548,32,0.45161290322580644,7.252651648404935e-06,1.863917489459587e-06,1
550,1,0.0,0.0,1.8332432750785833e-07,1
551,17,0.7941176470588235,1.2173982434584496e-07,6.110614033387656e-07,1
552,4,0.8333333333333334,0.0,2.1866490653161612e-07,1
553,85,0.357703081232493,0.0005830934673936514,1.0480704355603246e-05,1
554,18,0.7777777777777778,3.478634966849991e-05,4.341042565714531e-06,1
555,38,0.4822190611664296,6.934500443531447e-06,1.7467093370421213e-06,1
556,48,0.4450354609929078,0.0002734223554777178,6.97962469872548e-06,1
557,37,0.49099099099099097,2.2723859808946726e-05,2.1656075246805116e-06,1
558,20,0.5631578947368421,1.331036123391355e-05,5.029022136680772e-06,1
559,83,0.5071995298266235,0.00027647240534629385,1.2223624479431409e-05,1
560,30,0.535632183908046,5.696697910240674e-06,2.514911045992306e-06,1
561,81,0.4787037037037037,0.0001965009713045803,1.1354917345821879e-05,1
562,5,0.7,7.079143970771599e-08,2.3377851358740562e-07,1
565,20,0.6578947368421053,4.552669942960762e-07,1.5812442280088599e-06,1
567,63,0.4254992319508449,0.08817286904524899,1.2463170836024478e-05,1
568,12,0.4393939393939394,7.315115436463986e-07,3.680962515311536e-07,1
569,15,0.6761904761904762,1.7254736673682492e-06,4.807075236982462e-06,1
570,35,0.5008403361344538,1.6643251778654823e-05,5.743808544511434e-06,1
571,3,1.0,0.0,2.9337080742836717e-07,1
572,4,1.0,0.0,1.8786606569701854e-07,1
591,46,0.6347826086956522,9.649072474595977e-05,8.346165763230305e-06,1
656,3,1.0,0.0,4.6896657155627406e-07,1
669,34,0.7379679144385026,1.0247519764233401e-05,7.121980394688341e-06,1
604,35,0.6218487394957983,0.00012036780482140317,1.1085714502465748e-05,1
645,29,0.5960591133004927,0.00021102479401841266,6.247600199777356e-06,1
646,13,0.7948717948717948,9.423335145516593e-05,1.0686412570391775e-06,1
666,18,0.6666666666666666,2.0536528485886413e-06,3.748605794705973e-07,1
683,33,0.7007575757575758,0.00012336935495647715,6.263755355314018e-06,1
587,10,0.9111111111111111,1.2844073453285202e-06,8.143394953389961e-07,1
590,14,0.4725274725274725,0.0002678958406278255,5.533109337684654e-07,1
614,32,0.7096774193548387,2.0823138895851198e-05,6.794686357165577e-06,1
634,16,0.6833333333333333,7.831977788297759e-05,4.931958718322624e-06,1
680,27,0.5584045584045584,8.460525176736538e-06,3.444383474861378e-07,1
586,7,1.0,0.0,4.926002304954079e-07,1
610,5,0.9,9.65501430774804e-07,6.20286575323727e-07,1
652,4,1.0,0.0,4.812552466649226e-07,1
673,4,1.0,0.0,4.812552466649226e-07,1
676,18,0.8235294117647058,9.66499349359609e-06,5.406118006176339e-06,1
620,20,0.5421052631578948,5.6253499214804865e-06,6.049714434841152e-07,1
574,11,0.6363636363636364,4.935683028276746e-07,3.9373441516794974e-07,1
630,39,0.3535762483130904,2.1915288886111304e-05,8.67562389213266e-07,1
678,26,0.42153846153846153,1.6627788272330638e-05,7.365831246426972e-07,1
593,5,0.6,1.59280739342361e-07,4.72570611559059e-07,1
609,30,0.5011494252873563,0.00039082459825814193,4.43705492840541e-06,1
573,32,0.5725806451612904,1.2964899382181422e-06,2.4448702698550923e-07,1
575,12,0.8636363636363636,9.084901429156888e-08,1.8121334890658269e-07,1
576,14,0.978021978021978,4.504909799581928e-08,1.7221885305305291e-07,13
577,22,0.9523809523809523,4.504909799581928e-08,1.8350612939425518e-07,13
578,24,0.9021739130434783,4.504909799581928e-08,1.8600270728446175e-07,13
579,39,0.4507422402159244,6.847905079105458e-06,2.838628370777445e-07,1
581,2,1.0,0.0,1.5598710845574534e-07,1
582,21,0.9761904761904762,4.504909799581928e-08,1.820378957008666e-07,13
583,25,0.8666666666666667,7.048574939988723e-07,1.872127276529247e-07,13
584,15,0.5904761904761905,5.380392906162299e-06,6.537184125315117e-07,1
585,1,0.0,0.0,1.5486780578610908e-07,1
588,14,0.7362637362637363,0.0,1.859790204955401e-07,1
589,21,0.6333333333333333,5.847338005303548e-06,3.667384739845127e-07,1
592,41,0.44878048780487806,6.452177704328102e-06,2.858662207096965e-07,1
594,8,0.35714285714285715,0.03207195557242113,7.777835655973471e-06,14
595,19,0.9883040935672515,4.504909799581928e-08,1.7940936606599143e-07,13
597,22,0.7489177489177489,1.5207822607543978e-06,2.444094653864707e-07,1
598,16,0.8333333333333334,8.141015566387341e-08,2.171810297751856e-07,1
599,23,0.9051383399209486,5.721235445469048e-07,1.8470294576759862e-07,13
600,24,0.8804347826086957,7.048574939988723e-07,1.8574449395953614e-07,13
602,1,0.0,0.0,1.5486780578610908e-07,1
603,18,0.7973856209150327,4.082182595220059e-07,2.1466579757888233e-07,1
605,18,0.7647058823529411,1.309641634592746e-07,2.257766205277143e-07,1
607,1,0.0,0.0,1.5486780578610908e-07,1
608,1,0.0,0.0,1.5486780578610908e-07,1
611,16,0.8166666666666667,9.91080155908024e-08,1.8656150648806158e-07,1
612,15,0.6952380952380952,1.309641634592746e-07,2.177999073954214e-07,1
613,1,0.0,0.0,1.5486780578610908e-07,1
615,24,0.8659420289855072,5.697102000114145e-07,1.8590345030311793e-07,13
616,19,0.4678362573099415,1.7385096111865124e-06,3.5245198072225874e-07,1
617,25,0.5766666666666667,1.9820809004087665e-06,2.5156018365082935e-07,1
618,24,0.5253623188405797,1.4266250696964238e-05,3.7436265896312356e-07,1
619,26,0.6523076923076923,4.575244298973859e-07,2.527887692782079e-07,1
621,7,0.8571428571428571,0.0,1.683829856835982e-07,1
622,13,0.6282051282051282,0.0,1.8713473565110957e-07,1
623,17,0.7352941176470589,0.0,2.1433827345030853e-07,1
624,1,0.0,0.0,1.5486780578610908e-07,1
625,21,0.680952380952381,4.632961448097516e-07,1.9937326726385046e-07,1
626,14,0.7912087912087912,2.2299303507930538e-07,2.1227936733535178e-07,1
627,24,0.9021739130434783,4.504909799581928e-08,1.8600270728446175e-07,13
628,12,0.9242424242424242,0.0,1.6963121578031735e-07,13
631,11,0.7454545454545455,1.3162292041379345e-06,2.1004125835952645e-07,1
632,22,0.9047619047619048,5.721235445469048e-07,1.8338439312571112e-07,13
633,15,0.7619047619047619,1.0168224976199208e-07,1.8684595051712448e-07,1
635,22,0.8917748917748918,1.0284832003931893e-06,2.6892290482340163e-07,13
636,25,0.6266666666666667,2.6709366760534395e-06,2.5595860140788515e-07,1
638,1,0.0,0.0,1.5486780578610908e-07,1
639,11,0.5454545454545454,1.1086688250402818e-05,9.684915615548169e-07,1
640,23,0.9209486166007905,4.504909799581928e-08,1.8473508284062075e-07,13
642,2,1.0,0.0,1.5598710845574534e-07,1
643,24,0.8804347826086957,7.048574939988723e-07,1.8574449395953614e-07,13
644,25,0.58,2.615597125685354e-06,4.263930145670387e-07,1
647,19,0.8128654970760234,9.685556069101143e-07,2.0887474728208384e-07,13
648,2,1.0,0.0,1.5665643308010603e-07,1
650,22,0.8917748917748918,0.0,1.8335598637303447e-07,13
653,28,0.5582010582010583,1.0528270435031278e-05,4.5842580347220645e-07,1
654,33,0.49053030303030304,6.330002439490604e-06,3.6266499915377324e-07,1
655,6,0.8,2.833362232539648e-07,3.3193391409386543e-07,1
657,7,0.6190476190476191,8.447869933595851e-08,1.8683148715094157e-07,1
658,24,0.9021739130434783,4.504909799581928e-08,1.8600270728446175e-07,13
659,24,0.9021739130434783,4.504909799581928e-08,1.8600270728446175e-07,13
660,3,1.0,0.0,1.6250186525128574e-07,1
661,24,0.8804347826086957,7.048574939988723e-07,1.8574449395953614e-07,13
662,24,0.894927536231884,6.340660542911562e-07,1.8598377420655916e-07,13
663,9,0.7222222222222222,7.0135977491444e-07,3.3869126549870405e-07,1
664,17,0.7352941176470589,4.6588275510676435e-07,2.1869765164003823e-07,1
665,18,0.9215686274509803,3.829173329644638e-07,1.7757436935417871e-07,13
667,3,1.0,0.0,4.003893117187547e-06,14
668,1,0.0,0.0,1.5486780578610908e-07,1
670,23,0.932806324110672,4.504909799581928e-08,1.8477375383809618e-07,13
671,5,0.9,1.332005935722288e-07,6.654127729333479e-07,1
672,8,0.8928571428571429,3.8118467534924e-08,1.8093447458507736e-07,1
674,1,0.0,0.0,1.5486780578610908e-07,1
675,23,0.9011857707509882,0.0,1.8469342993465495e-07,13
677,22,0.6536796536796536,7.152648198082515e-06,3.421782758432652e-07,1
679,7,0.8571428571428571,6.798104802449804e-07,4.6532478446770807e-07,1
681,23,0.8814229249011858,7.048574939988723e-07,1.8463561919259968e-07,13
682,13,0.5769230769230769,1.8230910434489099e-06,2.1176416137369581e-07,1
684,20,0.7315789473684211,6.7309622976171e-07,1.9689226348185165e-07,1
685,17,0.7647058823529411,3.4238211776002416e-07,2.1076472545858579e-07,1
1967,2,1.0,0.0,0.0005916009463487954,1
3437,547,0.032230414314509376,0.22228753859197392,2.6508949832750696e-07,10
3454,14,0.26373626373626374,0.0005030503230561279,8.634043993090277e-08,10
3487,10,0.5555555555555556,0.0002861109470191024,8.51758875796746e-08,10
3723,8,0.6785714285714286,0.00024048979298431952,8.508970571189022e-08,10
3861,16,0.2,0.00121796918856534,8.493749486514829e-08,10
3961,7,0.7142857142857143,0.0002174665956233807,8.505655257795415e-08,10
3980,59,0.0853302162478083,0.027927884274726526,4.952479401109691e-08,14
3989,6,0.4666666666666667,0.0009012222217723617,4.910559388444368e-08,14
4011,4,0.8333333333333334,0.0,4.939332005903284e-08,14
4031,11,0.43636363636363634,0.002497604582901209,4.91257811856498e-08,14
686,170,0.11562826313957536,0.03525810079386821,4.0691996797414214e-11,5
687,28,0.5370370370370371,2.8831348304884804e-06,3.5583853337533257e-12,5
688,45,0.45151515151515154,1.6754313861367156e-05,5.013604683664188e-12,5
689,8,0.8571428571428571,3.468780545678084e-07,3.360953592915084e-13,5
690,9,0.8611111111111112,1.982160311816048e-08,7.953778665173633e-13,5
691,6,0.5333333333333333,0.0,3.396199948223764e-13,5
692,1,0.0,0.0,3.156608845184912e-13,5
693,14,0.7252747252747253,7.549908637078018e-07,1.7106718267525746e-12,5
694,54,0.46331236897274636,1.1395315249707282e-05,5.171924317819986e-12,5
695,41,0.5146341463414634,6.3945889094448685e-06,3.350808971049912e-12,5
696,31,0.6365591397849463,2.042179641677205e-06,3.961143552557113e-12,5
697,52,0.4193061840120664,0.0022429284782056642,3.7285381951155816e-11,5
698,68,0.13125548726953468,0.11363560267226552,4.101485195663407e-09,5
699,2,1.0,0.0,3.20853858361415e-13,5
700,7,0.8095238095238095,0.0,6.985189823931537e-13,5
701,21,0.5857142857142857,8.163885408018506e-07,2.1279798502191406e-12,5
702,8,0.8214285714285714,0.0,3.3557135730265536e-13,5
703,43,0.4141749723145072,0.002827247563765474,3.468578189139266e-11,5
704,5,0.6,2.9791397543663814e-07,3.730210938344379e-13,5
705,69,0.3269394714407502,3.8721044322350414e-05,5.629656612520703e-12,5
706,18,0.9411764705882353,0.0,2.3727347604270434e-12,5
707,10,0.6222222222222222,1.3509366410889138e-06,3.5543693296445975e-13,5
708,29,0.5073891625615764,0.00030376035002888265,3.6665061023667544e-11,5
709,17,0.7205882352941176,1.3020153561319446e-06,2.7709070484435844e-12,5
710,8,0.75,9.91080155908024e-08,1.235986392535098e-12,5
711,20,0.7105263157894737,4.5491908497693166e-07,1.538966315773943e-12,5
712,13,0.5,1.891311297524479e-06,3.639635540010303e-13,5
713,71,0.3235412474849095,0.0050506885476165764,3.700197000373249e-11,5
714,14,0.6153846153846154,2.0647503248083836e-06,3.59643047130374e-13,5
715,10,0.9333333333333333,0.0,1.1046754351537752e-12,5
716,12,0.5909090909090909,4.276982815674508e-07,7.87700813926203e-13,5
717,4,1.0,0.0,5.711208618746396e-13,5
718,30,0.5011494252873563,1.1531372728100177e-06,3.033224260722574e-12,5
719,64,0.3998015873015873,0.0030668595030144113,3.7253891322914765e-11,5
720,18,0.49673202614379086,5.335829136089064e-07,1.6450167478023862e-12,5
721,5,0.8,3.849965221027324e-07,9.189455417426583e-13,5
722,14,0.7142857142857143,3.3803606494157013e-07,1.4063019234547564e-12,5
723,12,0.7272727272727273,7.982674254607452e-07,1.360559402563762e-12,5
724,47,0.484736355226642,1.730164584190235e-05,4.0223169024603e-12,5
725,8,0.8928571428571429,0.0,3.428173818313734e-13,5
726,36,0.6190476190476191,2.951504768813916e-06,3.342334241959619e-12,5
727,26,0.5415384615384615,2.9254153455289382e-06,2.4881386998469736e-12,5
728,38,0.45376955903271693,7.2355358198775575e-06,3.744419451401159e-12,5
729,13,0.7307692307692307,1.1334762062829656e-05,3.455069272643963e-11,5
730,15,0.6190476190476191,2.2536824504823535e-07,1.604097357593037e-12,5
731,26,0.803076923076923,0.0,3.366875756494435e-12,5
732,14,0.6043956043956044,9.580441507110897e-07,3.591871156177747e-13,5
733,8,0.5357142857142857,0.0,6.488225147492718e-13,5
734,23,0.4308300395256917,6.279270105446672e-07,1.804115455091523e-12,5
735,5,0.8,0.0,1.4583504908882847e-12,5
736,14,0.4175824175824176,1.5491526722705186e-06,6.925947976344702e-13,5
737,16,0.7083333333333334,9.55684436054166e-07,2.0385884468358e-12,5
738,25,0.61,2.0946560599589154e-06,1.9098571199460117e-12,5
739,29,0.49014778325123154,2.680769924961929e-06,3.042516293812986e-12,5
740,8,0.42857142857142855,3.592665565166587e-07,4.479949050167105e-13,5
741,17,0.5955882352941176,7.680871208287185e-07,2.009022888320242e-12,5
742,12,0.4393939393939394,1.999858171742977e-06,6.910123123456128e-13,5
743,3,1.0,0.0,3.281633191373113e-13,5
744,2,1.0,0.0,3.3829765070676186e-13,5
745,57,0.41040100250626566,0.002361516160366515,3.576517611251937e-11,5
746,9,0.6944444444444444,3.303600519693413e-07,6.361702614520436e-13,5
747,57,0.34523809523809523,0.002531736600522634,3.822786162320666e-11,5
748,19,0.5321637426900585,9.007574448116953e-07,1.9716248770724728e-12,5
749,2,1.0,0.0,3.183878754105492e-13,5
750,2,1.0,0.0,3.301787449382862e-13,5
751,12,0.7424242424242424,3.8118467534924e-08,1.6251371872529588e-12,5
752,38,0.6586059743954481,1.1717838151830694e-06,4.1894436251409326e-12,5
753,13,0.6153846153846154,3.854992231165324e-06,3.469352581170765e-11,5
754,30,0.5977011494252874,2.310191725678326e-06,3.159913930281314e-12,5
755,19,0.6023391812865497,1.1940316325663062e-06,1.4499160571201012e-12,5
756,10,0.6888888888888889,8.696531725204834e-07,1.0778977628800624e-12,5
757,4,0.5,4.95540077954012e-07,3.4472706102339845e-13,5
758,20,0.6157894736842106,8.887832252301549e-07,1.4772865772512456e-12,5
759,10,0.6222222222222222,0.0,1.3383972499296952e-12,5
760,30,0.7126436781609196,1.0906988418695512e-06,3.717917706994721e-12,5
761,8,0.75,3.8604388208414783e-07,1.2830430059114445e-12,5
762,13,0.8717948717948718,2.532760398431617e-07,1.933859014948095e-12,5
763,14,0.6043956043956044,0.0,1.3152210013894858e-12,5
764,28,0.582010582010582,4.029665192852588e-06,2.5129286628166845e-12,5
765,14,0.7362637362637363,1.5898824092811083e-06,1.9440570541732e-12,5
766,35,0.5899159663865546,5.008753916097726e-06,3.5416521765961177e-12,5
767,8,0.7142857142857143,1.6518002598467065e-07,3.381735980733574e-13,5
768,14,0.4065934065934066,2.234649780106902e-06,6.565546025472516e-13,5
769,15,0.6,4.944391799913286e-05,3.496206154127265e-11,5
770,27,0.3504273504273504,1.68614631329804e-05,1.830011095287881e-12,5
771,15,0.4380952380952381,2.19689434559612e-06,4.260956419166198e-13,5
772,18,0.6797385620915033,0.0005765499752058554,3.394387166831977e-11,5
773,36,0.580952380952381,4.0740473551790557e-07,3.3345280739380774e-12,5
774,37,0.481981981981982,0.001219362932322598,3.691034900937773e-11,5
775,2,1.0,0.0,3.183878754105492e-13,5
776,9,0.6666666666666666,2.0430704463978955e-05,3.339658953947338e-11,5
777,18,0.5490196078431373,3.5672862564788322e-06,1.5091372342900214e-12,5
778,16,0.6583333333333333,1.1107205984892574e-06,1.7269353308444134e-12,5
779,18,0.6666666666666666,1.670713730354475e-06,1.7520228448935676e-12,5
780,34,0.5757575757575758,3.29606446380255e-06,3.78767035782372e-12,5
781,52,0.4411764705882353,6.264137095705642e-06,4.851735829536794e-12,5
782,13,0.38461538461538464,4.763673963665056e-06,9.27991208466148e-13,5
783,18,0.6405228758169934,0.0,9.436852404111348e-13,5
784,40,0.5128205128205128,7.707163330368679e-06,3.0332851797348007e-12,5
785,3,1.0,0.0,3.373440403595797e-13,5
786,9,0.5555555555555556,0.0,4.0219597404398327e-13,5
787,29,0.5172413793103449,2.6317872305537855e-06,2.3940170476567272e-12,5
788,4,0.6666666666666666,4.2946806756014376e-07,3.269038180721433e-13,5
789,13,0.5641025641025641,1.1362026073088418e-06,3.6421992521475434e-13,5
790,4,0.8333333333333334,0.0,6.100861708437872e-13,5
791,7,0.8571428571428571,9.91080155908024e-08,3.4025968117385917e-13,5
792,23,0.6403162055335968,7.329059204891264e-07,2.915790756736811e-12,5
793,20,0.5894736842105263,1.0901757953730034e-06,1.1463106174997926e-12,5
794,14,0.7912087912087912,1.2070848052725934e-07,1.388851078386839e-12,5
795,18,0.5424836601307189,5.368350844501797e-07,9.02793326312169e-13,5
796,7,0.6666666666666666,8.589361351202875e-07,3.553697388674232e-13,5
797,26,0.5046153846153846,1.296701618043195e-06,1.8325684037453292e-12,5
798,7,0.47619047619047616,0.0004979181128500235,3.195170492804495e-11,5
799,12,0.45454545454545453,2.4906788203831413e-06,1.0374758061754975e-12,5
800,37,0.5345345345345346,0.0011496460636543368,3.668882999122679e-11,5
801,1,0.0,0.0,3.156608845184912e-13,5
802,5,1.0,0.0,3.3440056552425233e-13,5
803,20,0.3368421052631579,0.0014414041693149038,3.2749869286279157e-11,5
804,16,0.5083333333333333,0.0001823369485356492,3.461784719874129e-11,5
805,66,0.37435897435897436,0.003666582538598091,3.7294534974114264e-11,5
806,15,0.49523809523809526,1.3875122182712336e-06,3.6717297555563933e-13,5
807,20,0.7210526315789474,1.7743516555772337e-06,2.8846546815516474e-12,5
808,9,0.8611111111111112,0.0,4.485309388501418e-13,5
809,18,0.7320261437908496,1.6298670146381198e-07,1.1881593353525928e-12,5
810,32,0.6532258064516129,0.0006697917576828035,3.509053924705927e-11,5
811,9,0.8333333333333334,1.7756317442681558e-06,3.3565589632045074e-11,5
812,8,0.7857142857142857,1.1584053770353527e-07,7.861054274320499e-13,5
813,10,0.5333333333333333,1.708524169868915e-07,9.494998329867697e-13,5
814,26,0.6276923076923077,1.7395817389952566e-06,3.2471211644250842e-12,5
815,39,0.5425101214574899,8.32429636122416e-06,4.685921745000133e-12,5
816,9,0.6666666666666666,7.232525423471651e-07,6.341418809345282e-13,5
817,24,0.5579710144927537,1.6692420931941096e-06,2.862451128191228e-12,5
818,16,0.44166666666666665,7.0552474811824555e-06,1.2168550689919963e-12,5
819,37,0.5165165165165165,0.0011442962016901554,3.6451786254189214e-11,5
820,38,0.43812233285917496,4.716451631598244e-06,3.7613872314435354e-12,5
821,9,0.75,1.1173942934257132e-07,5.274335534156649e-13,5
822,15,0.41904761904761906,4.856292763949317e-06,3.8252332702120237e-13,5
823,56,0.45324675324675323,0.002310424377861034,3.770164722917698e-11,5
824,58,0.42710223835450695,2.3115937378013367e-05,5.092171636223613e-12,5
825,6,0.6,5.9437157306827e-06,3.269730157118062e-11,5
826,11,0.6363636363636364,0.0,1.0814739419793414e-12,5
827,45,0.4777777777777778,4.884502513546516e-06,4.9714603618232775e-12,5
828,79,0.32684193443687115,0.004428639013505693,3.833067993180481e-11,5
829,34,0.5098039215686274,3.6002053249547553e-06,2.3599161914874364e-12,5
830,55,0.4356902356902357,0.003299802293333622,3.666140223079371e-11,5
831,15,0.6095238095238096,1.1506602816952947e-06,1.701921816973495e-12,5
832,4,0.8333333333333334,0.0,5.863041615096977e-13,5
833,15,0.3619047619047619,2.061210752822998e-06,6.573370077834361e-13,5
834,43,0.6090808416389811,3.6205134037287417e-06,4.315184208415332e-12,5
835,20,0.6368421052631579,4.304150583106198e-07,2.088259499847084e-12,5
836,12,0.5454545454545454,0.0,5.386787067383666e-13,5
837,13,0.5897435897435898,2.9112979579798205e-07,1.87896356361155e-12,5
838,22,0.7489177489177489,1.0966361784090735e-06,3.213934018312419e-12,5
839,15,0.5714285714285714,2.47770038977006e-06,3.6708370277175203e-13,5
840,27,0.6182336182336182,0.0005295136125614169,3.567461227886252e-11,5
841,2,1.0,0.0,3.1923455541662093e-13,5
842,37,0.5690690690690691,6.173366259970115e-06,3.2666177817056927e-12,5
843,13,0.717948717948718,1.7068602685082637e-07,1.6606804034641587e-12,5
844,14,0.8351648351648352,3.7686031138519397e-07,1.982759464839222e-12,5
845,23,0.5612648221343873,1.9333465181051657e-06,2.935306666633326e-12,5
846,6,0.6,3.776785406160778e-07,9.332064494932331e-13,5
847,27,0.7008547008547008,1.4708054544831282e-06,2.8203419957902436e-12,5
848,21,0.49047619047619045,7.845127830109714e-06,2.8702848900592643e-12,5
849,30,0.4482758620689655,8.90673147554214e-06,2.7813049013642614e-12,5
850,10,0.35555555555555557,2.8664633794982674e-06,6.767429379598318e-13,5
851,4,1.0,0.0,1.1830446662296564e-12,5
852,4,1.0,0.0,5.711208618746397e-13,5
853,44,0.5602536997885835,3.8283430344724575e-06,3.994514009500879e-12,5
854,3,1.0,0.0,3.595120130224261e-13,5
855,4,1.0,0.0,5.711208618746397e-13,5
856,39,0.31713900134952766,0.0004658761397690551,3.9666890783504887e-11,5
890,7,0.8095238095238095,6.005529030472475e-08,3.293520444766745e-11,5
857,12,0.42424242424242425,0.0002564161810800228,7.1323917713382734e-09,10
858,5,1.0,0.0,3.276319665950685e-11,5
859,2,1.0,0.0,3.156873224043473e-11,5
860,2,0.0,0.05704529104693087,1.212705370563704e-07,5
861,10,0.8888888888888888,0.0,3.3729479167588866e-11,5
862,24,0.4492753623188406,0.011991442664294099,1.4509714976091667e-07,10
863,11,0.8909090909090909,8.802356647867319e-08,3.397165071064422e-11,5
864,5,0.8,1.6200348702342702e-07,3.23657570503863e-11,5
865,4,1.0,0.0,1.2305676120408764e-09,10
866,5,0.7,0.0,3.232503271106061e-11,5
867,8,0.8214285714285714,0.0,3.308339778728191e-11,5
868,4,1.0,0.0,1.2305676120408764e-09,10
869,7,0.9047619047619048,1.1650934721778922e-07,3.297077140353264e-11,5
870,7,0.7142857142857143,0.0,3.3261363287470836e-11,5
871,7,0.6666666666666666,6.19425097442515e-07,8.794906615044218e-11,5
872,7,0.9523809523809523,0.0,3.283785663791457e-11,5
873,6,1.0,0.0,3.258839919977715e-11,5
874,7,0.9523809523809523,0.0,3.283785663791457e-11,5
875,1,0.0,0.0,3.1311595804881034e-11,5
876,11,0.8909090909090909,8.802356647867319e-08,3.397165071064422e-11,5
877,4,1.0,0.0,3.208171243203889e-11,5
878,10,0.9333333333333333,8.802356647867319e-08,3.371745611537652e-11,5
879,6,0.7333333333333333,0.0,3.3005211313977565e-11,5
880,8,0.8214285714285714,0.0,3.328830944387593e-11,5
881,7,0.7619047619047619,0.0,3.3263316845797674e-11,5
882,8,0.9642857142857143,8.802356647867319e-08,3.319890344422466e-11,5
883,1,0.0,0.0,3.1311595804881034e-11,5
884,4,0.8333333333333334,0.0,3.206128629011039e-11,5
885,9,0.6666666666666666,0.0,3.332497287461458e-11,5
886,8,0.9642857142857143,0.0,3.315263702359313e-11,5
887,6,1.0,0.0,3.258839919977715e-11,5
888,9,1.0,0.0,3.3463628903984915e-11,5
889,13,0.7051282051282052,8.802356647867319e-08,3.448783987054329e-11,5
891,1,0.0,0.0,3.1311595804881034e-11,5
892,1,0.0,0.0,3.1311595804881034e-11,5
893,4,0.8333333333333334,1.6200348702342702e-07,3.211541815409118e-11,5
894,4,0.8333333333333334,0.0,3.207227537199846e-11,5
895,6,0.8,0.0,3.3010616995988715e-11,5
3456,51,0.47215686274509805,0.0019527629634904296,1.5399477255110318e-07,10
3495,56,0.38896103896103895,0.0014743331054942882,1.5829151708533502e-07,10
3586,44,0.4788583509513742,7.58624676506734e-06,2.553497486458543e-08,10
3621,11,0.4727272727272727,0.0,9.289853905586381e-09,10
3626,8,0.4642857142857143,0.0,3.219916158278263e-09,10
3797,43,0.4983388704318937,0.0005446542652932704,1.5801164928585697e-07,10
3501,50,0.5289795918367347,0.0005689936858170851,1.5956577679338336e-07,10
3517,17,0.7132352941176471,4.7040554153253513e-07,1.5029735074165147e-08,10
3550,19,0.4502923976608187,0.0004925334718304113,1.3624202960050502e-07,10
3577,52,0.5,0.0006480649382069016,1.5973853442673954e-07,10
3592,13,0.3333333333333333,0.0011378829670255213,1.306182822726333e-07,10
3609,27,0.7094017094017094,0.00013728903612019914,1.5192960180441225e-07,10
3633,65,0.40240384615384617,0.0009364295795078487,1.6185120700181545e-07,10
3677,50,0.4,0.0011233581991959504,1.539067457431038e-07,10
3684,67,0.34780642243328813,0.0015474919524129226,1.602890199344638e-07,10
3721,30,0.5678160919540229,0.00044817837900271217,1.4817971689808447e-07,10
3779,19,0.30409356725146197,7.052050242969834e-06,8.162916763423847e-09,10
3872,14,0.43956043956043955,0.0004899633128878534,1.3421028426672602e-07,10
3948,59,0.4091174751607247,0.0009098704004714741,1.6116960248246318e-07,10
2678,9,0.8055555555555556,4.454296145495707e-07,4.806957801448794e-07,2
2760,11,0.4909090909090909,1.7661313802528288e-06,3.680507797985023e-07,2
2822,14,0.5934065934065934,8.322713969337413e-06,7.473151275810074e-07,2
2883,15,0.3523809523809524,1.680923128751567e-05,1.2770083102076447e-06,2
2941,11,0.5454545454545454,2.8906504547317363e-07,3.293984911196337e-07,2
2968,13,0.3333333333333333,2.830141710294596e-05,8.388319862813587e-07,2
3005,43,0.27464008859357697,4.2104361334709856e-05,4.249743225321491e-07,2
3057,17,0.35294117647058826,1.1697937505051933e-05,5.101143078059847e-07,2
3136,62,0.23426758328926495,5.16972735309207e-05,3.2548225662631687e-07,2
3164,10,0.6222222222222222,1.4778990241107651e-06,6.079358984299788e-07,2
3222,15,0.5333333333333333,7.035769158499655e-06,1.1541812453033146e-06,2
3245,14,0.4945054945054945,1.0033686650177176e-05,1.2605324969239016e-06,2
3248,31,0.23870967741935484,8.806515508076239e-05,6.392786666470192e-07,2
3263,58,0.17604355716878403,0.0003456907660776742,1.56734578727851e-06,2
3278,19,0.4619883040935672,9.921877964341026e-06,1.419380189202942e-06,2
3328,18,0.1830065359477124,9.434335841269697e-06,2.2658851166384303e-07,2
3361,14,0.42857142857142855,5.552753960041795e-06,7.336195713167467e-07,2
3440,26,0.5230769230769231,0.0007484409404471026,1.4208914087047826e-07,10
3525,36,0.42698412698412697,0.0014431772150491212,1.4931166994153194e-07,10
3540,34,0.47771836007130125,0.0007136855578296588,1.460801437880075e-07,10
3556,13,0.47435897435897434,0.00019727770433188366,1.3242447280594419e-07,10
3561,14,0.31868131868131866,0.0011871555097523006,1.283745785022162e-07,10
3651,32,0.5766129032258065,0.0003569271698412546,1.4840561507131876e-07,10
3674,38,0.5092460881934566,0.0006017560275990504,1.500060362381466e-07,10
3692,38,0.65149359886202,0.00029589226372974493,1.5502739241852644e-07,10
3741,18,0.6928104575163399,0.0003617736049586966,1.420933731318887e-07,10
3750,29,0.5147783251231527,0.0002967823643079334,1.4668942209837948e-07,10
3756,61,0.3737704918032787,0.0012294941632526692,1.58845697489475e-07,10
3830,108,0.1806853582554517,0.008731366643931919,1.5973113214490348e-07,10
3851,59,0.44535359438924604,0.001036822816619395,1.601373522958509e-07,10
3877,55,0.37575757575757573,0.0014720724846187566,1.5338604823022388e-07,10
3886,29,0.5517241379310345,0.0006074485036068898,1.475709607449243e-07,10
3943,25,0.7533333333333333,0.00034360758164629163,1.4462984776888168e-07,10
3962,39,0.5519568151147098,0.0005852921049288306,1.5283999995141682e-07,10
2677,15,0.2571428571428571,2.0146263833598635e-05,7.771987731467247e-07,2
2826,10,0.3111111111111111,1.353337183631963e-05,7.993688649469442e-07,2
2724,70,0.282815734989648,9.20668624734028e-05,9.296976738797426e-07,2
2752,7,0.42857142857142855,5.980893440861616e-06,7.539835711402211e-07,2
2775,27,0.5270655270655271,9.147016436210404e-06,8.428151937787522e-07,2
2869,70,0.484472049689441,0.00023064461339668057,1.271847018551609e-06,2
2892,29,0.45073891625615764,1.3353158388563616e-05,8.398959984977366e-07,2
2962,19,0.3684210526315789,2.775425835556661e-05,7.847621559397098e-07,2
3001,35,0.3563025210084034,2.1555994199896637e-05,8.581977585828902e-07,2
3019,70,0.27867494824016564,0.00010458673308502418,1.0598527534431844e-06,2
3100,34,0.36185383244206776,9.951510162822761e-05,1.224579285722538e-06,2
3162,57,0.3508771929824561,2.6226971415397248e-05,9.026654028903515e-07,2
3168,48,0.41843971631205673,4.163648903457153e-05,1.0180032964301614e-06,2
3233,63,0.31131592421915005,3.97180426767315e-05,9.097557813702233e-07,2
3295,46,0.41545893719806765,3.417651043867617e-05,8.913235808877003e-07,2
3304,35,0.453781512605042,4.541761178728663e-05,8.128535043958963e-07,8
3331,36,0.2,2.4550288318109032e-05,8.364767226744189e-07,2
3366,62,0.3157059756742464,3.875501644781409e-05,9.098252747096698e-07,2
3404,18,0.41830065359477125,2.555266727022065e-05,7.709168054956206e-07,2
3406,70,0.38343685300207037,0.00010216670967242694,8.961433554325701e-07,2
3412,45,0.4626262626262626,2.8190543756903646e-05,8.633718316233606e-07,2
2813,27,0.19943019943019943,3.734327651787287e-05,4.575408957399859e-07,2
2971,4,0.6666666666666666,5.5060008661556886e-08,2.6561502062206667e-07,2
3034,43,0.24141749723145073,4.227721976459633e-05,3.5995240976718675e-07,2
3178,25,0.2833333333333333,1.4630624158704127e-05,3.059502503966638e-07,2
3410,16,0.7416666666666667,1.5169032386258925e-06,2.857544570146443e-07,2
3420,23,0.541501976284585,2.9728169291959052e-06,3.059108308057237e-07,2
2976,41,0.4097560975609756,3.290111024676516e-05,4.4222318617211976e-07,2
3011,42,0.3333333333333333,4.719359602002883e-05,4.7025117776677943e-07,2
3179,68,0.4363476733977173,2.3588830566018805e-05,5.093222381109086e-07,2
3289,19,0.30994152046783624,3.1899007788485806e-05,6.515182198980915e-07,2
1920,123,0.6418765827002533,6.737913882244248e-05,0.006261362513398465,4
1941,223,0.3705813436755141,0.001424710717144151,0.05169597412040045,4
1948,108,0.7114918656974731,3.095157517257233e-05,0.005524292900808401,4
1959,120,0.5438375350140056,0.0001277571879624205,0.006321886769366627,4
2028,106,0.6975741239892184,1.9113377881480963e-05,0.00529892929961111,4
2047,205,0.30636059301769486,0.0016878688386020378,0.00754103923918419,4
2053,115,0.6006102212051869,6.24643539071415e-05,0.0059272015123347154,4
2065,26,0.6123076923076923,3.422849648654045e-05,0.004272516968253081,4
2087,156,0.5621174524400331,0.0003752418911062697,0.007228710835696785,4
2125,121,0.6260330578512396,3.711374053851178e-05,0.005732591072873239,4
2132,94,0.5616563715396934,0.0002305034526174575,0.003924176340741855,4
2134,85,0.6988795518207283,0.0001060518349779128,0.004423061773211797,4
2148,90,0.7176029962546816,2.5858648108846886e-05,0.004894399219990728,4
2149,128,0.6122047244094488,4.1185781801099166e-05,0.005556637029072096,4
2169,109,0.6591913013931363,4.476509784088365e-05,0.004901874946612142,4
2191,88,0.7567920585161965,2.447988975273005e-05,0.005406446819174871,4
2194,109,0.655113829425756,4.798186127501263e-05,0.005626796332719764,4
2196,110,0.7095913261050876,1.7007746626404153e-05,0.005575311511241299,4
2198,55,0.7185185185185186,5.312086241741013e-06,0.002415188718566488,4
2239,44,0.6035940803382663,1.8487187178850023e-05,0.00321821190752672,4
2266,234,0.5933017864348337,0.001515414929833654,0.0869805448108386,12
2282,154,0.5317884729649436,0.0002004229045158671,0.006469485334274909,4
2285,55,0.6841750841750842,2.140807563869227e-05,0.0031714958676577008,4
2293,54,0.8190076869322153,7.385141465958739e-06,0.004471306405237177,4
2315,73,0.7941400304414004,3.0221341597590916e-06,0.004316005910491859,4
2328,166,0.48258488499452357,0.000437715536659587,0.007814559903465376,4
2332,103,0.6632400533028745,3.0120278211664064e-05,0.005226257594164651,4
2333,160,0.48907232704402515,0.0003952417068408048,0.007606111952461112,4
2338,109,0.6751613999320422,9.22998320190319e-06,0.005905221220622194,4
2347,291,0.3996445076430857,0.0027585367199149356,0.08033482893027491,12
2351,110,0.678231859883236,1.5777864313857472e-05,0.006095875718654658,4
2368,79,0.6075949367088608,0.00025131736386372114,0.0034737806078713957,4
2372,105,0.6600732600732601,4.547559222915351e-05,0.0050324162422041826,4
2385,57,0.62468671679198,0.0001516268909144838,0.0037669458851273393,4
2399,77,0.6114149008885851,8.172409659919732e-05,0.0033931511350960624,4
2420,81,0.7759259259259259,1.3472547765958212e-05,0.005569014514494925,4
2496,22,0.9090909090909091,0.0,0.0017976574250860135,4
2501,76,0.4792982456140351,0.00014272469903520594,0.007226129568945861,4
2509,134,0.5461788800359106,0.00019857204480895488,0.005125370821691106,4
2512,105,0.5124542124542124,0.0008041049486223791,0.008982787929140932,4
2516,88,0.6442006269592476,1.6912220677832053e-05,0.004730225236294035,4
2530,29,0.5714285714285714,2.332458907726598e-05,0.004001063413953357,4
2542,196,0.6961276818419676,0.0011201072679032677,0.07898849330953911,12
2555,135,0.6121614151464898,3.511552822861721e-05,0.006587675245058624,4
2567,116,0.6353823088455772,4.354225246415407e-05,0.007314362685280705,4
2592,125,0.5849032258064516,0.00010349794445677062,0.006572121318054435,4
2597,105,0.6424908424908425,3.536626126087133e-05,0.006569180312595056,4
2608,99,0.5662749948464234,8.192649890939326e-05,0.004344454492818904,4
2642,127,0.4360704911886014,0.0004900321752577303,0.005239842467537842,4
2725,8,0.35714285714285715,7.1653093090017e-06,3.454593811031675e-07,2
2734,26,0.15692307692307692,2.860813728509691e-05,2.9826811339202545e-07,2
2764,25,0.31333333333333335,5.5046946478025824e-05,1.0910005651378182e-06,2
2964,18,0.21568627450980393,2.9064287926571184e-05,4.291078378852929e-07,2
3020,37,0.17717717717717718,0.00012144054732574315,7.157817827596036e-07,2
3062,32,0.37298387096774194,2.3914826794964048e-05,3.679816318352486e-07,2
3079,39,0.5384615384615384,2.1212060638629107e-05,3.381477714885626e-07,2
3165,7,0.6666666666666666,5.723380640611706e-06,3.948580289452729e-07,2
3205,15,0.21904761904761905,2.291539108362248e-05,4.3864533257166125e-07,2
3258,47,0.44680851063829785,0.00016745459684296862,7.382608140105374e-07,2
3386,52,0.43137254901960786,3.938388502739568e-05,3.806248846288338e-07,2
3409,16,0.3,1.092894132436129e-05,2.846413171765659e-07,2
2693,18,0.3202614379084967,5.40198732531697e-05,6.534561510101093e-07,2
2979,18,0.24183006535947713,2.9209982588419657e-05,7.034830529111962e-07,2
3101,122,0.3838233301720634,0.0002662147931137822,8.102381127383023e-07,2
3265,48,0.7375886524822695,9.602908689125585e-05,6.26077602363476e-07,2
3385,53,0.2656023222060958,0.0001269314743046143,7.317520175209949e-07,2
1913,19,0.7192982456140351,8.940967082766865e-06,0.000965219405297014,4
1916,79,0.6806231742940604,3.6280685385543484e-05,0.003023380797487636,4
1940,93,0.6979897148200094,1.1553318987998944e-05,0.004658747662634689,4
1947,120,0.5686274509803921,0.00015819607708943644,0.004893305427107856,4
1954,93,0.5046750818139317,0.0007462984851200585,0.003470714581350544,4
1994,64,0.808531746031746,2.6110831768995336e-06,0.004601196995051224,4
2002,85,0.6112044817927171,1.4811420515497292e-05,0.004581770960397036,4
2010,84,0.8029259896729777,2.632194918405109e-06,0.00394028536580678,4
2026,96,0.5114035087719299,0.00013614293204328629,0.010413759494560915,4
2052,106,0.72848158131177,1.3849210988486282e-05,0.005332429051542489,4
2062,76,0.5470175438596491,0.00012343015786927478,0.006209389662723202,4
2101,71,0.6366197183098592,6.259586509371229e-05,0.0028282856833371562,4
2137,49,0.6632653061224489,1.6739318828269318e-05,0.005909802898232002,4
2144,78,0.7718947718947718,2.4249019791221333e-05,0.004051809421242517,4
2151,86,0.7493844049247605,9.043914129976431e-06,0.0047399531995290616,4
2163,31,0.6129032258064516,1.3367407552646812e-05,0.0026027267224839595,4
2176,117,0.48320070733863835,0.00031027067099494496,0.004169913677315735,4
2215,58,0.6388384754990926,4.108693968193182e-05,0.003928547437407196,4
2241,119,0.6621563879789204,1.9178588337354216e-05,0.005420719358526936,4
2246,95,0.6777155655095185,2.0358796656711456e-05,0.004778908513842052,4
2273,91,0.7032967032967034,1.5665644957929423e-05,0.004002826147516019,4
2294,122,0.5829833355913833,0.0001081206791400124,0.004278904497281315,4
2295,23,0.758893280632411,2.3254508191569328e-06,0.0016800593313162455,4
2298,17,0.5,2.5452456405912703e-05,0.0013174100519091512,4
2343,79,0.7445634534242129,2.7289846528540648e-05,0.0039060315118349524,4
2344,121,0.5410468319559228,0.0001932554587216065,0.0048681965506906285,4
2355,30,0.5471264367816092,1.5056250865004178e-05,0.0019590681573969024,4
2377,94,0.6250285975749257,5.653286173828311e-05,0.00387568286862605,4
2389,28,0.42592592592592593,5.015336515051093e-05,0.0010525108163057784,4
2394,95,0.6047032474804032,0.00013990695119731194,0.003895940026775236,4
2413,17,0.7941176470588235,9.904131082527825e-06,0.0009037789308579406,4
2419,109,0.5341488277268094,0.00014764642605054578,0.004127294279753171,4
2465,60,0.8576271186440678,2.710298043440921e-06,0.003432379628835671,4
2468,177,0.553030303030303,0.0011133037443793103,0.06282710502251235,12
2519,35,0.7647058823529411,7.625214713936135e-07,0.0020934391997687036,4
2544,30,0.6275862068965518,8.231442302875135e-06,0.0023408181406628596,4
2582,101,0.7106930693069307,1.5637599839127197e-05,0.004858766387427462,4
2588,91,0.7028083028083028,3.499333927502959e-05,0.004065074453984481,4
2594,94,0.5099519560741249,0.00011860122670782235,0.004863545511920842,4
2605,17,0.5588235294117647,6.845639086369679e-06,0.00191017368265215,4
2609,49,0.9379251700680272,9.562451063689091e-08,0.0035350347946429034,4
2616,100,0.616969696969697,5.0244364818552147e-05,0.00436845036420037,4
2903,8,0.6071428571428571,1.1549015583023445e-06,2.3329362500171102e-07,2
2938,20,0.32105263157894737,8.644194464224341e-06,2.5351285928086077e-07,2
2999,30,0.28045977011494255,1.2791017564618073e-05,2.9267243967476904e-07,2
3201,92,0.5212613473483039,3.645408860526754e-05,4.4013869018444294e-07,2
3319,26,0.3323076923076923,1.7400165684783513e-05,2.67513518986701e-07,2
3355,54,0.6009783368273934,1.4424819981094386e-05,3.363143919602402e-07,2
3097,41,0.22439024390243903,3.630652964973677e-05,3.326726440938225e-07,2
2707,15,0.3619047619047619,1.5109143988727858e-05,5.390207390851207e-07,2
3111,52,0.36048265460030166,0.00019187493557264965,6.054623274664e-07,2
3186,23,0.3557312252964427,7.026276250869526e-05,5.655106116763766e-07,2
2661,99,0.4683570397856112,7.636978638619196e-06,3.521787616056187e-07,2
2662,37,0.4114114114114114,5.49664261764221e-06,2.2996153583178083e-07,2
2663,26,0.5076923076923077,1.6137498610038091e-06,1.5926851564560212e-07,8
2664,83,0.5548045841904202,5.472617244276616e-06,3.027489824025743e-07,8
2665,50,0.2710204081632653,1.69276615315305e-05,2.3303716684529366e-07,2
2666,61,0.6338797814207651,7.30468579155878e-06,2.51709603917273e-07,8
2667,20,0.3157894736842105,5.219688821115593e-06,1.47057678663012e-07,2
2668,34,0.23885918003565063,2.615352199086571e-05,1.7128499347022403e-07,2
2669,97,0.5375859106529209,3.4999705633800775e-05,3.275433025945564e-07,8
2670,19,0.7953216374269005,4.1862245596389743e-07,1.394970546900771e-07,3
2671,6,1.0,0.0,1.3246460296654588e-07,2
2672,37,0.5885885885885885,1.0317832593136092e-06,2.0235330732761502e-07,2
2673,29,0.6477832512315271,9.936670574310101e-07,1.7891785049270734e-07,8
2674,70,0.631055900621118,1.083855331576481e-06,2.8992783726650483e-07,2
2675,38,0.41963015647226176,8.179323801184884e-06,1.902684260595878e-07,2
2676,83,0.5642080517190714,1.1375704350819149e-05,3.0048207605694e-07,8
2679,93,0.47007947639083686,1.6965765410650802e-05,3.1061922713719505e-07,8
2680,53,0.6088534107402032,2.492479067980078e-06,2.386388971827483e-07,8
2681,45,0.5606060606060606,1.4406904620608015e-06,2.1282861074224972e-07,8
2682,16,0.5916666666666667,0.0,1.962377571590296e-07,2
2683,78,0.43356643356643354,2.5450612328892522e-05,2.6824094972786645e-07,8
2684,28,0.708994708994709,9.815287617929637e-07,1.8949752248713837e-07,2
2685,12,0.5454545454545454,9.704326526599402e-07,1.553880406465838e-07,2
2686,24,0.45652173913043476,9.611780607944987e-07,1.6594968871790532e-07,2
2687,21,0.7619047619047619,9.268686897628841e-08,1.6034208089948802e-07,2
2688,11,0.36363636363636365,1.189296187089629e-06,1.5480964978860612e-07,2
2689,67,0.5707824513794663,8.021922544319806e-06,2.629686966598214e-07,8
2690,31,0.22580645161290322,1.5409526638377084e-05,1.7455979360196888e-07,2
2691,3,1.0,0.0,1.230693761772804e-07,2
2692,5,0.8,3.303600519693413e-08,1.3986234109857323e-07,2
2694,93,0.5081813931743806,2.4611945616239167e-05,3.2306633029613264e-07,8
2695,11,0.8181818181818182,0.0,1.4015816434502e-07,8
2696,19,0.39766081871345027,6.568115373574349e-06,1.6349674194883136e-07,2
2697,16,0.5166666666666667,0.0,1.598658590296698e-07,2
2698,69,0.6197783461210571,3.7230729466719897e-06,2.726911225535588e-07,8
2699,13,0.9358974358974359,8.259001299233534e-08,1.3353804767912193e-07,3
2700,15,0.20952380952380953,4.299400104915285e-06,1.4209522143773383e-07,2
2701,26,0.8246153846153846,4.002269657023399e-07,1.797041271233639e-07,2
2702,24,0.3333333333333333,1.5005516261634906e-06,1.577598347893695e-07,2
2703,18,0.8562091503267973,2.5344242997922683e-07,1.3856368394476013e-07,3
2705,27,0.6837606837606838,1.2271632287022243e-06,1.8188578599461764e-07,8
2706,67,0.47715965626413387,7.138176161079326e-06,2.530849837176361e-07,8
2708,34,0.6541889483065954,2.0060179908685296e-06,2.0420110791975822e-07,2
2709,12,0.4090909090909091,2.865873450834036e-06,1.360611803801754e-07,2
2710,13,0.5256410256410257,0.0,1.3818397350602304e-07,8
2711,31,0.34623655913978496,6.855094839622064e-06,2.068064719671101e-07,2
2712,44,0.5126849894291755,1.2576706561028405e-06,2.1875946395297326e-07,2
2713,31,0.4860215053763441,4.3148743875693445e-06,1.9035517147347183e-07,2
2714,3,0.6666666666666666,2.47770038977006e-07,1.2779102231587908e-07,2
2715,32,0.3024193548387097,9.28278126443307e-06,1.7029315733877677e-07,2
2716,95,0.29720044792833145,8.321334881909136e-05,3.2596087984456946e-07,2
2717,54,0.7638015373864431,1.9156073790696415e-06,2.41457061891259e-07,8
2718,37,0.3303303303303303,1.0723941250111707e-05,2.288121630412631e-07,2
2719,100,0.42363636363636364,2.743379458327812e-05,3.658689464250001e-07,2
2720,49,0.4574829931972789,7.490564022647563e-06,2.3776735904956177e-07,2
2721,6,1.0,0.0,1.3246460296654588e-07,2
2722,3,1.0,0.0,1.282788238448198e-07,2
2723,12,0.45454545454545453,1.2099436903377128e-06,1.3902297618215084e-07,2
2726,17,0.5955882352941176,0.0,1.4436224309995938e-07,8
2727,13,0.4230769230769231,2.064750324808383e-06,1.482305218622004e-07,2
2728,38,0.5064011379800853,1.0138586854015002e-05,2.3024352690167095e-07,2
2729,63,0.46953405017921146,1.75560610886395e-05,2.356179999705679e-07,8
2730,89,0.20250255362614913,7.54001255872359e-05,3.273257353369629e-07,2
2731,29,0.6527093596059114,1.1841662775087182e-06,1.7129446094495398e-07,8
2732,8,0.9642857142857143,0.0,1.2789345328187575e-07,2
2733,24,0.6666666666666666,9.355535527545354e-07,1.7587400326096885e-07,2
2735,19,0.23391812865497075,0.0,1.755159736099241e-07,2
2736,5,1.0,0.0,1.29637336961833e-07,2
2737,21,0.4095238095238095,7.250580815922356e-07,1.9353716640623275e-07,2
2738,83,0.4025859535703791,2.592489447562978e-05,2.8272995826915515e-07,8
2739,31,0.3741935483870968,1.3578412765767566e-05,2.0860242261305944e-07,2
2741,57,0.4692982456140351,8.344533902639782e-06,2.3239358298786321e-07,8
2742,116,0.4058470764617691,3.8699888468974976e-05,3.835276920686694e-07,2
2743,51,0.4949019607843137,4.733558857213964e-06,2.1720807804038662e-07,8
2744,13,0.5897435897435898,2.5343335415362325e-06,2.587281055185176e-07,2
2745,33,0.4375,1.2932440258883763e-05,1.8419993914310371e-07,8
2746,15,0.7904761904761904,1.7534495066065042e-08,1.5905977330715757e-07,8
2747,13,0.5769230769230769,3.8404356041435924e-07,1.6280381845158639e-07,2
2748,75,0.34954954954954953,5.104873125816278e-05,2.857685088599579e-07,2
2749,53,0.5616835994194485,4.800887651008671e-06,2.3367508676370566e-07,8
2750,85,0.5834733893557423,5.223634793443312e-06,3.0569702171352556e-07,8
2751,35,0.32100840336134456,1.073666236042598e-05,1.834829559080885e-07,2
2753,52,0.555052790346908,2.880166167708414e-06,2.609319743647435e-07,2
2754,122,0.4083457526080477,4.101636385256177e-05,3.659462884948941e-07,8
2755,89,0.559244126659857,1.0680830316943373e-05,3.117310701445399e-07,8
2756,45,0.6404040404040404,3.935234370412664e-06,2.0910125472035645e-07,8
2757,83,0.5480458419042021,1.6964031617124628e-05,3.0187423781322787e-07,8
2758,46,0.3516908212560386,1.11027778649731e-05,2.338165675842709e-07,2
2759,22,0.26406926406926406,6.431009011669844e-06,1.543414627289876e-07,8
2761,28,0.582010582010582,1.2242682307262874e-06,1.7164845797669767e-07,8
2762,21,0.319047619047619,1.7947596394786773e-06,1.5919501675407237e-07,2
2763,63,0.463389656938044,1.0373139265533464e-05,2.4231705888267475e-07,8
2765,47,0.7955596669750231,5.098822508599675e-07,2.2929983170473728e-07,2
2766,13,0.5512820512820513,0.0,1.4063613774338019e-07,8
2767,6,1.0,0.0,1.264127997243638e-07,3
2768,28,0.31216931216931215,9.096737818381523e-06,1.87105704024139e-07,2
2769,12,0.5303030303030303,0.0,1.3778317171644481e-07,8
2770,41,0.8439024390243902,9.379981898433639e-08,2.1981172764530316e-07,2
2771,14,0.6483516483516484,1.1397421792942276e-06,1.4010369920786934e-07,2
2772,34,0.17825311942959002,2.7541311013728883e-05,1.7705266363552174e-07,2
2773,57,0.5344611528822055,5.002683486396294e-06,2.3411874323948777e-07,8
2774,6,0.9333333333333333,0.0,1.2590795116731153e-07,2
2776,6,0.7333333333333333,0.0,1.260588179933374e-07,2
2777,83,0.5633264766382604,8.93330146398408e-06,3.0172827063885005e-07,8
2778,95,0.4311310190369541,4.0122638367512226e-05,3.5015436768431877e-07,2
2779,19,0.783625730994152,7.669072635002567e-08,1.8663612710286663e-07,2
2780,59,0.2863822326125073,4.5326154508118864e-05,2.416439097374206e-07,2
2781,66,0.4027972027972028,2.0654712458083363e-05,2.9107983993435504e-07,2
2782,98,0.4965285083105407,2.236438310735042e-05,3.299033499556818e-07,8
2783,33,0.36553030303030304,2.9518813446721267e-06,1.842914538810783e-07,2
2784,28,0.2671957671957672,6.867359580312681e-06,1.725377975693908e-07,2
2785,44,0.3488372093023256,2.2144697692110818e-05,2.0625232384804697e-07,2
2786,102,0.45466899631139585,3.2556081432952264e-05,3.2744842917083416e-07,8
2787,49,0.28316326530612246,2.0118232039199164e-05,2.2362692387914892e-07,2
2788,2,1.0,0.0,1.221691526002575e-07,2
2789,19,0.43859649122807015,1.2862411309115845e-06,1.4628233876948054e-07,8
2790,9,0.4722222222222222,1.292533703330048e-06,1.386283122386897e-07,2
2791,12,0.2878787878787879,0.0,1.3782985904160028e-07,2
2792,3,1.0,0.0,1.230693761772804e-07,2
2793,99,0.4444444444444444,2.7147186016821693e-05,3.42387319614007e-07,2
2794,19,0.7660818713450293,3.8904517488059337e-07,1.5354016131637746e-07,8
2795,24,0.2753623188405797,2.5396428995143113e-06,1.6372434797264982e-07,2
2796,60,0.5485875706214689,9.026579611436088e-06,2.6289958364837024e-07,2
2797,27,0.6638176638176638,2.6299881691336165e-06,1.793675382914028e-07,2
2798,3,0.6666666666666666,0.0,1.2482312236279e-07,8
2799,8,0.9642857142857143,0.0,1.280303399739667e-07,2
2800,82,0.5597711532670883,1.975292025979587e-05,2.976925112011448e-07,8
2801,10,0.8,1.6518002598467065e-07,1.3517585051021803e-07,2
2802,10,0.6888888888888889,1.8361859441674003e-07,1.454289446032437e-07,2
2803,22,0.2510822510822511,0.0,1.6212302222906418e-07,2
2804,9,0.4722222222222222,0.0,1.342325362124569e-07,2
2805,8,0.4642857142857143,0.0,1.288687117471751e-07,2
2806,50,0.4595918367346939,6.932349027153667e-06,2.1578603951872343e-07,8
2807,22,0.4025974025974026,1.282360042565252e-06,1.487284965686156e-07,8
2808,3,1.0,0.0,1.24441178077114e-07,2
2809,19,0.49707602339181284,4.216566875719276e-06,1.4818650705951837e-07,8
2810,58,0.5160314579552329,4.970734450273123e-06,2.3495461370919665e-07,8
2811,7,0.47619047619047616,5.533530870486467e-07,1.421365975829121e-07,2
2812,25,0.18666666666666668,1.4445601077649869e-05,1.710137052951824e-07,2
2815,57,0.6804511278195489,3.0440820010799917e-06,2.4922697680072995e-07,8
2816,11,0.8363636363636363,0.0,1.3804775174612146e-07,2
2817,5,1.0,0.0,1.249853602341898e-07,2
2818,16,0.21666666666666667,4.410306693790707e-06,1.526605064715665e-07,2
2819,24,0.27898550724637683,2.621446340954338e-06,1.6626409836491646e-07,2
2820,15,0.5428571428571428,2.7667654352432336e-06,1.6001194731447041e-07,2
2821,13,0.5897435897435898,9.857712463403012e-07,1.4011790851574054e-07,8
2823,38,0.6372688477951636,4.511746197000929e-06,2.053558083108391e-07,2
2824,6,1.0,0.0,1.3246460296654588e-07,2
2825,20,0.3,3.6019256575323945e-06,2.9603368967048214e-07,2
2827,75,0.6018018018018018,6.317829578278155e-06,2.830495803685966e-07,8
2828,78,0.5547785547785548,5.020939194302286e-06,3.119871856919279e-07,2
2829,28,0.6772486772486772,4.504909799581928e-08,2.1844161222406035e-07,2
2830,22,0.6363636363636364,1.276751677164145e-06,1.9645989214838774e-07,2
2831,18,0.5098039215686274,6.89626608486e-07,1.5029788124751113e-07,2
2832,30,0.2988505747126437,1.424854702717054e-05,1.6914039117265992e-07,2
2833,82,0.49262270400481784,3.395494567026777e-06,3.266197066355407e-07,2
2834,9,0.8055555555555556,0.0,1.3005065785340116e-07,3
2835,44,0.572938689217759,1.6711954641578355e-06,2.1619528437365764e-07,8
2836,31,0.2645161290322581,2.2543337332034082e-05,1.7657546918168437e-07,2
2837,14,0.6153846153846154,1.7548108804470367e-06,1.3774083203707181e-07,8
2839,137,0.3992056676685273,6.267537635961815e-05,3.9729066879368996e-07,8
2840,33,0.42803030303030304,9.408190543851656e-06,1.8776543801806363e-07,2
2841,31,0.24946236559139784,1.8177668573836852e-05,1.6625098392411172e-07,2
2842,1,0.0,0.0,1.2123922546056552e-07,2
2843,29,0.5886699507389163,0.0,1.692485948975228e-07,2
2844,29,0.29064039408866993,6.2158514393616075e-06,1.7789446977091777e-07,2
2845,26,0.4676923076923077,2.0040892903283175e-06,2.0916619308693816e-07,2
2846,27,0.6780626780626781,1.9392412314986417e-06,1.6690460929324562e-07,2
2847,12,0.2878787878787879,8.925620689814526e-07,1.7550271075758543e-07,2
2848,21,0.23333333333333334,4.798479754854683e-06,1.5624277705495806e-07,2
2849,81,0.5540123456790124,2.4927849220281116e-06,3.167140131192672e-07,2
2850,33,0.678030303030303,7.244197669290003e-07,1.932110216241073e-07,8
2851,22,0.4935064935064935,1.335251478957596e-06,1.498399100256064e-07,8
2852,11,0.8363636363636363,1.32697371124535e-07,1.4462014121408505e-07,8
2853,62,0.6599682707562137,1.0882664515248875e-06,2.708903516223006e-07,2
2854,36,0.37936507936507935,2.032241680084019e-06,1.836985080163301e-07,8
2855,4,1.0,0.0,1.275261504982582e-07,2
2856,18,0.33986928104575165,5.302868762772159e-06,1.5263699575489567e-07,2
2857,2,1.0,0.0,1.2221307074007812e-07,2
2858,17,0.33088235294117646,1.128533534673839e-06,1.5162927888980625e-07,2
2859,20,0.39473684210526316,1.6174056310594225e-06,1.6457870719691526e-07,2
2860,3,1.0,0.0,1.3742034038497937e-07,2
2861,11,0.6727272727272727,4.501155708082276e-07,1.3079945464664714e-07,2
2862,71,0.5597585513078471,8.031406765424791e-06,2.7005669181244424e-07,8
2863,104,0.34820761762509334,0.00010170117862596659,3.473645770016164e-07,2
2864,75,0.5297297297297298,1.3407849428758443e-05,2.79958393441641e-07,8
2865,39,0.3522267206477733,2.9284575939459576e-05,1.9980269609528995e-07,2
2866,78,0.5870795870795871,9.736913940376663e-06,2.916566693890083e-07,8
2867,80,0.5104430379746835,1.000893076020774e-05,2.87603465055808e-07,8
2868,21,0.3047619047619048,9.305111211051103e-06,1.5340513869169583e-07,2
2870,22,0.36363636363636365,1.6936851950071053e-06,1.7329840398107146e-07,2
2871,42,0.32752613240418116,4.7418094747110405e-06,1.995864244667661e-07,2
2872,76,0.6207017543859649,7.367776897399178e-06,2.8563061749051155e-07,8
2873,73,0.5026636225266362,1.1804069205631649e-05,2.6525686154327833e-07,8
2874,47,0.5402405180388529,3.632821717448313e-06,2.1061225464239233e-07,8
2875,52,0.4803921568627451,1.3100746102152701e-05,2.450972101231067e-07,2
2876,14,0.5054945054945055,1.3875122182712338e-06,1.4994750830257518e-07,2
2877,104,0.4772218073188947,1.4715796682197538e-05,3.3593438733920117e-07,8
2878,11,0.38181818181818183,0.0,1.4078645011563383e-07,2
2879,16,0.9333333333333333,8.259001299233534e-08,1.3661589272414468e-07,3
2880,66,0.5710955710955711,4.88625792742914e-06,2.6128468276435667e-07,8
2881,45,0.29797979797979796,2.879415276258567e-05,2.288024267849902e-07,2
2882,10,0.28888888888888886,9.586340793753208e-07,1.423017533497281e-07,2
2884,6,0.4666666666666667,8.259001299233533e-07,1.2898474185210093e-07,8
2886,10,0.7777777777777778,0.0,1.3136388341173153e-07,2
2887,40,0.5525641025641026,3.3308691062819727e-06,1.9610879607533913e-07,8
2888,15,0.6190476190476191,0.0,1.409070768716065e-07,8
2889,19,0.6374269005847953,1.5692102468543715e-06,1.3993763696997927e-07,3
2890,88,0.45480668756530823,2.6939562877574534e-05,2.955452806294167e-07,8
2891,22,0.6060606060606061,4.729048620015907e-07,1.6268058608366092e-07,8
2893,8,0.42857142857142855,1.3214402078773652e-06,1.303816170242332e-07,2
2894,61,0.419672131147541,6.969081917965891e-06,2.7927327021661707e-07,2
2895,9,0.5277777777777778,4.1295006496167666e-07,1.3915575648370165e-07,2
2896,50,0.5469387755102041,2.2757020400226004e-06,2.2959175595952776e-07,8
2897,54,0.6345213137665968,1.774557194069958e-06,2.3825409591551544e-07,8
2898,8,0.8928571428571429,0.0,1.3368676491710437e-07,2
2899,6,0.9333333333333333,0.0,1.2674690173802047e-07,8
2900,11,0.8727272727272727,3.303600519693413e-08,1.6715629512619248e-07,2
2901,77,0.37867395762132605,2.8301959949914124e-05,3.0766309483120057e-07,2
2902,7,1.0,0.0,1.2695606750359883e-07,2
2904,72,0.2871674491392801,4.3557246995099303e-05,2.6195190475115365e-07,2
2905,74,0.5664568678267309,4.91315808629569e-06,2.842859600081125e-07,8
2906,92,0.5441949354992833,8.384391213176334e-06,3.188338406674726e-07,8
2907,32,0.6895161290322581,8.171689453176277e-07,1.8265512374617683e-07,8
2908,27,0.8290598290598291,4.774921192156028e-07,1.8141872600778762e-07,8
2909,77,0.518796992481203,8.760578928076459e-06,2.807111653333509e-07,8
2910,83,0.5809579782544814,1.346951575909859e-05,3.0230197719934425e-07,8
2911,69,0.6462063086104007,4.343707576144874e-06,2.7075328723747995e-07,8
2912,61,0.6551912568306011,2.8471678691130635e-06,2.548066542060516e-07,8
2913,75,0.5693693693693693,1.933979183984556e-05,2.8254306373262085e-07,8
2914,41,0.32439024390243903,3.3266153007864227e-06,2.080541812719822e-07,2
2915,91,0.41684981684981687,1.8621116530802894e-05,3.0481177017131146e-07,8
2916,87,0.5707030205827319,1.085037222410247e-05,3.107493909891851e-07,8
2917,18,0.7189542483660131,5.712475898636527e-08,1.566886578632002e-07,8
2918,20,0.7526315789473684,2.2689715272643394e-06,1.754346401061414e-07,2
2919,70,0.5652173913043478,9.564693461969758e-06,2.7595676239729683e-07,8
2920,74,0.5438726397630507,9.251434436173105e-06,2.812752464764992e-07,8
2921,40,0.2602564102564103,3.105777774287963e-06,2.1168446103741568e-07,2
2922,3,1.0,0.0,1.2319247004342721e-07,2
2923,16,0.20833333333333334,2.122563333903018e-06,1.6456255041256923e-07,2
2924,40,0.5,4.592511086521097e-06,2.0338110855155012e-07,8
2925,79,0.5410580980201234,8.39490681000943e-06,2.9097123889349314e-07,8
2926,10,0.7333333333333333,0.0,1.3124969238899843e-07,2
2927,92,0.4947443860487339,1.411391975728993e-05,3.1428408068598844e-07,8
2928,86,0.46812585499316006,1.982811539716357e-05,2.968202374417499e-07,8
2929,48,0.6072695035460993,4.874825699393582e-06,2.1723078754857243e-07,8
2930,8,0.9642857142857143,0.0,1.2789345328187575e-07,2
2931,53,0.4448476052249637,1.0740100793388175e-05,2.2273941058918518e-07,8
2932,40,0.4269230769230769,2.1563432817744255e-06,1.946271602332602e-07,2
2933,14,0.6593406593406593,3.8935291839243796e-07,1.4243560543062484e-07,2
2934,20,0.43157894736842106,4.745386175073896e-06,1.8051814087891856e-07,2
2935,12,0.7121212121212122,2.0116567450275966e-06,1.3933112292553317e-07,2
2936,60,0.4378531073446328,1.306773766784908e-05,2.558238338152562e-07,2
2937,63,0.5135688684075781,8.368231367484725e-06,2.766139694323894e-07,2
2939,69,0.6436487638533674,1.027410795540489e-06,2.889964674389315e-07,2
2940,64,0.6036706349206349,6.069074488864799e-06,2.6011647305556504e-07,8
2942,10,0.4888888888888889,0.0,1.5228552068259066e-07,2
2943,82,0.5073772959951822,1.2224319111000686e-05,2.8878666325445706e-07,8
2944,106,0.43090745732255165,3.9412762215345556e-05,3.348025121571581e-07,8
2945,54,0.5443745632424878,4.466286477301759e-06,2.2840451379704373e-07,8
2946,59,0.30391583869082406,3.0850228583548036e-05,2.722259414745352e-07,8
2947,17,0.7352941176470589,5.5060008661556886e-08,2.083502655298444e-07,2
2948,21,0.6238095238095238,6.192923649877642e-07,1.567036976639171e-07,8
2949,20,0.45789473684210524,1.2642171274469616e-06,1.4913677299881902e-07,2
2950,48,0.3342198581560284,1.3804431458587515e-05,2.33343978114789e-07,2
2951,102,0.21840419336051253,0.00010704655817393754,3.948229545389058e-07,2
2952,3,0.6666666666666666,0.0,1.2425102707411328e-07,8
2953,34,0.6452762923351159,2.083506617555058e-06,1.8986913498378814e-07,8
2954,13,0.5128205128205128,4.919415131022032e-06,1.396477474288902e-07,2
2955,44,0.36469344608879495,0.0,2.0420834822212996e-07,2
2956,96,0.4826754385964912,2.292963084223081e-05,3.1891591283141164e-07,8
2957,14,0.4065934065934066,1.9739013105168143e-06,1.6065612790055205e-07,2
2958,42,0.25435540069686413,1.5510468771899638e-06,2.308940909323427e-07,2
2959,17,0.875,2.363344987165288e-07,1.3756423974436916e-07,3
2960,92,0.5212613473483039,1.2017898842785104e-05,3.1551946795706606e-07,8
2961,11,0.36363636363636365,2.051562875181402e-06,1.411114029723086e-07,8
2963,4,0.6666666666666666,0.0,1.2593834301360406e-07,8
2965,17,0.34558823529411764,6.179720352845611e-06,1.5780681243503852e-07,2
2966,107,0.47804619996473285,2.4537723075347328e-05,3.4253473942835766e-07,8
2967,22,0.6060606060606061,2.894364757238282e-07,1.6235580845685912e-07,8
2969,71,0.5380281690140845,1.017749949706062e-05,2.770215861206643e-07,8
2970,44,0.8128964059196617,4.7003862301280806e-07,2.2660555329303648e-07,2
2972,17,0.8602941176470589,1.000609772791755e-07,1.3756117902417025e-07,3
2973,73,0.523972602739726,1.666795682099358e-05,2.9102837962778856e-07,2
2974,59,0.6165984804208066,3.226743471231328e-06,2.483517185957701e-07,8
2975,3,0.6666666666666666,2.47770038977006e-07,1.2326478279546449e-07,2
2977,33,0.7064393939393939,9.026968521122805e-07,1.8295872191463018e-07,8
2978,25,0.44,0.0,1.5465911797035966e-07,8
2980,5,1.0,0.0,1.3658448401426328e-07,2
2981,23,0.541501976284585,5.779597705328469e-07,1.6370958710571065e-07,8
2982,15,0.9523809523809523,3.8118467534924e-08,1.356137441479695e-07,3
2983,17,0.6029411764705882,5.091084372313242e-07,1.4339657783565647e-07,2
2984,24,0.4057971014492754,2.0451323049155257e-06,1.721246390664718e-07,2
2985,60,0.7056497175141243,2.0825478331359354e-06,2.545131137009227e-07,8
2986,100,0.5127272727272727,1.3266392091892616e-05,3.306876721568462e-07,8
2987,27,0.603988603988604,1.5346289741876417e-06,1.7249098960645806e-07,8
2988,63,0.5130568356374808,8.041782192176242e-06,2.473530291942282e-07,8
2989,58,0.5021173623714459,1.0605075260684758e-05,2.5553850694188873e-07,2
2990,13,0.6923076923076923,0.0,1.4836025095874798e-07,2
2991,61,0.6775956284153005,2.1080819148525747e-06,2.7282333666559516e-07,2
2992,72,0.47300469483568075,2.1100331402300795e-05,2.856765594072584e-07,2
2993,56,0.5512987012987013,7.71157936990424e-06,2.3153492081221538e-07,8
2994,65,0.4793269230769231,1.287866922593909e-05,2.496069065376415e-07,8
2995,15,0.3619047619047619,2.353815370281557e-06,1.6884215748706558e-07,2
2996,39,0.26720647773279355,1.0066149440661063e-05,1.9922269471181527e-07,2
2997,14,0.5714285714285714,3.4528524717438483e-06,1.4068454354923882e-07,2
2998,3,0.6666666666666666,3.303600519693413e-07,1.243114056891626e-07,2
3000,91,0.47692307692307695,1.7133074618799397e-05,3.065718714408757e-07,8
3002,72,0.24804381846635368,4.251519145459925e-05,3.283521694736711e-07,2
3004,53,0.6015965166908563,8.150815741330894e-07,2.3605489546805166e-07,8
3006,2,1.0,0.0,1.2388914809120243e-07,2
3007,24,0.4673913043478261,2.5943820479789485e-06,1.7831978397981881e-07,2
3008,16,0.95,7.115447273185813e-08,1.366308689990522e-07,3
3009,19,0.3391812865497076,2.1731184327649935e-06,1.594048853503837e-07,2
3010,32,0.36693548387096775,1.0968780507635642e-05,1.714681541772545e-07,8
3012,11,0.7636363636363637,2.5661896894047047e-07,1.362451102903827e-07,2
3013,24,0.677536231884058,1.2070895671221746e-06,1.6013918237351956e-07,2
3014,43,0.5902547065337763,2.4379998666545684e-06,2.0822279012654373e-07,8
3015,10,0.3111111111111111,1.232619907544238e-06,1.3544580199953668e-07,2
3016,29,0.4187192118226601,2.7935088680217035e-06,1.8411923302911486e-07,2
3017,70,0.3370600414078675,3.818691472827553e-05,2.7323692698854886e-07,2
3018,30,0.4160919540229885,6.221602212494041e-06,2.3348902965391757e-07,2
3021,50,0.7493877551020408,2.1966813334771315e-07,2.456090301317682e-07,2
3022,80,0.5936708860759494,4.699449866196976e-06,2.9417094903177834e-07,8
3023,35,0.5983193277310924,2.3977821347870816e-06,1.8696614862368978e-07,8
3024,14,0.32967032967032966,0.0,1.6185243417715043e-07,2
3025,54,0.4703004891684137,1.1483162437096898e-05,2.192979582588243e-07,8
3026,96,0.4456140350877193,1.853319548845047e-05,3.1260272296308753e-07,8
3027,66,0.2522144522144522,3.722192613368376e-05,2.525070713074726e-07,2
3028,12,0.5606060606060606,0.0,1.3342716044643413e-07,2
3029,52,0.5957767722473605,4.837807348802891e-06,2.264040189819917e-07,8
3030,8,0.7857142857142857,2.9149416350236e-08,1.3040536341880313e-07,8
3031,1,0.0,0.0,1.2123922546056552e-07,2
3032,22,0.6493506493506493,5.393185603653337e-07,1.579348116266437e-07,2
3033,88,0.5433646812957158,1.4864108060101056e-05,3.113400177973066e-07,8
3035,90,0.4991260923845193,2.416125379643532e-05,3.2735166159451667e-07,2
3036,38,0.45803698435277385,6.046745626864351e-06,1.9530182626242935e-07,8
3037,3,1.0,0.0,1.230693761772804e-07,2
3038,88,0.3725182863113898,5.235467126424098e-05,3.1436343697698155e-07,2
3039,22,0.8008658008658008,4.3927741257878135e-07,1.6637151585484994e-07,2
3040,51,0.7349019607843137,1.2959895339589984e-06,2.3355507977624675e-07,8
3041,27,0.5754985754985755,2.7223317057258377e-06,1.7031844071521224e-07,2
3042,20,0.45263157894736844,1.3946158006490198e-06,1.55638427635222e-07,8
3043,17,0.3235294117647059,3.560809417298115e-06,1.5841217008609008e-07,2
3044,6,0.7333333333333333,0.0,1.3163545865058795e-07,8
3045,8,0.5,1.131483177994994e-06,1.284738682151398e-07,8
3046,37,0.43843843843843844,2.426180050761123e-05,1.9396633670953327e-07,2
3047,50,0.7395918367346939,1.6838159137423637e-06,2.3152060244490433e-07,8
3048,15,0.41904761904761906,2.812779871053249e-06,1.4200282348727124e-07,2
3049,76,0.5894736842105263,2.156826089014128e-05,3.02779959143006e-07,2
3050,16,0.4666666666666667,3.363183314780741e-06,1.4375345592761123e-07,2
3051,101,0.3724752475247525,3.8453122329018076e-05,3.804987576901472e-07,2
3052,50,0.4555102040816327,8.503351906478433e-06,2.162162573398122e-07,8
3053,10,0.8444444444444444,1.6105052533505392e-07,1.2993519059285883e-07,2
3054,83,0.5022039377020276,1.442832712487214e-05,2.9398930895283264e-07,8
3055,6,0.9333333333333333,0.0,1.2590795116731153e-07,2
3056,78,0.5347985347985348,1.1275454338341417e-05,2.875375220312396e-07,8
3058,15,0.9333333333333333,2.6081056734421682e-08,1.4574247420618236e-07,2
3059,5,1.0,0.0,1.255179415441953e-07,8
3060,78,0.4325674325674326,1.780401875872335e-05,3.0472157279309757e-07,2
3061,14,0.5824175824175825,4.1295006496167666e-07,1.5806663714526132e-07,2
3063,11,0.8363636363636363,2.035253891596835e-07,1.3628280660719564e-07,2
3064,64,0.7118055555555556,2.573461774042262e-06,2.61370740255712e-07,8
3065,53,0.6734397677793904,6.062427331781442e-06,2.3658769083428972e-07,8
3066,14,0.6043956043956044,8.630656357699043e-07,1.361917987890073e-07,2
3067,13,0.2692307692307692,4.005615630128264e-06,1.440591432123362e-07,2
3068,16,0.6916666666666667,5.3093579780787e-07,1.8195356947281624e-07,2
3069,16,0.5166666666666667,1.2923728136943488e-06,1.7422952913701793e-07,2
3070,62,0.6187202538339502,1.2017939299484084e-06,2.6526412491641454e-07,2
3071,1,0.0,0.0,1.2123922546056552e-07,2
3072,46,0.22415458937198068,3.845458592321378e-05,2.18926053741577e-07,2
3073,62,0.5044949762030672,5.878198699817299e-06,2.44316371527719e-07,8
3074,6,0.9333333333333333,0.0,1.2590795116731153e-07,2
3075,23,0.2648221343873518,2.267310376153871e-06,1.6062413051854986e-07,2
3076,86,0.37400820793433653,2.7968516295001842e-05,3.1583842606605153e-07,2
3077,55,0.298989898989899,7.095793842757513e-05,2.821444807794578e-07,2
3078,99,0.5584415584415584,1.3620474983162556e-05,3.3549105347019006e-07,8
3080,28,0.42592592592592593,6.561075167356165e-06,1.6322091035500733e-07,8
3081,25,0.2833333333333333,6.636107543934143e-06,1.7521803150078026e-07,2
3082,116,0.4158920539730135,2.6475843246710607e-05,3.872880469436736e-07,2
3083,10,0.7777777777777778,0.0,1.355537092102508e-07,2
3084,76,0.44456140350877194,3.429355778794003e-05,2.626528142844075e-07,8
3085,52,0.5874811463046757,2.847579232565535e-06,2.344967067809547e-07,8
3086,37,0.5330330330330331,1.1925268118919694e-05,2.445511770798976e-07,2
3087,51,0.3027450980392157,0.0,2.1579984722067904e-07,2
3088,10,0.5111111111111111,1.0819291701995928e-06,1.3816148824809747e-07,2
3089,52,0.40271493212669685,2.115759649227535e-05,2.396870678623161e-07,2
3090,108,0.3679473866389754,5.1305249698619485e-05,3.240887470687147e-07,8
3091,6,1.0,0.0,1.3246460296654588e-07,2
3092,11,0.5636363636363636,0.0,1.4002848291074244e-07,8
3093,16,0.5083333333333333,2.7685512373987565e-06,1.474404320313382e-07,2
3094,7,0.8095238095238095,0.0,1.3400971700742178e-07,2
3095,15,0.42857142857142855,4.5328953747665316e-06,1.4184071956361373e-07,8
3096,76,0.6231578947368421,3.991561262376277e-06,2.860892231199315e-07,8
3098,65,0.6038461538461538,6.17843971788402e-06,2.609264488211249e-07,8
3099,10,0.7111111111111111,6.19425097442515e-07,1.318539760987793e-07,2
3102,49,0.7899659863945578,2.1933651727959353e-07,2.412339750866584e-07,2
3103,20,0.5578947368421052,9.05313603954445e-07,1.6635064625334254e-07,2
3104,83,0.4346165148398472,2.0863333323913647e-05,2.832058977289428e-07,8
3105,12,0.48484848484848486,1.6724477630947906e-06,1.3366677444831077e-07,2
3106,62,0.5668958223162348,7.750515579056022e-06,2.660682974257615e-07,2
3107,51,0.1984313725490196,4.955462660169235e-05,2.148438049512331e-07,2
3108,63,0.7204301075268817,3.321473324308793e-06,2.6061974926490876e-07,8
3109,18,0.6601307189542484,5.336585454889359e-07,1.507723015289536e-07,2
3110,17,0.35294117647058826,5.597064399961524e-06,1.5209370187923016e-07,2
3112,12,0.7727272727272727,3.989855700112818e-08,1.438445845039598e-07,2
3113,68,0.4666374012291484,1.5167097634584976e-05,2.9656262550312523e-07,2
3114,46,0.4270531400966184,6.313841141285067e-06,2.013709295322842e-07,8
3115,61,0.5109289617486339,1.3786242271143007e-05,2.615626217510749e-07,2
3116,103,0.4401294498381877,2.7926121368031747e-05,3.54774175873196e-07,2
3117,63,0.3143881208397337,4.047460715788085e-05,2.769226113593751e-07,8
3118,44,0.346723044397463,9.44420737896293e-06,2.703781809235821e-07,2
3119,69,0.4812446717817562,8.245883991708255e-06,2.5649200069706036e-07,8
3120,71,0.6012072434607646,1.0005651770264505e-06,2.8894923590077807e-07,2
3121,4,0.6666666666666666,2.47770038977006e-07,1.253935351015594e-07,2
3122,9,0.9444444444444444,6.19425097442515e-08,1.2899692388652452e-07,2
3123,33,0.5946969696969697,2.2524549904974803e-06,1.791570353190377e-07,8
3124,30,0.25057471264367814,1.0011876003551813e-05,1.9452531658960522e-07,2
3125,2,1.0,0.0,1.2337891760982272e-07,2
3126,8,0.9642857142857143,0.0,1.2822730630390383e-07,2
3127,6,0.9333333333333333,0.0,1.2590795116731153e-07,2
3128,10,0.8222222222222222,0.0,1.3146399689189285e-07,2
3129,35,0.4907563025210084,3.202872764036201e-06,1.88832653484296e-07,8
3130,13,0.6410256410256411,0.0,1.3659310899949692e-07,8
3131,8,0.9642857142857143,0.0,1.2789345328187575e-07,2
3132,84,0.5720022948938611,2.1282492772675935e-06,3.2086456507482114e-07,2
3133,10,0.6444444444444445,0.0,1.6042017812983664e-07,2
3134,2,1.0,0.0,1.2252556949773918e-07,2
3135,35,0.6033613445378151,1.7393791089721548e-06,1.8726290142720836e-07,8
3137,49,0.39540816326530615,1.2213674602938816e-05,2.0357426173245069e-07,8
3138,19,0.42105263157894735,5.820432844190794e-06,1.4696502501567993e-07,2
3139,21,0.49523809523809526,1.3184905645562104e-06,1.4853535848259276e-07,8
3140,71,0.2414486921529175,3.4803178084377315e-05,2.657493959168361e-07,2
3141,11,0.6909090909090909,3.881730610639761e-07,1.3084334185491607e-07,2
3142,56,0.674025974025974,2.5950243723294577e-06,2.4390399948934185e-07,8
3143,4,0.8333333333333334,0.0,1.247278585426073e-07,8
3144,16,0.26666666666666666,4.1790546574121684e-06,1.4924370295365207e-07,2
3145,69,0.44714407502131287,1.3930115511024457e-05,2.915326857794003e-07,2
3146,61,0.6480874316939891,1.6347324585963513e-05,2.587045813353612e-07,2
3147,5,1.0,0.0,1.249853602341898e-07,2
3148,30,0.3701149425287356,1.4191418322689377e-05,1.8143361861965233e-07,2
3149,66,0.593006993006993,4.397206806861495e-06,2.6137676770541253e-07,8
3150,89,0.40551583248212464,1.5247530071564043e-05,3.337753302250088e-07,2
3151,14,0.3956043956043956,2.6593984183531982e-06,1.5100102778010798e-07,2
3152,85,0.43221288515406164,2.3708944290452696e-05,3.1506841975668244e-07,2
3153,11,0.41818181818181815,1.4040302208697008e-06,1.361996655303354e-07,8
3154,91,0.25396825396825395,6.300956470624066e-05,3.5567827712468247e-07,2
3155,12,0.5757575757575758,0.0,1.379836707226466e-07,2
3156,13,0.7307692307692307,0.0,1.4658361388703194e-07,2
3157,15,0.24761904761904763,1.536174241657437e-06,1.510561104063773e-07,2
3158,52,0.5256410256410257,5.84405041313996e-06,2.2179580874522554e-07,8
3159,7,0.6190476190476191,1.23885019488503e-06,1.4801581739791368e-07,2
3160,30,0.49885057471264366,3.3938174249951846e-06,1.9555201367075988e-07,2
3161,6,0.4666666666666667,0.0,1.410913403125429e-07,2
3163,23,0.5928853754940712,4.7425177287203e-07,1.6756782476515592e-07,8
3166,38,0.55049786628734,3.693945346498171e-06,1.932104642018794e-07,8
3167,17,0.6029411764705882,2.0667167536891534e-06,1.4997490342359383e-07,2
3169,61,0.7316939890710382,1.1532195170395338e-06,2.7638074488422303e-07,2
3170,25,0.68,8.758252502495756e-07,1.814553829746042e-07,2
3171,19,0.3216374269005848,4.930623775642419e-06,1.559881080264731e-07,2
3172,72,0.44561815336463223,1.4505003947439353e-05,2.8423481499075913e-07,2
3174,74,0.5916327286190299,3.3255130660790184e-06,2.8692572411650275e-07,8
3175,6,0.9333333333333333,3.097125487212575e-08,1.2870214913970934e-07,2
3176,27,0.5925925925925926,1.913745522516382e-06,2.0973655614027347e-07,2
3177,41,0.3621951219512195,1.56830257020651e-05,2.4254220861042807e-07,2
3180,8,0.9642857142857143,0.0,1.2789345328187575e-07,2
3181,8,0.9642857142857143,0.0,1.2789345328187575e-07,2
3182,68,0.47058823529411764,5.978735251669456e-06,2.839731585153293e-07,2
3183,1,0.0,0.0,1.2123922546056552e-07,2
3184,61,0.46939890710382515,1.0659350379548689e-05,2.417446446418461e-07,8
3185,80,0.4151898734177215,1.8922387446966518e-05,3.1183502349026136e-07,2
3187,34,0.45454545454545453,0.0,1.788762185172703e-07,2
3188,51,0.42274509803921567,1.3368058609562102e-05,2.2555172125504122e-07,2
3189,19,0.5672514619883041,1.2343026562076132e-06,1.6336618364197592e-07,2
3190,12,0.5606060606060606,6.076265241578956e-07,1.3861856587898876e-07,2
3191,40,0.367948717948718,5.826618630103424e-06,2.3617104822842673e-07,2
3192,16,0.5666666666666667,2.2595550293663914e-07,1.5134305138651845e-07,2
3193,27,0.4586894586894587,3.677894571539177e-06,1.6499653365039277e-07,8
3194,17,0.6691176470588235,3.9804709569487596e-07,1.5007804622153682e-07,2
3195,72,0.6044600938967136,7.566168294648784e-06,2.760293609156315e-07,8
3196,40,0.38461538461538464,1.1574965568624152e-05,1.941290475431938e-07,2
3197,8,0.7857142857142857,0.0,1.342513383664947e-07,2
3198,86,0.3058823529411765,3.182175688029927e-05,3.0428298741774427e-07,2
3199,22,0.5411255411255411,2.4107733276214776e-06,1.7799298684001282e-07,2
3200,11,0.7090909090909091,6.565906032890659e-07,1.3083699307144508e-07,2
3202,11,0.7818181818181819,1.1584053770353527e-07,1.4465336275428473e-07,8
3203,31,0.37849462365591396,9.799927148131957e-06,2.0929554787271228e-07,2
3204,47,0.47641073080481033,8.108905976394692e-06,2.3348932000835786e-07,2
3206,51,0.672156862745098,1.5833807875513556e-06,2.3934183606508957e-07,2
3207,41,0.49634146341463414,3.8850762388990135e-06,2.4719351294314997e-07,2
3208,15,0.3333333333333333,2.948463463826372e-06,1.410332824576058e-07,2
3209,24,0.6920289855072463,1.1452671785991467e-06,1.6248797497511934e-07,2
3210,14,0.45054945054945056,1.5526922442559045e-06,1.8893697982033687e-07,2
3211,25,0.20666666666666667,1.4585199651558344e-05,1.6340390614969844e-07,2
3212,35,0.5176470588235295,6.55753308251658e-06,1.9114084712625919e-07,2
3213,36,0.5333333333333333,4.485742618354292e-06,1.9019103555292099e-07,8
3214,63,0.19508448540706605,3.615554797338748e-05,2.3036747157263348e-07,2
3215,25,0.2633333333333333,1.3730069134683783e-06,1.6366461107884457e-07,2
3216,7,0.6666666666666666,2.47770038977006e-07,1.2706752072043788e-07,2
3217,6,0.6,4.335975682097605e-07,1.303342584044183e-07,2
3218,9,0.9444444444444444,6.19425097442515e-08,1.2899692388652452e-07,2
3219,39,0.3792172739541161,3.7585950343260966e-06,2.0209630570255214e-07,2
3220,54,0.5932914046121593,1.7762111400751284e-06,2.3202945029625706e-07,8
3221,26,0.31076923076923074,6.661671119384152e-06,1.8857744468096587e-07,2
3223,23,0.39920948616600793,1.6073287143892953e-06,1.940071794375484e-07,2
3224,55,0.45521885521885525,2.393581811802651e-05,2.4636777085307935e-07,2
3225,28,0.5158730158730159,2.2537491593455118e-06,1.8004670614067768e-07,2
3226,79,0.6079195066536839,9.291185116472222e-06,2.9132266668340474e-07,8
3227,5,0.4,7.43310116931018e-07,1.2651484675216773e-07,8
3228,36,0.5873015873015873,2.53765456110784e-06,1.9708389175598415e-07,8
3229,14,0.6593406593406593,0.0,1.395958788935746e-07,8
3230,1,0.0,0.0,1.2123922546056552e-07,2
3231,28,0.455026455026455,8.477096138737103e-06,1.5621678024227546e-07,8
3232,105,0.4891941391941392,1.969201191922712e-05,3.405510913429705e-07,8
3234,33,0.5,3.1825580156543313e-06,1.791284574254608e-07,8
3235,8,0.75,0.0,1.3729014685123188e-07,2
3236,21,0.6,3.322786264969289e-06,1.5542012245587463e-07,2
3237,28,0.455026455026455,2.6730631877026234e-06,1.704631833470066e-07,8
3238,41,0.6134146341463415,3.0972771932267733e-06,2.045802192573579e-07,8
3239,62,0.6932839767318879,6.813047155284156e-06,2.762918908542185e-07,2
3240,66,0.4354312354312354,1.3956346428842447e-05,2.7343174762076595e-07,2
3241,19,0.7426900584795322,7.212916139667609e-07,1.5743510778852298e-07,2
3242,15,0.3333333333333333,2.742474254951371e-06,1.421085981378453e-07,2
3243,27,0.7207977207977208,2.160547925329714e-07,1.7681985745736621e-07,8
3244,14,0.5384615384615384,6.489215306540633e-07,1.5593214819647017e-07,2
3246,14,0.6153846153846154,5.574825876982635e-07,1.5292184810242616e-07,2
3247,66,0.66993006993007,9.97142143600614e-07,2.742999187730425e-07,2
3249,14,0.38461538461538464,8.412561518195472e-07,1.4199480833291422e-07,2
3250,34,0.8288770053475936,5.677344627887882e-07,1.9855693619955006e-07,8
3251,9,0.7777777777777778,2.47770038977006e-07,1.2888282370043187e-07,2
3252,86,0.5521203830369357,2.211244337667757e-06,3.316245510437216e-07,2
3253,51,0.3003921568627451,0.0,2.3596486112271901e-07,2
3254,12,0.36363636363636365,4.426824696389174e-06,1.436981629814951e-07,2
3255,32,0.4112903225806452,1.4703327022288956e-05,1.7774975003910537e-07,2
3256,63,0.23911930363543266,3.801033457335802e-05,2.2584347473731065e-07,2
3257,42,0.5598141695702671,4.545062975956869e-06,2.0087758540500646e-07,8
3259,31,0.3053763440860215,5.793646782534489e-06,1.8334977938602407e-07,2
3260,28,0.48677248677248675,5.287047995780721e-06,1.7870924457622532e-07,2
3261,54,0.4912648497554158,1.0051798554805041e-05,2.412791699127809e-07,2
3262,24,0.8152173913043478,5.366345618361094e-07,1.7226529165514445e-07,2
3264,31,0.5741935483870968,1.71728784207671e-06,1.7482504768306136e-07,2
3266,8,0.9642857142857143,0.0,1.4555531868488262e-07,2
3267,72,0.5395148669796557,1.2405627483756932e-05,2.883183757337906e-07,2
3268,2,1.0,0.0,1.2214733373681523e-07,2
3269,9,0.5555555555555556,1.734390272839042e-06,1.303896419418751e-07,8
3270,6,0.9333333333333333,0.0,1.3796140957475532e-07,2
3271,5,0.7,2.47770038977006e-07,1.2503264790958948e-07,2
3272,44,0.4164904862579281,1.0141762608486929e-05,2.0932163181974007e-07,2
3273,26,0.5169230769230769,5.337066748671367e-07,2.2218948060845593e-07,2
3274,63,0.28110599078341014,8.763864531845554e-05,2.4701151416923536e-07,2
3275,29,0.2044334975369458,1.52247002002109e-05,1.6926975736353918e-07,2
3276,20,0.26842105263157895,5.083658211481158e-06,1.5404330716644123e-07,2
3277,71,0.5879275653923541,1.4266863655385562e-05,2.8956205640763e-07,2
3279,25,0.2,1.44573817743083e-05,1.7160604308478634e-07,2
3280,107,0.3900546640804091,6.0578369679637686e-05,3.548990703320704e-07,2
3281,12,0.8939393939393939,2.77298961013541e-07,1.4272919791027058e-07,2
3282,2,1.0,0.0,1.2370835038259225e-07,2
3283,16,0.9,2.0388842218382563e-07,1.3655672079353698e-07,3
3284,70,0.6811594202898551,5.652660821020185e-06,2.7581114920885367e-07,8
3285,27,0.6068376068376068,2.093930479248899e-06,1.9864774247026031e-07,2
3286,23,0.5177865612648221,4.4083501686241506e-07,1.6157785199965196e-07,8
3287,48,0.40425531914893614,2.369109513946168e-05,2.3361144911089263e-07,2
3288,48,0.42819148936170215,1.6994915980900077e-05,2.3177076172143715e-07,2
3291,119,0.3396952001139439,5.122440875475906e-05,3.765071485361504e-07,2
3292,12,0.30303030303030304,1.51965623905897e-06,1.4420719650858263e-07,2
3293,60,0.523728813559322,9.685303061951224e-06,2.3939456877629815e-07,8
3294,23,0.43873517786561267,8.340182492816881e-07,1.606044207290149e-07,8
3296,41,0.39878048780487807,7.6102355514444995e-06,2.152335479391898e-07,2
3297,63,0.6825396825396826,7.1677344549249835e-06,2.791512597737324e-07,2
3298,45,0.43636363636363634,9.48048191917946e-06,2.1844127739482298e-07,2
3299,60,0.37796610169491524,3.370978577818324e-05,2.4426200660977543e-07,2
3300,18,0.5163398692810458,0.0,1.4212581598770905e-07,8
3301,40,0.5692307692307692,6.738569867537644e-06,2.0407175223875747e-07,8
3302,67,0.17005879692446857,7.111074599853777e-05,2.8580059707914567e-07,2
3303,36,0.4,5.550054108634768e-06,1.8291700241375111e-07,8
3305,5,0.7,1.6518002598467065e-07,1.2650933163079694e-07,2
3306,22,0.3939393939393939,1.9717382387479675e-06,1.7831150664379528e-07,2
3307,19,0.3333333333333333,5.317027050713702e-06,1.5442994271182355e-07,2
3308,9,0.8888888888888888,0.0,1.4674421954848177e-07,2
3309,18,0.8169934640522876,6.162485584812714e-07,1.3924846837259021e-07,3
3310,5,0.9,0.0,1.300974698521184e-07,2
3311,11,0.9636363636363636,3.8118467534924e-08,1.3154373537653137e-07,3
3312,17,0.5220588235294118,1.0349315199491924e-06,1.4536071998453224e-07,2
3313,32,0.2600806451612903,1.2745470605502439e-05,1.8061816241733683e-07,2
3314,16,0.9,1.982160311816048e-07,1.3657733422134203e-07,3
3315,14,0.6703296703296703,3.2506857061745143e-07,1.4182517845220868e-07,8
3316,39,0.7975708502024291,6.041879758972513e-07,2.106646140063585e-07,2
3317,7,1.0,0.0,1.2837365948024583e-07,8
3318,20,0.7263157894736842,7.489825079332388e-07,1.407520915613521e-07,3
3320,113,0.34876738305941846,7.227388591380736e-05,3.8433305140449953e-07,2
3321,69,0.4100596760443308,1.4642828850072814e-05,2.663067159466977e-07,2
3322,8,0.9642857142857143,0.0,1.2822730630390383e-07,2
3323,7,0.47619047619047616,3.433384825824226e-07,1.3291830465867147e-07,2
3324,87,0.39427960438385456,4.323570772906489e-05,2.9379315087658193e-07,8
3325,19,0.7719298245614035,7.489825079332388e-07,1.3963668900460416e-07,3
3326,16,0.3,2.193354773610734e-06,1.4720059393669025e-07,2
3327,50,0.2016326530612245,3.913372238993967e-05,2.0570920775818217e-07,2
3329,19,0.30994152046783624,8.627116785713658e-06,1.4969176373775972e-07,2
3330,93,0.416783543712015,2.6117463936040952e-05,3.310741555496635e-07,2
3332,62,0.5145425700687467,1.2795417463888631e-05,2.6923931004431415e-07,2
3333,7,0.7619047619047619,1.23885019488503e-07,1.2840326826051756e-07,8
3334,9,0.8611111111111112,8.259001299233534e-08,1.567211448413541e-07,2
3335,65,0.4230769230769231,9.881115954044971e-06,3.070203223640804e-07,2
3336,7,1.0,0.0,1.272270672257829e-07,2
3337,24,0.47101449275362317,2.391337033526793e-06,1.6733998849279964e-07,2
3338,9,0.8611111111111112,0.0,1.304458964196728e-07,2
3339,73,0.5901826484018264,5.020619237933519e-06,2.7906456613681854e-07,8
3340,16,0.25,3.9112270438513095e-06,1.794832729777057e-07,2
3341,31,0.2731182795698925,1.1783860821265937e-05,1.7459798842346192e-07,2
3342,68,0.257243195785777,2.682896472060184e-05,2.5873402877589143e-07,2
3343,14,0.25274725274725274,3.1755859995552935e-06,1.5355279158290254e-07,2
3344,76,0.5431578947368421,3.4530803057059326e-06,2.971908276558099e-07,2
3345,65,0.4153846153846154,2.159084199457225e-05,2.5659120079702614e-07,2
3346,35,0.41008403361344536,8.503689197542338e-06,2.338200023876632e-07,2
3347,76,0.5224561403508772,1.885051282378775e-05,3.111404039503977e-07,2
3348,84,0.5697074010327022,7.464577622004776e-06,3.0081443210659294e-07,8
3349,12,0.48484848484848486,0.0,1.373571993089841e-07,2
3350,82,0.4019873532068654,2.0295873301327125e-05,3.274607161541235e-07,2
3351,84,0.5418818129661503,6.271977095761965e-06,3.1831067271600526e-07,2
3352,13,0.9487179487179487,7.115447273185813e-08,1.4210566006996312e-07,2
3353,62,0.3046007403490217,4.4422934653248225e-05,2.550056624611182e-07,2
3354,9,0.9444444444444444,6.19425097442515e-08,1.2899692388652452e-07,2
3356,20,0.7736842105263158,1.995200840183259e-07,1.9800079178563437e-07,2
3357,15,0.4,1.062461524279971e-06,1.4694130279144273e-07,2
3358,11,0.5454545454545454,0.0,1.4537756713261562e-07,2
3359,18,0.5751633986928104,5.081430994171282e-07,1.8436726117334984e-07,2
3360,74,0.3187708256201407,5.121682695560612e-05,2.793419795896504e-07,2
3362,75,0.4648648648648649,1.3229430452927495e-05,2.702392069594731e-07,8
3363,131,0.4119788608338227,7.309274672233763e-05,3.833198528945353e-07,8
3364,49,0.5892857142857143,8.458749173227165e-07,2.2172462479888068e-07,8
3365,46,0.27053140096618356,1.3868542209149761e-05,1.970444777630097e-07,2
3367,11,0.9090909090909091,6.903447825120203e-08,1.4176230992890893e-07,2
3368,9,0.8888888888888888,0.0,1.3415351291007062e-07,2
3369,43,0.3864894795127353,3.4228898711262986e-06,1.89894297228972e-07,2
3370,6,0.8,0.0,1.4672679498772447e-07,2
3371,15,0.8476190476190476,1.114965175396527e-07,1.5098842798264558e-07,2
3372,7,1.0,0.0,1.2695606750359883e-07,2
3373,17,0.3161764705882353,5.82159757514325e-06,1.6904741468012975e-07,2
3374,16,0.45,6.252063983519785e-06,1.4248701275801988e-07,2
3375,3,0.6666666666666666,1.23885019488503e-07,1.287114296210222e-07,2
3376,8,1.0,0.0,1.2883421039177886e-07,2
3377,31,0.5720430107526882,4.729213928794162e-06,1.8731786522179634e-07,2
3378,60,0.4824858757062147,1.9052257067861989e-06,2.554849237922488e-07,2
3379,25,0.5433333333333333,1.2604467366704907e-06,2.0648248278518169e-07,2
3380,21,0.4142857142857143,5.484173505579143e-06,1.645542750202897e-07,2
3381,54,0.6995108315863033,1.8289005773919468e-06,2.769577334695768e-07,2
3382,17,0.9117647058823529,1.2070848052725934e-07,1.376027982471718e-07,3
3383,17,0.4338235294117647,2.193354773610734e-06,1.4510138243959703e-07,2
3384,49,0.608843537414966,2.965852411620462e-06,2.196415594596686e-07,8
3387,97,0.48646907216494845,2.550846337838736e-05,3.2204682874048794e-07,8
3388,10,0.5555555555555556,2.239459967676785e-07,1.3591236916540433e-07,8
3389,7,0.8571428571428571,3.964320623632096e-07,1.3190888554280428e-07,2
3390,25,0.4766666666666667,3.000795115773839e-06,1.6807710502396742e-07,8
3391,53,0.7024673439767779,4.4276901325075485e-07,2.498831648286236e-07,2
3392,17,0.5367647058823529,0.0,1.4237550278547258e-07,8
3393,19,0.29239766081871343,1.949124306619114e-06,1.5216384492940987e-07,2
3394,31,0.3913978494623656,4.459743764865096e-06,1.7036941630504815e-07,8
3395,38,0.3200568990042674,9.48799459746307e-06,1.992567777930187e-07,2
3396,76,0.4298245614035088,2.973731276635489e-05,2.9693124589833447e-07,2
3397,115,0.3673531655225019,6.600460499361142e-05,3.8181581752633074e-07,2
3398,8,0.8928571428571429,0.0,1.419366947168554e-07,2
3399,37,0.6471471471471472,9.808468723095266e-07,2.0010955639312722e-07,8
3400,35,0.49747899159663866,8.354942484154641e-06,1.8461804967429594e-07,8
3401,8,1.0,0.0,1.2883421039177886e-07,2
3402,15,0.6,0.0,1.3883576252455525e-07,2
3403,52,0.30165912518853694,1.466663558656185e-05,2.5023285458724473e-07,2
3405,13,0.5,1.6930952663428742e-06,1.6330695637245804e-07,2
3407,2,1.0,0.0,1.2214733373681523e-07,2
3408,2,1.0,0.0,1.2258030557462387e-07,2
3411,62,0.3569539925965098,4.1990462936694156e-05,2.5819055402237396e-07,2
3413,3,1.0,0.0,1.23344439310051e-07,8
3414,18,0.7254901960784313,5.335237463020625e-07,1.5329264813639982e-07,8
3415,29,0.3669950738916256,9.15787381725964e-06,2.1784917137945212e-07,2
3416,53,0.7554426705370102,1.3217488297562462e-06,2.5022449370012564e-07,2
3417,89,0.48621041879468846,1.3503854242070883e-05,3.0237304214279064e-07,8
3418,10,0.5333333333333333,5.740005902967305e-07,1.5896705173508115e-07,2
3419,63,0.5826932923707118,8.49611540302884e-06,2.7072186099140315e-07,2
3421,20,0.4631578947368421,0.0,1.6184425342265392e-07,2
3422,40,0.46153846153846156,2.855910886165766e-06,2.0647523630612516e-07,2
3423,16,0.9166666666666666,1.6576995464890162e-07,1.3660484917361336e-07,3
3424,7,0.9523809523809523,0.0,1.3187451634632162e-07,2
3425,10,0.7111111111111111,0.0,1.3236070699377044e-07,2
3426,113,0.42620101137800254,4.0732262204208496e-05,3.4746904490589904e-07,8
3427,9,0.8611111111111112,0.0,1.304458964196728e-07,2
3428,8,0.4642857142857143,0.0,1.2902654286187017e-07,8
3429,5,0.9,0.0,1.280420961015858e-07,2
3430,21,0.44761904761904764,1.9231243644952654e-06,1.5637118855936291e-07,8
3431,23,0.19367588932806323,8.826512674223722e-06,1.8244582782084057e-07,2
3432,6,0.4,3.4372915051207895e-06,2.7149840535518013e-07,2
3433,65,0.5557692307692308,4.5583119835256746e-06,2.525895377680534e-07,8
3434,107,0.42038441192029624,6.5819121809882005e-06,3.645064866427079e-07,2
3435,49,0.5739795918367347,3.900100178747604e-06,2.1739187478347105e-07,8
3436,7,0.5714285714285714,2.1611053399661078e-07,1.3072308398562263e-07,8
2003,48,0.7881205673758865,9.716487182917294e-05,0.0017924806373706844,4
2031,53,0.45863570391872277,0.00015632343400168847,0.001522878344670942,4
2155,41,0.4926829268292683,7.761310389872429e-05,0.001429512667092439,4
2185,17,0.6544117647058824,3.112739104895892e-05,0.0009792538856505074,4
2325,79,0.3810451152223304,0.00021187508179621188,0.0022264059396790974,4
2330,48,0.7730496453900709,1.2502421131590454e-05,0.0022643070085793236,4
1914,47,0.7150786308973173,1.1377793465353521e-06,0.0008446187380434279,11
1915,11,0.6,4.4005653076428926e-07,0.0006306397589662504,4
1917,190,0.7593984962406015,7.68437527686069e-06,0.07975139828358348,12
1918,161,0.7998447204968944,7.749519290255172e-06,0.06923027294417203,12
1919,55,0.6363636363636364,4.967293626199838e-06,0.0009168868745771944,11
1921,40,0.5961538461538461,8.399242139192247e-07,0.0008943581597483555,11
1922,15,0.6095238095238096,4.60144358100154e-07,0.0006506180543557682,4
1923,56,0.437012987012987,7.79806891086145e-06,0.001564009586675949,4
1924,6,0.8666666666666667,9.9940856057952e-08,0.000646687193790766,4
1925,125,0.8230967741935484,6.959147936797117e-06,0.05458661663278434,12
1927,55,0.663973063973064,1.3214156031037538e-06,0.0008980111998638325,11
1928,23,0.7944664031620553,5.698164035604126e-07,0.0007504433709515816,11
1929,151,0.8426490066225165,1.073760497077471e-06,0.06669301871794742,12
1930,13,0.5641025641025641,7.655005105317058e-07,0.0007250611738349232,4
1931,39,0.6842105263157895,9.251311627403612e-07,0.0008382437192884476,11
1933,11,0.6545454545454545,2.3597146569238666e-07,0.0006335097502638298,4
1934,12,0.4090909090909091,0.0,0.0006485739804811592,4
1935,50,0.6759183673469388,2.668994042734858e-06,0.0008709375253476355,11
1936,22,0.5324675324675324,2.880685812980841e-06,0.0007234978504051209,4
1937,4,0.6666666666666666,0.0,0.0005999238335671928,4
1938,189,0.7722616233254531,3.661396371143178e-06,0.08000630546521727,12
1942,39,0.5465587044534413,1.3196983410478367e-06,0.011134783354427129,12
1943,192,0.7536540139616056,5.591584652484469e-06,0.08025203325524656,12
1944,29,0.6600985221674877,2.148656885969153e-06,0.0009912809527797006,4
1946,191,0.76268944612841,3.5325910778198013e-06,0.08036965533271959,12
1949,8,0.5714285714285714,1.3214402078773653e-07,0.0006200361054207362,4
1950,12,0.803030303030303,4.224604300941274e-07,0.0006456621555680897,11
1952,17,0.5367647058823529,5.153995859908697e-06,0.0012407676555304858,4
1953,123,0.8665866986538718,7.26530780476878e-07,0.054896907573723175,12
1956,8,0.5,1.1975551883888623e-06,0.0006145975149673089,4
1957,39,0.7314439946018894,9.541867610457333e-07,0.0008008574354235215,11
1958,34,0.7415329768270945,1.1115823388909842e-06,0.0007712518165923902,11
1960,43,0.40420819490586934,1.1971863261966854e-05,0.0008035429815237305,4
1961,7,0.5714285714285714,4.1295006496167666e-07,0.0006445351332123874,4
1962,187,0.781381174170548,7.724360157332952e-06,0.0795709852873981,12
1963,86,0.8686730506155951,3.2174411355757454e-07,0.03846456700857795,12
1964,96,0.2519736842105263,8.488511387107872e-05,0.0024148438716930782,4
1965,20,0.4631578947368421,3.982624428386086e-06,0.0007923124532850318,4
1966,172,0.7394260845913233,2.014232648863126e-05,0.07111958433300038,12
1968,35,0.6605042016806723,6.39874136036109e-07,0.0008367159896871569,11
1969,4,1.0,0.0,0.0006998678529938215,4
1970,72,0.5187793427230047,1.4263978568879056e-05,0.0024033645177631525,4
1971,176,0.7776623376623376,9.523761803496948e-06,0.07472827529312533,12
1974,7,0.6666666666666666,0.0,0.0006452849437114729,4
1975,36,0.37142857142857144,1.0109727052632553e-05,0.000818533806899901,4
1977,9,0.8333333333333334,0.0,0.0006474570978541016,4
1978,15,0.8571428571428571,1.0699160774007078e-07,0.000693535419852598,4
1979,176,0.7577922077922078,3.4752642616312838e-06,0.07380473167082695,12
1980,57,0.6152882205513784,8.087933432774725e-06,0.0009129486047673511,11
1981,55,0.7804713804713804,2.26666099798776e-06,0.0021463587535958534,4
1982,19,0.23976608187134502,0.0,0.0019499991590197691,4
1983,199,0.7041266940764428,4.433727015672238e-05,0.08039544042904814,12
1984,178,0.776106138513299,3.1422947999833784e-06,0.07546876604793229,12
1985,224,0.587363869314542,0.00013190480441607885,0.0827374596287152,12
1986,153,0.771327829377365,3.699420366338745e-06,0.0644548408879004,12
1987,36,0.6158730158730159,1.130423213720073e-06,0.002058863648948646,4
1988,24,0.532608695652174,4.474428291466635e-06,0.0008391229900462516,4
1989,87,0.8524458700882117,8.821401615696166e-07,0.03869645143952236,12
1990,20,0.6210526315789474,2.078382829626726e-06,0.0007164542299459649,4
1992,15,0.8571428571428571,2.9149416350236e-08,0.0006727842678247883,4
1993,203,0.7290152660586255,1.6025248018127686e-05,0.08352836292524625,12
1996,4,0.8333333333333334,9.91080155908024e-08,0.0006081922362746197,4
1997,135,0.847208402432283,1.119935930003843e-06,0.05990577138350074,12
1999,34,0.696969696969697,5.297382811304952e-07,0.000814193240301332,11
2000,33,0.7196969696969697,1.2984376949522868e-06,0.0007826746572918169,11
2005,155,0.8135735232509426,1.6640873939073823e-06,0.06737008971694027,12
2006,52,0.6779788838612368,5.688058555098225e-06,0.0008695926411319765,11
2008,7,0.5714285714285714,0.0,0.0006280714145044807,4
2011,40,0.7128205128205128,1.3144396985905652e-06,0.0008274880361488553,11
2012,15,0.8285714285714286,1.237067328330935e-07,0.0006734535318247383,11
2013,9,0.8055555555555556,1.0616570761014742e-07,0.0006333867031181866,11
2014,10,0.8222222222222222,0.0,0.0006350735599353058,11
2015,5,0.6,0.0,0.0006038694931712982,4
2016,18,0.8300653594771242,1.641064053468943e-07,0.0006890013724243757,11
2017,7,0.38095238095238093,9.910801559080238e-07,0.0006134467163360244,4
2019,19,0.6842105263157895,0.0,0.0031493521104512417,12
2020,158,0.8329436426670966,1.9412261044891026e-06,0.06938575074170712,12
2021,31,0.8516129032258064,4.5828400649625924e-08,0.013796701831675279,12
2022,50,0.6465306122448979,2.2783765704464156e-06,0.0009034035918225361,11
2023,25,0.49666666666666665,0.0,0.0007547700785806798,4
2025,30,0.7862068965517242,6.5246178874958e-07,0.0007456678605779183,11
2029,34,0.4206773618538324,2.8441389615106175e-06,0.0012866695585327093,4
2030,187,0.7834512103961819,3.842898946378636e-06,0.0796472321284641,12
2033,173,0.780682887484877,1.910042054201556e-06,0.0737187461105981,12
2034,8,0.42857142857142855,1.1562601818926947e-06,0.0006152484079242166,4
2035,30,0.5471264367816092,1.589475616463072e-06,0.0007473460596554445,4
2036,21,0.6666666666666666,1.3049222052788985e-06,0.0008831545673683753,4
2037,173,0.6965317919075145,2.5447166367157513e-05,0.06947120299145025,12
2040,152,0.743813175322412,1.4435948706321313e-05,0.063267913928441,12
2041,8,0.42857142857142855,1.94086530531988e-06,0.0006243555099514524,4
2043,174,0.7869908976147765,3.055580403878507e-06,0.07432268588973123,12
2044,25,0.7033333333333334,1.4020451701336601e-06,0.007399544241530947,12
2045,176,0.7886363636363637,3.105778611552927e-06,0.07518321950212273,12
2046,123,0.880714380914301,6.780912539502004e-07,0.0557434023341242,12
2048,17,0.3897058823529412,2.5540165101561492e-06,0.002040969341649035,4
2049,37,0.4144144144144144,1.0296927948669876e-05,0.0008045443232980598,4
2050,23,0.8221343873517787,2.0446720237014132e-07,0.0007096198922032332,11
2051,9,0.7222222222222222,2.851784566264755e-07,0.0006313674144129012,4
2055,73,0.8359969558599696,7.103076243704908e-07,0.03178092850098549,12
2056,115,0.6466819221967963,9.61779231990769e-06,0.044075185353990416,12
2057,42,0.6782810685249709,4.709059210907503e-06,0.0028258064520777044,4
2058,76,0.7249122807017544,3.994427932141379e-06,0.030732412039722674,12
2059,193,0.7787672711571675,3.958193679615955e-06,0.08206063982968956,12
2060,106,0.7626235399820306,1.010378646128766e-05,0.044453335347515034,12
2061,48,0.6843971631205674,5.0072910832039345e-06,0.000867515531444904,11
2063,141,0.8092198581560284,2.770452042035454e-06,0.060867591264221824,12
2064,186,0.772391746585295,6.434920873482892e-06,0.07868484862880934,12
2066,9,0.8333333333333334,0.0,0.0007421047777508051,4
2067,33,0.5435606060606061,4.0752974165922516e-07,0.007630108320741869,12
2069,168,0.7510692899914457,5.345864915575864e-06,0.07010275577499807,12
2070,13,0.6282051282051282,4.5780252006941887e-07,0.0006455483337757065,4
2073,195,0.7672746497488766,4.2387612373880926e-06,0.08225159330941795,12
2074,162,0.8324514991181657,1.568386575059339e-06,0.07100766302330591,12
2075,48,0.8226950354609929,1.916704257819823e-06,0.002079119848331362,4
2076,17,0.7426470588235294,3.828290013997661e-06,0.0006858594268564258,4
2077,126,0.8679365079365079,5.92527600080467e-07,0.05652958227852529,12
2078,204,0.7320100453974693,5.755181838168337e-06,0.08413212439082068,12
2079,1,0.0,0.0,0.0005878048091808422,4
2080,9,0.5833333333333334,0.0,0.0006759811702603234,4
2082,18,0.477124183006536,2.215675318756842e-06,0.0006963349925177995,4
2083,147,0.8213586804584848,5.296875349102221e-06,0.0640330883015604,12
2084,141,0.7031408308004052,2.6746324469358602e-05,0.05661483102261469,12
2085,30,0.4298850574712644,5.922293860214674e-06,0.0009029674368727003,4
2086,136,0.8471677559912854,5.715980344176082e-07,0.06018220393529603,12
2088,198,0.7471671024970518,4.508912107803937e-06,0.0824654612730049,12
2089,23,0.6640316205533597,1.2186394449895204e-06,0.0007018075218151377,4
2090,189,0.7917370257795789,3.922548081302889e-06,0.08099355720885394,12
2091,34,0.44919786096256686,4.629019115596375e-06,0.0007641896623654871,4
2092,43,0.4795127353266888,8.507713513866467e-06,0.011504369681165928,12
2093,177,0.7864663585002568,6.22854031454591e-06,0.0755754634591941,12
2094,7,0.9047619047619048,9.91080155908024e-08,0.0006106169255882415,4
2095,154,0.805025040319158,3.2747263087231826e-05,0.06651305508115785,12
2096,21,0.7523809523809524,2.8462568330295074e-07,0.001097091291326643,4
2097,38,0.7766714082503556,4.794206346853447e-07,0.0007907793261503022,11
2098,117,0.8480695549661067,1.0873440945831447e-06,0.051787438365678395,12
2099,16,0.4666666666666667,2.229930350793054e-06,0.001217315064385711,4
2100,6,1.0,0.0,0.0006166874371660512,4
2103,184,0.7600974103112378,3.864463865873797e-06,0.07722477254127237,12
2104,181,0.7936771025168815,3.205381667812683e-06,0.07759595387383765,12
2105,11,0.5454545454545454,1.4876675938434515e-06,0.0006335215710881726,4
2106,4,0.8333333333333334,1.6518002598467065e-07,0.0005989658526338721,4
2107,37,0.2702702702702703,1.6872353487230356e-05,0.0008441661499848872,4
2108,164,0.8411641478377974,1.8481124550775763e-06,0.07233895358144667,12
2109,135,0.8515201768933113,1.6627807459548847e-06,0.05975587685196492,12
2110,43,0.8283499446290143,1.349744938525645e-06,0.002145546055168929,4
2112,160,0.793317610062893,2.801147261783537e-06,0.06864641532778418,12
2113,10,0.7777777777777778,0.0,0.0006323976363649281,4
2114,15,0.42857142857142855,2.456856243633899e-06,0.0006752380318476414,4
2115,136,0.8441176470588235,1.7378744061445024e-06,0.060124133560263734,12
2118,188,0.7821708954374786,4.499774072626191e-06,0.08007185300547566,12
2119,15,0.49523809523809526,1.1850862416221623e-06,0.0006617794260190967,4
2120,23,0.4308300395256917,1.5721598901755263e-06,0.0006937635167402194,4
2121,158,0.8281061033620898,8.723463665092946e-06,0.06922127274336443,12
2122,146,0.8367501180916391,1.6117645410257273e-06,0.06408314113868693,12
2123,203,0.7307223333170756,9.132391438511165e-06,0.08366728424187672,12
2124,169,0.8083262890955198,3.1818190400709574e-06,0.0731284310848107,12
2126,54,0.2802236198462614,4.1978996123122556e-05,0.0009608815775302827,4
2129,38,0.3783783783783784,1.1081824598616451e-05,0.0007626300183259931,4
2130,11,0.5818181818181818,0.0,0.0006425073049898433,4
2131,198,0.7404501871506948,1.1925635075968009e-05,0.08212907283411715,12
2136,74,0.8467234357645317,3.913489633091652e-07,0.032510175841415835,12
2139,178,0.8049260458325398,6.284206323854613e-06,0.0768168423588484,12
2140,171,0.8074303405572756,3.1949636530023735e-06,0.0738849110453235,12
2141,24,0.8369565217391305,2.224557954185783e-07,0.000946860375652387,4
2142,221,0.6238173591114767,0.00013001154221523031,0.08419020671697226,12
2145,43,0.39424141749723146,1.3087625472755888e-05,0.0011460550244105944,4
2146,24,0.38405797101449274,1.2262909241123233e-06,0.0006957995626852632,4
2147,41,0.5353658536585366,1.9322487714968707e-06,0.012809193573930283,12
2150,192,0.75010907504363,1.2964548689033939e-05,0.0801510702041117,12
2152,18,0.28104575163398693,1.2559581261477281e-06,0.0006639078706057236,4
2154,160,0.8093553459119497,4.071302965966963e-06,0.06921607932977294,12
2156,27,0.2849002849002849,3.976727002207135e-06,0.0007012314256468526,4
2158,10,0.8,1.0172851867683373e-07,0.0006314538278309202,4
2159,48,0.6861702127659575,1.1263056742781596e-06,0.0008724005658418514,11
2160,24,0.42028985507246375,4.192187102035493e-06,0.0006978400918174686,4
2161,82,0.6151761517615176,1.0163384984499315e-05,0.0033857999813521012,4
2162,15,0.5523809523809524,1.9860629168255764e-06,0.0006805294823055586,4
2164,92,0.8055422838031534,2.663952479592655e-06,0.039763929455624056,12
2165,128,0.8271407480314961,1.943369924660722e-06,0.0560344725497386,12
2166,9,0.5,0.0,0.0006586353370247512,4
2167,5,1.0,0.0,0.0006030537979736402,4
2168,3,1.0,0.0,0.0005952756694607556,4
2170,18,0.7647058823529411,1.91152903373663e-07,0.0007023271712528615,4
2172,193,0.7378562176165803,4.519895223017504e-06,0.07988814235325194,12
2173,30,0.3931034482758621,1.1301878940287091e-05,0.0007603287780240867,4
2175,8,0.7142857142857143,5.209070105159435e-07,0.0007721707452699851,4
2177,11,0.8545454545454545,1.7343746331607752e-07,0.0009030369070862088,4
2178,3,0.6666666666666666,0.0,0.0005957094601455463,4
2179,94,0.8522077327842599,2.117950168199423e-06,0.04194061495085478,12
2181,17,0.40441176470588236,1.634662075831997e-06,0.0006589009273859,4
2182,8,0.8214285714285714,0.0,0.0006673109105106795,4
2184,186,0.7582098227259517,7.2191690112721015e-06,0.07799290344425691,12
2186,18,0.7843137254901961,6.60802126105902e-07,0.0008270727684733175,4
2188,194,0.7503338496875167,4.95503914575338e-06,0.08096143406345493,12
2190,168,0.8059595095523239,2.299549935234507e-06,0.07260663920380157,12
2192,41,0.6939024390243902,1.1207880638420352e-06,0.0008290024734485177,11
2193,14,0.4175824175824176,2.04084191463021e-06,0.0006881814693513588,4
2195,1,0.0,0.0,0.0005878048091808422,4
2197,22,0.5108225108225108,9.044768403362991e-07,0.0007103594566974046,4
2200,173,0.7660975937626024,2.811319328474641e-06,0.07284438119904157,12
2201,190,0.7788359788359789,4.1212954375899425e-06,0.08073849549093774,12
2202,49,0.6556122448979592,1.0973532186316123e-06,0.0008717643317937112,11
2204,4,1.0,0.0,0.0005990888999137633,4
2205,14,0.7692307692307693,2.252454899790964e-08,0.0008045073328138071,4
2206,210,0.7219867851446798,9.97952208973852e-06,0.08604818144828517,12
2207,22,0.5064935064935064,2.0659301821368454e-06,0.0018314272267946075,4
2208,22,0.683982683982684,1.0988051217497038e-06,0.004514606417665375,4
2209,36,0.6492063492063492,2.9577758063026703e-06,0.0011782215696189578,4
2210,98,0.7973911213970124,1.5121687609901592e-05,0.04237341311967284,12
2211,54,0.44654088050314467,6.716147613679038e-06,0.0014411437455801263,4
2212,140,0.8480986639260021,1.2195237694207938e-06,0.062088121919368404,12
2213,103,0.8431372549019608,6.453408363528697e-07,0.04556223115508613,12
2214,27,0.43874643874643876,2.1514698384503354e-06,0.0014402496576830911,4
2216,133,0.8452950558213717,1.7332016053314503e-06,0.05873409287807199,12
2217,13,0.5512820512820513,1.1975551883888623e-06,0.0006462000107933269,4
2218,205,0.7252510760401721,1.481245178139095e-05,0.08415167862303616,12
2219,5,1.0,0.0,0.0006350421665390378,4
2220,195,0.7654771345492994,7.832767580662705e-06,0.08215172835360837,12
2221,41,0.7085365853658536,4.520179765690164e-06,0.001488921458528643,4
2222,46,0.6705314009661836,8.987365844865907e-06,0.0015648354648614173,4
2226,51,0.3607843137254902,1.0725336286736494e-05,0.0020526256206431174,4
2227,7,0.5714285714285714,0.0,0.0006233062916510624,4
2228,32,0.4314516129032258,5.981264673548069e-06,0.0007968806579028702,4
2229,207,0.6912433750762159,2.7174768948782606e-05,0.08300395512644808,12
2230,5,0.9,4.129500649616766e-08,0.000655893742881098,4
2231,36,0.41904761904761906,2.3571332427264645e-06,0.0008323868557790845,4
2232,71,0.46398390342052315,2.102094817339886e-05,0.002845572014726706,4
2233,222,0.6306713953772777,5.61766334914671e-05,0.08517089846009797,12
2234,29,0.5714285714285714,0.0,0.006233617057640179,12
2235,70,0.5995859213250517,3.2537846890362285e-05,0.0023537315170107757,4
2236,37,0.3963963963963964,4.563301199913555e-06,0.0007691859125938026,4
2237,124,0.8456595856281144,7.283978021078226e-07,0.05483632379148774,12
2238,13,0.34615384615384615,7.540530283954346e-07,0.000640051891024612,4
2240,201,0.7339303482587065,9.789761848055556e-06,0.08305299128497101,12
2242,40,0.4064102564102564,8.23562459699513e-06,0.002426510357169601,4
2243,59,0.7019286966686148,4.124612070366071e-06,0.0027434405664023306,4
2244,200,0.7468844221105527,4.369174435298815e-06,0.08333779185574926,12
2245,7,0.9047619047619048,0.0,0.0006106876071951911,4
2248,18,0.7124183006535948,1.1875905466379662e-06,0.0007070089805473889,4
2249,19,0.7134502923976608,3.4677216993576696e-07,0.0012125400756818816,4
2251,9,0.4166666666666667,0.0,0.0006310526007321623,4
2252,10,0.9777777777777777,0.0,0.0008984826649568516,4
2253,157,0.8075289890576515,1.80792404591871e-06,0.06786893461874063,12
2255,10,0.7555555555555555,2.47770038977006e-07,0.0006330792749958862,4
2256,7,0.9047619047619048,0.0,0.0006615007548785663,4
2257,155,0.7831587767071638,2.1492728515858137e-06,0.06605047995377401,12
2258,49,0.8324829931972789,4.90461057901137e-07,0.02130582179735502,12
2259,55,0.5737373737373738,1.926529089633524e-05,0.0034871497619141313,4
2260,20,0.33157894736842103,1.0929590485580931e-06,0.0007055252790949101,4
2261,129,0.8433866279069767,9.317171409394813e-07,0.057246524901338705,12
2262,14,0.6923076923076923,1.5444332429566706e-06,0.0026351535001978674,12
2263,7,0.8095238095238095,0.0,0.0006200929025864454,4
2265,11,0.6727272727272727,0.0,0.0006651712976552293,4
2269,1,0.0,0.0,0.0005878048091808422,4
2270,15,0.8476190476190476,2.252454899790964e-08,0.0007172554953130107,4
2271,180,0.7880198634388579,4.139082519848949e-06,0.07693816538267897,12
2272,29,0.6428571428571429,6.881722795951678e-07,0.0012571081148407088,4
2274,35,0.8840336134453781,3.9185765600280493e-07,0.0014841555199811246,4
2275,185,0.7849588719153937,7.187405078297909e-06,0.07890679470258709,12
2276,154,0.8085052202699261,1.907571207215013e-06,0.0665938731391813,12
2277,16,0.375,7.185331130333174e-07,0.000722570617273132,4
2278,174,0.7509135605607601,5.4199746865302426e-05,0.07261622557817639,12
2280,59,0.6797194623027469,9.430069255495054e-06,0.002590240997995766,4
2281,9,0.75,9.91080155908024e-08,0.0006183258889450616,4
2286,24,0.5615942028985508,5.435521963005522e-06,0.0007376965405774339,4
2287,68,0.8520632133450395,2.4924470650229737e-06,0.030461728893189526,12
2288,21,0.4238095238095238,3.289597497453815e-06,0.003949139683262052,12
2290,184,0.7963886909004514,3.028113373871801e-06,0.07903503682153101,12
2291,17,0.6397058823529411,0.0,0.0012759211344112052,4
2296,34,0.5793226381461676,1.029672680575944e-05,0.0010870891452943753,4
2297,38,0.6770981507823614,1.5735365794163005e-06,0.000806290277727989,11
2299,155,0.8196062002513615,7.684349540784424e-06,0.06748799984559027,12
2300,122,0.6585828478525945,1.5058643019301193e-05,0.04727164463796564,12
2301,10,0.6444444444444445,7.020151104348503e-07,0.0006246689918036204,4
2303,29,0.6280788177339901,0.0,0.00836621347844338,12
2304,66,0.5958041958041959,2.4921636291274223e-06,0.0024257281552471552,4
2305,16,0.7916666666666666,1.4099641074336663e-07,0.001071392179179382,4
2306,113,0.888432364096081,4.601700414594328e-07,0.05094790910982978,12
2307,141,0.8533941236068896,1.2564340851248379e-06,0.06258889048771056,12
2308,156,0.836641852770885,1.268506249060977e-06,0.06858106366011824,12
2309,199,0.731130399472108,3.396275189281039e-05,0.08201797675814175,12
2310,23,0.6482213438735178,1.9471370424608448e-07,0.0010288368810901709,4
2311,51,0.7788235294117647,7.580117045599095e-08,0.02138050118584042,12
2312,16,0.85,1.377137116581277e-07,0.0008611808081702897,4
2313,85,0.15630252100840336,0.0001181911208259349,0.0020862952601554516,4
2314,19,0.7192982456140351,9.209427904055695e-07,0.0007134944868554594,4
2316,10,0.3111111111111111,0.0,0.000663090698268733,4
2317,36,0.41904761904761906,1.027094162230205e-05,0.0007987632548669039,4
2318,37,0.5420420420420421,6.198728361830786e-06,0.0010927996309792701,4
2320,16,0.8583333333333333,6.726788388516001e-08,0.0006773893562886909,4
2321,7,0.38095238095238093,7.185331130333174e-07,0.000620073926063723,4
2322,46,0.36231884057971014,1.517788044590854e-05,0.001136965700217041,4
2323,183,0.7703116555575572,3.420821371909525e-06,0.07733025757719585,12
2324,197,0.7124728063814358,4.550772540043392e-05,0.08017930754506211,12
2326,180,0.7906890130353817,3.588195925657411e-06,0.07701151635342356,12
2329,124,0.8317597692105954,1.8476741800922985e-05,0.054644532022445014,12
2331,190,0.7538290169869117,7.421730826948078e-06,0.07943004649341853,12
2334,139,0.7443436555103743,4.100386396818127e-06,0.05747277044228732,12
2335,34,0.40998217468805703,3.982168270017515e-06,0.0007945021586688957,4
2339,182,0.744399247161678,4.44618489590962e-06,0.07566782268620793,12
2340,198,0.7580372250423012,8.304812483082926e-06,0.08304927999765908,12
2341,26,0.3507692307692308,1.4014436105726881e-06,0.0007017118364371415,4
2342,28,0.41798941798941797,5.2346525885794514e-06,0.0007679521166012945,4
2345,52,0.41704374057315236,2.0004916273991854e-05,0.002733102858118048,4
2346,36,0.7158730158730159,9.873926151415323e-07,0.0007810769750701031,11
2348,151,0.8296688741721854,3.7023110416439397e-06,0.0662156070390327,12
2349,18,0.7843137254901961,1.9750971840081064e-06,0.000693652833415581,4
2350,28,0.5079365079365079,4.101239377310653e-06,0.008450286160845205,12
2352,168,0.8097376675220986,3.0340250351432794e-06,0.07260080013993178,12
2353,86,0.8429548563611491,7.441589481445166e-07,0.037935266197488375,12
2354,177,0.7969311761684643,2.7900977257307115e-06,0.0760073436153158,12
2356,172,0.8279613763089896,2.541816410197019e-06,0.07524766490736386,12
2357,13,0.28205128205128205,0.0,0.0006428035158691178,4
2358,6,0.7333333333333333,7.43310116931018e-07,0.0006606860232766216,4
2359,147,0.8568632932625104,1.2966558144308092e-06,0.06537161289401885,12
2360,12,0.4696969696969697,1.3013826332935125e-06,0.0006377048618556907,4
2361,45,0.35555555555555557,9.770162703040087e-06,0.0008918697133660547,4
2362,25,0.8233333333333334,2.4266502290758785e-07,0.0009329103721428084,4
2363,167,0.8222350479763365,2.0456344122096977e-06,0.07284759294600145,12
2365,55,0.6316498316498317,2.601281452184361e-06,0.0009225847486203845,11
2366,36,0.5301587301587302,3.229523804018762e-06,0.0011927280441656099,4
2367,50,0.5224489795918368,7.977805803427338e-06,0.00210349387801222,4
2369,197,0.7412203460064228,1.2341901674782738e-05,0.08175333453426646,12
2370,158,0.8352817866645167,1.1698835810457712e-06,0.06942248179972925,12
2371,36,0.47619047619047616,4.324258109215431e-06,0.0008134550384034728,4
2373,12,0.4090909090909091,3.92426757221852e-07,0.0006371852862879049,4
2374,168,0.8238522954091816,2.4316709842607486e-06,0.0734498077881343,12
2375,6,1.0,0.0,0.0006165828376376128,4
2376,179,0.7501726194212541,7.215224792678024e-06,0.07461509624543217,12
2379,36,0.5349206349206349,5.270237366126237e-06,0.0017413260614171215,4
2380,3,1.0,0.0,0.0006055085000626408,4
2381,176,0.7972727272727272,8.70222031281087e-06,0.07560264342631283,12
2382,2,1.0,0.0,0.0005916595550530837,4
2383,24,0.6195652173913043,1.184970043551935e-06,0.007985600505893867,12
2386,139,0.8609112709832134,1.5760626374503415e-06,0.06220067689546409,12
2387,50,0.5126530612244898,5.463233030650169e-06,0.014115127292415095,12
2388,6,0.4666666666666667,0.0,0.000617521558461889,4
2390,49,0.8333333333333334,9.281405019320525e-07,0.0021854675488148824,4
2391,72,0.6173708920187794,7.770380626060647e-06,0.02643088833725057,12
2392,92,0.8279980888676541,2.660786161594647e-06,0.040718074758709866,12
2393,32,0.5705645161290323,4.857582424354067e-06,0.008161018780917857,12
2395,179,0.7718285104513213,7.869353299662804e-06,0.07573681687359952,12
2396,69,0.6534526854219949,8.678245477103636e-06,0.002517091437044632,4
2397,35,0.346218487394958,1.109847201410955e-05,0.000786182114494398,4
2400,19,0.7485380116959064,1.0894505691478881e-07,0.0010120705672029319,4
2401,21,0.5190476190476191,1.4753912468739153e-06,0.001249856047804644,4
2402,15,0.7047619047619048,3.680331811989145e-07,0.0006615822149323594,4
2403,17,0.6544117647058824,1.3156229434022749e-06,0.0007036293370815279,4
2404,170,0.7367211973546816,6.019556349359974e-06,0.07010992048284798,12
2405,20,0.4052631578947368,1.8067246028993623e-06,0.0006743694097550018,4
2406,36,0.5285714285714286,6.143105681499458e-06,0.0010745329747860848,4
2407,89,0.866956077630235,2.1042634620388874e-06,0.03997113565994908,12
2408,153,0.8390092879256966,1.6790455215355501e-06,0.06742860884871921,12
2409,178,0.7775026978988129,4.135659488843155e-06,0.07554523155849947,12
2410,207,0.700060972749871,1.7066556427382213e-05,0.08351360254407017,12
2411,32,0.3810483870967742,6.334249173308729e-06,0.0007826257796739456,4
2412,31,0.3247311827956989,5.8420690623796285e-06,0.0007206696686285527,4
2414,183,0.7727736744130187,1.0000382557294749e-05,0.07754828437876747,12
2415,41,0.875609756097561,9.118143047839582e-07,0.0015678700230745061,4
2416,37,0.6201201201201201,1.9501984744442236e-06,0.0011077088539910415,4
2418,117,0.8723843206601827,7.69466809671266e-07,0.052311762677202917,12
2421,8,0.42857142857142855,2.436405383273892e-06,0.0006138547476934094,4
2422,5,0.9,0.0,0.0006125930631832292,4
2423,165,0.80169992609017,2.7341392240828896e-06,0.07119266508018675,12
2424,11,0.6363636363636364,2.6307793149499923e-07,0.0006343983030724172,4
2425,36,0.5,6.9066324990179795e-06,0.001457551946287177,4
2426,18,0.673202614379085,4.38922942350669e-07,0.0016284033400239372,4
2427,25,0.6466666666666666,6.575576468194924e-07,0.007422525432838933,12
2428,191,0.7329291815927252,9.064413350340253e-06,0.07872164356742921,12
2429,86,0.639124487004104,7.755877050230568e-06,0.032075153049221566,12
2430,146,0.8199338686820973,1.6072624500908955e-06,0.06352429283165434,12
2431,5,1.0,0.0,0.0006125031003693771,4
2432,28,0.7724867724867724,1.3814604406301939e-06,0.0012326215886449767,4
2433,147,0.8347777467151244,3.770197607112651e-06,0.0647671912236156,12
2434,91,0.5619047619047619,1.0646511679448689e-05,0.0031633963983483115,4
2435,27,0.7749287749287749,4.244922624553591e-07,0.0007326094622560856,11
2437,5,0.8,0.0,0.0006027558773467136,4
2438,68,0.6180860403863038,7.182015253711949e-06,0.0031822297658418413,4
2439,10,0.7333333333333333,0.0,0.0006319487842486255,4
2440,34,0.49376114081996436,8.880648735059128e-07,0.0008254959888610395,4
2441,4,1.0,0.0,0.0006086368160920044,4
2442,3,0.6666666666666666,0.0,0.0012424457912417646,12
2443,23,0.31225296442687744,7.71670092214812e-06,0.004607059412909162,12
2444,16,0.9083333333333333,6.726788388516001e-08,0.0006776852665440857,4
2446,161,0.8075310559006211,2.0534394535585606e-06,0.06960966955033875,12
2448,33,0.5056818181818182,3.87734933012046e-06,0.000787046392485611,4
2449,46,0.5256038647342995,5.427931743401565e-06,0.013087781173338213,12
2450,12,0.6666666666666666,8.341591312225869e-07,0.0006409058157462779,4
2452,10,0.6666666666666666,3.1297961480545683e-07,0.000688181138638887,4
2453,14,0.4725274725274725,8.805366000567444e-07,0.000747194737900602,4
2454,16,0.75,9.58223200054527e-07,0.004878928775214094,12
2455,16,0.525,6.072029856297299e-07,0.0006665312100016537,4
2456,8,0.42857142857142855,6.19425097442515e-07,0.0006257699682572753,4
2457,1,0.0,0.0,0.0005878048091808422,4
2460,169,0.7969146238377007,3.0423069042047487e-06,0.07268863269692004,12
2462,96,0.7478070175438597,9.039005055429756e-06,0.040066044711829174,12
2464,202,0.7493719521205852,3.640623418492169e-06,0.0842746349343319,12
2466,11,0.7818181818181819,1.5303443583873902e-07,0.0006579791247986874,4
2467,130,0.8441264162194395,1.1616643653201768e-06,0.057413657301718844,12
2469,135,0.8715312327252626,6.739489556976418e-07,0.06089355313951111,12
2470,1,0.0,0.0,0.0005878048091808422,4
2473,49,0.5306122448979592,8.464439370287849e-06,0.0022869494345528134,4
2474,26,0.39384615384615385,6.2355665567094505e-06,0.0008050948487611328,4
2476,36,0.5841269841269842,3.1167779620695552e-06,0.011631114046780175,12
2477,113,0.8574589127686473,6.745048890170979e-07,0.05010107471614808,12
2478,93,0.5593735390369331,2.737649598816245e-05,0.032186068974029536,12
2479,46,0.8830917874396135,5.133705277835894e-07,0.001806269245698651,4
2480,27,0.5470085470085471,3.107634144477841e-06,0.0009607961712826417,4
2481,3,0.6666666666666666,0.0,0.0005954606411783644,4
2482,160,0.8165094339622642,4.726561757615102e-06,0.06951746993214558,12
2483,3,1.0,0.0,0.0005953126190032112,4
2484,126,0.8419047619047619,3.2397890051472293e-06,0.05544610215284425,12
2485,137,0.8311507084585659,1.4068951530843896e-06,0.06011619819216399,12
2486,18,0.7647058823529411,3.15037922862166e-07,0.0006891155138114035,4
2487,9,0.75,9.91080155908024e-08,0.0006183258889450616,4
2488,39,0.46153846153846156,1.2553361872960742e-05,0.0007830798206570887,4
2489,108,0.8537556247836622,8.106396741978524e-07,0.047604538895027214,12
2490,15,0.6761904761904762,9.627635800249374e-07,0.0007414027591890406,4
2492,178,0.7922300514187773,2.392803317340354e-06,0.07637359446925428,12
2493,6,0.8,0.0,0.000655846312135419,4
2495,145,0.8005747126436782,2.408922172545941e-06,0.06226581083322045,12
2497,25,0.5133333333333333,7.365854802088216e-06,0.0007397083107212942,4
2499,93,0.6870032725572698,1.0864621118982769e-05,0.03682666575102548,12
2500,181,0.7800491098833641,3.2594220426486377e-06,0.07694538242262539,12
2503,16,0.8833333333333333,2.41523735473384e-07,0.0006991302385356139,4
2504,151,0.8185430463576159,2.5390733466897775e-06,0.06566604924876465,12
2505,5,1.0,0.0,0.0006151650440780027,4
2506,124,0.8036978756884343,2.509598086423398e-06,0.053334462744457876,12
2507,201,0.7392039800995025,6.652886454110768e-06,0.08326904777875548,12
2513,15,0.8380952380952381,1.479557106054094e-06,0.0006814102593266778,4
2514,9,0.75,0.0,0.0006952594279818967,4
2515,13,0.8076923076923077,3.15037922862166e-07,0.000664273838876935,4
2517,6,1.0,0.0,0.0006549287939499731,4
2518,48,0.5124113475177305,2.875634029734187e-06,0.004561268278694733,4
2520,165,0.8058388765705838,9.594730957460699e-06,0.07119017846082873,12
2521,141,0.8252279635258358,1.2281411267139776e-05,0.06177936804905212,12
2522,14,0.5384615384615384,1.7622626106332047e-06,0.0014385716894541566,4
2523,17,0.45588235294117646,2.6645628815716407e-06,0.0006668008435450429,4
2524,13,0.717948717948718,4.425909221577756e-07,0.005143502762073722,12
2525,35,0.6201680672268908,8.158385993277788e-07,0.0011792954435960782,4
2526,191,0.6689997244419951,9.650401812657237e-05,0.07522711695470059,12
2527,4,0.6666666666666666,0.0,0.0006235131565679749,4
2528,7,0.8571428571428571,0.0,0.0006201457906476357,4
2531,23,0.5059288537549407,1.16206603555053e-06,0.0015052928485337369,4
2532,106,0.891644204851752,5.659697379220287e-07,0.0482961786358819,12
2534,18,0.6993464052287581,1.952316861743187e-06,0.0007157633757407404,4
2535,11,0.5272727272727272,1.379253216972e-06,0.0006282438263135469,4
2536,63,0.7526881720430108,2.6821044704462115e-06,0.025978749507157232,12
2537,95,0.5948488241881299,1.5054699697335741e-05,0.003793986006987169,4
2539,140,0.8396711202466598,9.337046296643802e-07,0.06170504918016303,12
2540,31,0.3311827956989247,2.5751311571978525e-06,0.000802063134333569,4
2541,2,1.0,0.0,0.0005916595550530837,4
2545,9,0.6388888888888888,0.0,0.0014944473811894373,12
2546,144,0.8039044289044289,5.387417700756553e-06,0.06212529830486642,12
2548,8,0.9285714285714286,0.0,0.0006243783635374649,4
2549,161,0.8392080745341615,1.8711650843516825e-06,0.07092653838109456,12
2550,162,0.7925772563453722,3.519394107586409e-05,0.06948115761784956,12
2551,158,0.7666693541885028,5.4787168666354066e-06,0.066750736466429,12
2552,112,0.8650257400257401,9.344945855044369e-07,0.0500916761242041,12
2553,173,0.7945960478558947,6.264697037848242e-06,0.07410687150388877,12
2554,93,0.895278167367929,3.0334553381575954e-06,0.042370326539343375,12
2556,131,0.8173810921902525,1.7441799548376663e-06,0.056949368078400925,12
2557,31,0.5720430107526882,1.3291700833215586e-06,0.0010968065049832539,4
2558,22,0.33766233766233766,2.5189953962662277e-06,0.0006824348732702798,4
2559,165,0.8184035476718403,2.5378599305451457e-06,0.07193646233972574,12
2560,201,0.6933333333333334,8.702004145491877e-05,0.08078334876135443,12
2561,155,0.7961457896941768,2.6425597442301926e-06,0.06658330007995568,12
2562,14,0.3956043956043956,1.316762032316261e-06,0.0006574022778856882,4
2563,110,0.8492076730608841,6.855301299231584e-07,0.048741741372882376,12
2564,188,0.7602685174650131,7.879823435797408e-06,0.07894739298539295,12
2565,4,0.8333333333333334,9.91080155908024e-08,0.0006081922362746197,4
2566,26,0.64,4.6758653509506775e-07,0.0008960419251210324,4
2568,11,0.8909090909090909,2.9149416350236e-08,0.000794618448808839,4
2569,1,0.0,0.0,0.0005878048091808422,4
2570,21,0.38571428571428573,4.734394263791449e-06,0.0006778663062511348,4
2572,19,0.7017543859649122,2.4801295077992466e-07,0.0021850064364822156,4
2573,152,0.8367898222377135,2.530479650594185e-06,0.06696345179937392,12
2574,103,0.8254330858557015,1.087932002987197e-06,0.0446673392611193,12
2575,141,0.7688956433637285,5.239241647370956e-06,0.05939649633215641,12
2576,45,0.6313131313131313,6.73516534662159e-07,0.016390220468958883,12
2577,20,0.531578947368421,2.700895568237808e-06,0.0006782369551808012,4
2578,164,0.832485410743678,2.810140154626838e-06,0.07199364967612211,12
2579,116,0.8835082458770614,6.985685858177848e-07,0.05244856830565038,12
2580,6,0.8,0.0,0.000653755065972281,4
2581,24,0.3007246376811594,7.396257530288737e-06,0.002087771498412589,4
2584,15,0.7523809523809524,0.0,0.0022777960305783193,12
2585,40,0.7397435897435898,1.4695645179777147e-06,0.0008168374259113395,11
2586,187,0.7978839629693519,2.688591229117635e-06,0.08041917347611216,12
2587,19,0.5380116959064327,2.7274547342540252e-06,0.0006662143743704147,4
2590,197,0.7460375012949342,8.973667637196354e-06,0.08199812303669368,12
2591,96,0.8739035087719298,5.34667656433813e-07,0.04303279560265195,12
2593,185,0.7890129259694477,3.2623864593400075e-06,0.07912597769636097,12
2595,3,1.0,0.0,0.0005953126190032112,4
2596,1,0.0,0.0,0.0005878048091808422,4
2599,14,0.8571428571428571,2.462508879575198e-08,0.001437603486613885,4
2600,182,0.7462206301985308,3.322198522219435e-06,0.07582556390810502,12
2601,190,0.7660818713450293,4.574826951644086e-06,0.08013886970937811,12
2602,198,0.7284520330205609,1.7817305718941955e-05,0.08148992234901282,12
2603,68,0.5935030728709394,1.1132696004299782e-05,0.0022322952439446236,4
2604,196,0.7549450549450549,6.8233881265579695e-06,0.08206662175401916,12
2606,75,0.9012612612612613,1.954644445919599e-07,0.03453657493922611,12
2607,195,0.7462860163891092,1.136200086091357e-05,0.08124145317220575,12
2610,51,0.4054901960784314,8.96494226422578e-06,0.0013016992340540087,4
2611,207,0.6688710660850804,2.8793502532360394e-05,0.08154289121360407,12
2612,28,0.656084656084656,4.0525790640308e-06,0.0009948436903085315,4
2613,31,0.8473118279569892,0.0,0.01391893125017905,12
2614,17,0.4411764705882353,0.0,0.0006783318678608233,4
2615,185,0.7790246768507638,3.6266176647090935e-06,0.07864183501420764,12
2618,23,0.44664031620553357,3.782786093377846e-06,0.0007454274836385807,4
2619,164,0.7964985784827173,2.805402349051199e-06,0.07037279983071268,12
2620,55,0.661952861952862,2.4888306073045147e-06,0.0009197470023832802,11
2621,6,0.9333333333333333,0.0,0.0006163958957743394,4
2622,21,0.5857142857142857,4.141459384529684e-07,0.0021487125822427684,4
2623,130,0.8197972570065594,1.511698138980883e-06,0.056514396099393086,12
2624,188,0.7690294686539993,1.2003941033860194e-05,0.07939802920164334,12
2625,186,0.7826213310084278,3.8459128584404204e-06,0.079270052976256,12
2626,34,0.6203208556149733,4.128765457804184e-06,0.0007623969028763844,11
2627,41,0.7207317073170731,1.408249287368442e-06,0.0008453616258896928,11
2628,28,0.6058201058201058,2.3527412656071867e-06,0.0007567617960051003,4
2630,173,0.7998386879956983,5.305938188401708e-06,0.07437653192545843,12
2631,116,0.8187406296851574,5.5488611432199504e-06,0.050500740996282115,12
2632,7,0.9047619047619048,1.3214402078773653e-07,0.0006216107742804424,4
2633,41,0.7341463414634146,8.869603742146704e-07,0.0008122200247838154,11
2634,5,0.4,0.0,0.0006041599368180381,4
2637,35,0.5714285714285714,3.107299618598014e-06,0.001186409817328661,4
2638,166,0.8240233661920409,2.3914522330623185e-06,0.07250087404803923,12
2639,37,0.7192192192192193,9.948497340590907e-07,0.0008116009674492595,11
2641,19,0.6023391812865497,5.944977195715791e-07,0.000883920313487832,4
2644,27,0.42165242165242167,2.209312817182993e-06,0.0007580292335084923,4
2645,54,0.6464011180992313,1.8083096148367968e-06,0.000901180158286677,11
2646,135,0.7833056937534549,2.3959735219114083e-06,0.05723122212126187,12
2648,48,0.6781914893617021,6.1302102124995194e-06,0.0008715678607569711,11
2650,18,0.8169934640522876,6.726788388516001e-08,0.0006855897238956393,4
2651,7,0.6190476190476191,0.0,0.0006314532692905645,4
2652,49,0.8903061224489796,4.6175391524078937e-07,0.00186923089085756,4
2654,151,0.8481236203090508,9.409027144897977e-07,0.06686373450183668,12
2655,168,0.8250641573994867,1.8621624003931223e-06,0.07338749732455563,12
2656,16,0.4083333333333333,0.0,0.0006719121501084172,4
2657,52,0.7051282051282052,2.0391929932705086e-06,0.0008659217761161761,11
2658,36,0.7174603174603175,1.5452119460870021e-06,0.0007945239286147065,11
2659,58,0.4010889292196007,3.4021035792531745e-05,0.0008987131975219294,11
3438,24,0.5797101449275363,6.222115061037736e-06,1.2889066224421285e-08,10
3439,9,0.75,2.6428804157547305e-07,2.1020122703432885e-09,10
3441,6,0.5333333333333333,4.2946806756014376e-07,2.057602678665888e-09,10
3442,45,0.3656565656565657,1.208594025282885e-05,2.8990665529963626e-09,10
3443,22,0.49783549783549785,7.176024485938535e-06,2.401852175068808e-09,10
3444,5,0.9,0.0,2.5997740508637545e-09,10
3445,7,1.0,0.0,2.0877309422394817e-09,10
3446,11,0.7272727272727273,1.5338145270005133e-07,2.137087227614092e-09,10
3447,6,0.6,0.0,2.0547053277236903e-09,10
3448,47,0.47178538390379277,1.4149743988466223e-05,2.3908928926532743e-08,10
3449,45,0.5606060606060606,6.211418504375636e-06,2.985624885086252e-08,10
3450,18,0.7647058823529411,1.9834309274005457e-07,3.454434458772797e-09,10
3451,1,0.0,0.0,1.97428712228905e-09,10
3452,16,0.75,6.036676752549216e-07,4.468264722863414e-09,10
3453,1,0.0,0.0,1.97428712228905e-09,10
3455,38,0.4850640113798009,3.695600958335444e-06,3.896586352900556e-09,10
3457,6,0.6666666666666666,2.47770038977006e-07,3.7047145497577564e-09,10
3458,20,0.6157894736842106,1.4088084974484914e-06,2.3407212150521334e-09,10
3459,15,0.3904761904761905,0.0,2.2599847601483404e-09,10
3460,28,0.4417989417989418,4.952380034162766e-06,2.50344781230043e-09,10
3461,8,0.6785714285714286,0.0,4.900401259658424e-09,10
3462,20,0.6684210526315789,2.146168194796299e-06,5.975307617761904e-09,10
3463,24,0.6413043478260869,1.3592797272430035e-06,2.989680771901837e-09,10
3464,31,0.410752688172043,8.91654369131016e-06,2.755789942054662e-09,10
3465,16,0.9416666666666667,1.23885019488503e-07,2.251818455567285e-09,10
3466,26,0.5076923076923077,1.1901384228967414e-05,2.479077147796898e-09,10
3467,3,1.0,0.0,3.3019236772563705e-09,10
3468,29,0.32019704433497537,0.0,2.521871639469373e-09,10
3469,28,0.5291005291005291,5.56830337555991e-06,3.676402702629915e-09,10
3470,16,0.5666666666666667,1.6256467557324671e-06,2.419156246758201e-09,10
3471,25,0.5533333333333333,3.987680320693665e-06,8.833260362442694e-09,10
3472,15,0.8380952380952381,2.47770038977006e-08,2.3222407642388255e-09,10
3473,17,0.8088235294117647,1.114965175396527e-07,2.2530050372560637e-09,10
3474,18,0.6013071895424836,1.475134501535721e-06,2.4911676584624777e-09,10
3475,32,0.4899193548387097,5.820044955461323e-06,1.0828947348148146e-08,10
3476,15,0.8476190476190476,4.95540077954012e-07,2.223263019498297e-09,10
3477,6,0.6,9.91080155908024e-08,4.47038581702927e-09,10
3478,17,0.8014705882352942,0.0,2.2531631422726407e-09,10
3479,15,0.9238095238095239,1.313932024878062e-07,3.5664312148356303e-09,10
3480,25,0.6633333333333333,1.5580217366456481e-06,1.5513887618615792e-08,10
3481,14,0.9230769230769231,1.313932024878062e-07,3.5395070302728134e-09,10
3482,13,0.6923076923076923,5.203170818517126e-07,2.276094946913187e-09,10
3483,13,0.38461538461538464,0.0,2.20071510128901e-09,10
3484,15,0.5428571428571428,0.0,6.989679528596719e-09,10
3485,19,0.5730994152046783,2.2466844466175155e-06,3.1990764884000784e-09,10
3486,30,0.6183908045977011,5.803836676587129e-07,2.5542864524831933e-09,10
3488,47,0.5615171137835338,6.965641431502988e-06,7.870123877092874e-09,10
3489,5,1.0,0.0,2.0475438612974013e-09,10
3490,15,0.5238095238095238,5.250365111655604e-07,2.1997396193489043e-09,10
3491,23,0.5849802371541502,1.3730707985704527e-06,1.0571240129325023e-08,10
3492,9,0.5,7.946339107191122e-07,6.031037143765352e-09,10
3493,19,0.7192982456140351,1.0081862267073629e-06,2.3331780226058107e-09,10
3494,4,0.5,0.0,2.0301735243478067e-09,10
3496,19,0.27485380116959063,0.0,8.366535522765654e-09,10
3497,24,0.6376811594202898,1.0940861227955449e-06,3.848770755556745e-09,10
3498,18,0.8627450980392157,0.0,2.3876680043390926e-09,10
3499,21,0.3904761904761905,3.0896709340918383e-06,2.3725592309051697e-09,10
3500,20,0.6789473684210526,0.0,2.306066951149881e-09,10
3502,8,0.8214285714285714,0.0,3.379228836301352e-09,10
3503,13,0.6025641025641025,2.47770038977006e-07,2.997232722563359e-09,10
3504,8,0.5357142857142857,0.0,4.425614296465811e-09,10
3505,25,0.49,5.698710896471138e-07,2.5905728236369575e-09,10
3506,48,0.34397163120567376,5.516961654057388e-06,2.863269412923256e-09,10
3507,9,0.4722222222222222,9.993391572072575e-07,2.1365098813981925e-09,10
3508,24,0.43478260869565216,1.6765772637444075e-06,2.4639887108559116e-09,10
3509,22,0.696969696969697,2.7388985252650506e-07,2.3940656158597825e-09,10
3510,20,0.6105263157894737,1.4962736120039971e-06,2.370257878370642e-09,10
3511,22,0.19047619047619047,6.452738050802352e-06,2.377519861712578e-09,10
3512,13,0.44871794871794873,1.295676414214042e-06,6.600453174701453e-09,10
3513,6,0.8,1.23885019488503e-07,2.054836446477576e-09,10
3514,41,0.5804878048780487,6.339494178949472e-06,9.88915447995789e-09,10
3515,11,0.4727272727272727,2.1648594314657594e-06,2.173429034587304e-09,10
3516,14,0.945054945054945,0.0,3.5399148258168197e-09,10
3518,33,0.7064393939393939,1.991333299586357e-06,5.8310955941688135e-09,10
3519,17,0.8455882352941176,5.533530870486466e-07,2.2726272328999543e-09,10
3520,10,0.5333333333333333,0.0,5.031523032821372e-09,10
3521,58,0.25045372050816694,3.784283073710484e-05,1.1778769044629597e-08,10
3522,9,0.5,0.0,5.584270824581762e-09,10
3523,14,0.9230769230769231,1.313932024878062e-07,3.5395070302728134e-09,10
3524,16,0.575,1.7060736969559558e-06,2.2541567490590603e-09,10
3526,30,0.3425287356321839,6.339026408964655e-06,4.193885921507649e-09,10
3527,23,0.7075098814229249,8.9759519157572e-07,5.251500741512242e-09,10
3528,36,0.6492063492063492,2.6400333334610166e-06,4.748512516250478e-09,10
3529,35,0.4084033613445378,1.0524884012428493e-05,2.6552437902037736e-09,10
3530,8,0.5357142857142857,0.0,3.2413605059374766e-09,10
3531,9,0.7222222222222222,2.6428804157547305e-07,2.105316505315622e-09,10
3532,15,0.4095238095238095,0.0,2.2622143205460898e-09,10
3533,15,0.580952380952381,7.085222023675798e-07,1.0097334095672452e-08,10
3534,23,0.3557312252964427,3.4195593181548138e-06,2.4215953926900848e-09,10
3535,19,0.4444444444444444,0.0,2.320362566259219e-09,10
3536,11,0.4,0.0,2.133597131411261e-09,10
3537,4,0.6666666666666666,0.0,2.0216772941165625e-09,10
3538,20,0.6789473684210526,4.7135300272054237e-07,2.3004232772706505e-09,10
3539,10,0.26666666666666666,1.6518002598467066e-06,2.1308466291485317e-09,10
3541,12,0.9242424242424242,4.129500649616766e-08,2.1713115716692796e-09,10
3542,33,0.5454545454545454,3.056890608074407e-06,4.437730332497386e-09,10
3543,10,0.4222222222222222,0.0,2.426628369106651e-09,10
3544,5,0.5,0.0,3.2338270706501397e-09,10
3545,83,0.3397002644725242,4.497795631370668e-05,2.6172152521572528e-08,10
3546,16,0.44166666666666665,8.719145657333686e-07,2.2147854587782385e-09,10
3547,13,0.3333333333333333,0.0,6.5895745887942585e-09,10
3548,8,0.5,1.0288355904188058e-06,4.6446658322890016e-09,10
3549,15,0.5142857142857142,3.881730610639761e-06,2.2117380901589548e-09,10
3551,9,0.5555555555555556,0.0,4.990307841322959e-09,10
3552,7,0.7142857142857143,0.0,5.820276108069186e-09,10
3553,33,0.4412878787878788,7.880304912737268e-06,2.744889913590802e-09,10
3554,21,0.5952380952380952,3.5828984560905922e-06,3.37335308335605e-09,10
3555,20,0.30526315789473685,1.1077072651638672e-06,2.529758942135693e-09,10
3557,31,0.7010752688172043,1.5938409050864572e-06,5.713959659939776e-09,10
3558,38,0.40825035561877665,2.5030709623689986e-06,2.70080598770657e-09,10
3559,27,0.4472934472934473,1.1488468759258038e-05,4.81354023244306e-09,10
3560,3,1.0,0.0,3.248153957343379e-09,10
3562,15,0.9238095238095239,1.313932024878062e-07,3.5664312148356303e-09,10
3563,17,0.5882352941176471,4.013466834037143e-06,1.2428136963829368e-08,10
3564,17,0.47058823529411764,1.0518606849500022e-06,2.308608926593226e-09,10
3565,4,1.0,0.0,3.276165022236933e-09,10
3566,9,0.3611111111111111,0.0,3.843761664675038e-09,10
3567,14,0.9010989010989011,9.084901429156888e-08,2.204582954062023e-09,10
3568,35,0.34789915966386553,1.4044111305200316e-06,2.679136698483568e-09,10
3569,26,0.7169230769230769,4.3793377187312323e-07,2.486805092020197e-09,10
3570,1,0.0,0.0,1.97428712228905e-09,10
3571,17,0.8014705882352942,5.781300909463474e-07,2.2659478400147663e-09,10
3572,8,1.0,0.0,2.1122725894269842e-09,10
3573,22,0.47186147186147187,5.324764192040732e-06,7.960124252413346e-09,10
3574,15,0.638095238095238,1.0843546077469168e-06,5.340836778272586e-09,10
3575,3,1.0,0.0,3.12640723089011e-09,10
3576,42,0.4912891986062718,7.471941797623275e-06,1.0879599887630016e-08,10
3578,24,0.7246376811594203,4.4178795757869597e-07,7.728516638851066e-09,10
3579,16,0.9416666666666667,1.23885019488503e-07,2.251818455567285e-09,10
3580,9,0.6111111111111112,0.0,2.102933428039953e-09,10
3581,12,0.9696969696969697,4.129500649616766e-08,2.2739883931898715e-09,10
3582,3,1.0,0.0,2.0178742537130077e-09,10
3583,10,0.3111111111111111,7.582549764248691e-07,2.1605568439811204e-09,10
3584,49,0.32482993197278914,4.7749935080795844e-06,2.887423927517171e-09,10
3585,8,0.6071428571428571,1.698994552985184e-07,2.0882383177247675e-09,10
3587,17,0.8382352941176471,0.0,2.253390985420015e-09,10
3588,4,0.8333333333333334,0.0,2.0384693223044625e-09,10
3589,2,1.0,0.0,2.9948519186854906e-09,10
3590,27,0.6438746438746439,6.1510273549882265e-06,3.841076660835581e-09,10
3591,19,0.7894736842105263,3.0333059317184973e-07,2.3432181576547483e-09,10
3593,47,0.36077705827937095,1.2124823289914616e-05,2.871893550669708e-09,10
3594,12,0.9696969696969697,0.0,3.4863158280395454e-09,10
3595,14,0.8901098901098901,9.084901429156888e-08,2.204331025834598e-09,10
3596,86,0.3321477428180575,6.941262435633937e-05,3.371257997596553e-08,10
3597,3,1.0,0.0,2.0879438897219274e-09,10
3598,11,0.8727272727272727,2.47770038977006e-08,2.2300086612369134e-09,10
3599,33,0.5833333333333334,1.7864632266879855e-06,2.6140220349877785e-09,10
3600,7,0.38095238095238093,0.0,3.739996484667657e-09,10
3601,21,0.4714285714285714,2.67472418749738e-06,2.524712407143573e-09,10
3602,17,0.6323529411764706,1.600689125109519e-06,2.2910697761871104e-09,10
3603,9,0.6666666666666666,1.7363567017198117e-07,3.889035292448803e-09,10
3604,76,0.292280701754386,7.333408461227556e-05,2.3944259190281742e-08,10
3605,39,0.5546558704453441,6.259920301898154e-06,1.0274493977186048e-08,10
3606,5,0.8,9.91080155908024e-08,2.038277980500305e-09,10
3607,8,0.75,0.0,2.0997221313071257e-09,10
3608,19,0.783625730994152,2.3426974839172042e-07,2.4154482057166583e-09,10
3610,15,0.3238095238095238,1.734390272839042e-06,3.5572843998616765e-09,10
3611,57,0.4342105263157895,3.0618486809076574e-05,1.3506146644058772e-08,10
3612,19,0.25146198830409355,2.2173452059561273e-06,3.3182794331102045e-09,10
3613,15,0.9238095238095239,1.313932024878062e-07,3.5664312148356303e-09,10
3614,10,0.5777777777777777,1.23885019488503e-06,2.1610946126672994e-09,10
3615,20,0.6263157894736842,9.698889929105508e-07,2.4185058425234545e-09,10
3616,12,0.5909090909090909,1.4205482234681675e-06,2.161036044637379e-09,10
3617,33,0.2784090909090909,8.478079353177489e-06,4.003042245014766e-09,10
3618,20,0.7578947368421053,5.87379290448195e-07,1.695662691280737e-08,10
3619,4,0.6666666666666666,1.6518002598467065e-07,2.140690086915297e-09,10
3620,16,0.6,0.0,2.264067619494936e-09,10
3622,12,0.6363636363636364,6.015305946275091e-07,2.2003463303078954e-09,10
3623,19,0.6783625730994152,2.6032493106192143e-07,2.323438546039581e-09,10
3624,14,0.5054945054945055,1.6022462520513056e-06,2.1846124550415255e-09,10
3625,37,0.5285285285285285,1.0552577729871631e-05,2.7259893719060757e-08,10
3627,19,0.7309941520467836,7.017102669145779e-07,3.4205073042794948e-09,10
3628,23,0.525691699604743,1.2146631196515605e-06,3.642967214418221e-09,10
3629,37,0.4924924924924925,3.324205110949673e-06,2.8024455170941797e-09,10
3630,13,0.8846153846153846,2.806735468268936e-07,2.2278655867697494e-09,10
3631,10,0.6666666666666666,8.316756553074328e-08,2.1479868235839954e-09,10
3632,6,0.5333333333333333,3.71655058465509e-07,2.07041087947996e-09,10
3634,22,0.7359307359307359,2.5431698122598848e-06,2.4089443050020624e-09,10
3635,27,0.6381766381766382,5.252442157216522e-06,6.454611003837819e-09,10
3636,25,0.72,5.664211030169504e-07,2.4557181318756953e-09,10
3637,5,0.7,8.259001299233533e-07,3.294112277103135e-09,10
3638,11,0.6363636363636364,1.1975551883888623e-06,2.145783354674622e-09,10
3639,12,0.9848484848484849,0.0,3.4962517176760737e-09,10
3640,42,0.5644599303135889,8.45192650267803e-06,5.483134958335703e-09,10
3641,10,0.8444444444444444,0.0,2.129900512072739e-09,10
3642,23,0.5138339920948617,6.583356839461452e-06,5.621619083640433e-09,10
3643,24,0.5797101449275363,8.012393240958801e-07,2.420339966747757e-09,10
3644,13,0.7692307692307693,2.229930350793054e-07,2.1950345848182958e-09,10
3645,18,0.39215686274509803,2.0417431069033756e-06,2.4751743898748084e-09,10
3646,17,0.7794117647058824,3.7317614904092807e-07,2.2850394392389734e-09,10
3647,8,0.8928571428571429,3.964320623632096e-07,2.0998901565634804e-09,10
3648,21,0.5238095238095238,1.2326898366996232e-06,2.3440448766323814e-09,10
3649,15,0.9238095238095239,1.313932024878062e-07,3.5664312148356303e-09,10
3650,1,0.0,0.0,1.97428712228905e-09,10
3652,7,0.6190476190476191,4.1295006496167666e-07,2.082340366145401e-09,10
3653,4,1.0,0.0,2.0346624586924627e-09,10
3654,12,0.7121212121212122,2.8690197370432676e-07,6.6338789163825986e-09,10
3655,15,0.9047619047619048,0.0,2.220679496768397e-09,10
3656,22,0.7056277056277056,1.3909181280977307e-06,1.7974353620505115e-08,10
3657,13,0.8461538461538461,0.0,2.1869497635752545e-09,10
3658,16,0.6083333333333333,1.135068735781232e-06,4.400305691619044e-09,10
3659,10,0.5111111111111111,0.0,2.38624322326807e-09,10
3660,6,0.4666666666666667,0.0,2.180300072824546e-09,10
3661,6,0.6666666666666666,6.654395332525304e-07,3.3663969726166666e-09,10
3662,17,0.4264705882352941,4.971918782138587e-06,2.2421350871882395e-09,10
3663,14,0.8021978021978022,3.618691829765012e-07,2.244730784080848e-09,10
3664,10,0.5333333333333333,1.486620233862036e-06,2.1382425139344652e-09,10
3665,6,0.8,3.303600519693413e-07,2.0655749688723137e-09,10
3666,9,0.9444444444444444,0.0,2.2136502686791376e-09,10
3667,23,0.5533596837944664,2.0241356791192256e-06,1.4519644117487471e-08,10
3668,11,0.9818181818181818,3.8118467534924e-08,2.191675061252573e-09,10
3669,7,1.0,0.0,3.351901273750187e-09,10
3670,22,0.6926406926406926,3.2289156155135422e-06,6.08764368621179e-09,10
3671,9,0.3888888888888889,0.0,2.1179587489723505e-09,10
3672,47,0.34967622571692875,2.0658596090678904e-05,1.325460190614243e-08,10
3673,4,0.5,0.0,2.601961898561373e-09,10
3675,14,0.9120879120879121,0.0,2.205782189208503e-09,10
3676,5,1.0,0.0,2.0475438612974013e-09,10
3678,5,0.5,0.0,2.0473464728774244e-09,10
3679,13,0.44871794871794873,2.515455824280842e-06,2.164687942922479e-09,10
3680,43,0.30454042081949056,2.1669930270238228e-05,4.0192440074960856e-09,10
3681,10,0.7777777777777778,2.5016456601124495e-07,2.731985056554908e-09,10
3682,9,0.5555555555555556,4.2120906626091023e-07,2.103688394951879e-09,10
3683,17,0.5882352941176471,9.854723957851011e-07,1.2592713169451615e-08,10
3685,15,0.819047619047619,2.47770038977006e-08,2.330769520288209e-09,10
3686,4,1.0,0.0,2.335344841502221e-09,10
3687,33,0.7102272727272727,2.430953466231218e-06,9.474314497660171e-09,10
3688,2,1.0,0.0,3.0090530610371373e-09,10
3689,3,1.0,0.0,3.203861117435721e-09,10
3690,26,0.28,2.5201752535946895e-06,2.4611268241193926e-09,10
3691,3,1.0,0.0,3.248153957343379e-09,10
3693,29,0.5788177339901478,1.092485833072362e-05,1.9320729369519845e-08,10
3694,5,0.5,0.0,2.0444941058054e-09,10
3695,15,0.9238095238095239,1.313932024878062e-07,3.5664312148356303e-09,10
3696,15,0.8571428571428571,0.0,2.2124121356511602e-09,10
3697,21,0.6142857142857143,6.717637335480974e-07,1.3438006804021464e-08,10
3698,18,0.673202614379085,2.229930350793054e-07,2.3751825210817497e-09,10
3699,3,1.0,0.0,2.0064552893873425e-09,10
3700,7,1.0,0.0,3.351901273750187e-09,10
3701,15,0.7904761904761904,3.71655058465509e-07,2.2205908425882565e-09,10
3702,38,0.5320056899004267,7.67768897639321e-06,1.0660460056776326e-08,10
3703,15,0.6476190476190476,9.91080155908024e-08,6.990239902172807e-09,10
3704,2,1.0,0.0,2.008547848874996e-09,10
3705,38,0.3399715504978663,2.0984319916806074e-05,2.7681036194355836e-09,10
3706,25,0.6266666666666667,9.347644047254586e-07,2.4603284314022243e-09,10
3707,24,0.4782608695652174,3.582819855558159e-06,4.382847428777882e-09,10
3708,15,0.9619047619047619,8.259001299233533e-08,2.2351797930534535e-09,10
3709,1,0.0,0.0,1.97428712228905e-09,10
3710,26,0.7138461538461538,4.240262122350185e-07,2.5452526293132544e-09,10
3711,29,0.5591133004926109,2.5668707807735272e-06,2.514468964063415e-09,10
3712,8,0.75,5.5060008661556886e-08,5.250933773024282e-09,10
3713,26,0.7569230769230769,5.133275232361633e-07,2.560904948083684e-09,10
3714,26,0.6184615384615385,1.3919591195044581e-06,2.4823147826443278e-09,10
3715,14,0.9230769230769231,1.8941337013298194e-07,2.246778871810237e-09,10
3716,7,1.0,0.0,2.071616878846403e-09,10
3717,3,1.0,0.0,3.248153957343379e-09,10
3718,27,0.6210826210826211,8.186286195758184e-07,2.491678074573124e-09,10
3719,23,0.44664031620553357,7.669535324150984e-07,2.4083101371394905e-09,10
3720,10,0.5333333333333333,3.468780545678084e-07,2.129471684679398e-09,10
3722,33,0.5075757575757576,1.5783713019021953e-05,2.929759515005406e-09,10
3724,6,0.4666666666666667,8.011231260256528e-07,2.0765205647794547e-09,10
3725,19,0.7485380116959064,2.2358296374353637e-07,2.285021550386468e-09,10
3726,15,0.7142857142857143,6.870181984118023e-07,2.8293358118005325e-09,10
3727,6,0.6,4.4598607015861075e-07,2.053098879985984e-09,10
3728,28,0.6587301587301587,1.406917012885205e-06,2.5820261494482846e-09,10
3729,1,0.0,0.0,1.97428712228905e-09,10
3730,28,0.701058201058201,1.191094393154832e-06,3.990396741716521e-09,10
3731,40,0.5128205128205128,5.239558703470789e-06,6.186416268855537e-09,10
3732,2,1.0,0.0,2.0015524245493275e-09,10
3733,3,1.0,0.0,2.5610122899977245e-09,10
3734,49,0.5153061224489796,7.054109581600196e-06,2.9267563786835627e-08,10
3735,16,0.9,0.0,2.348455431132935e-09,10
3736,12,0.6515151515151515,1.795528334404797e-07,6.926342869343194e-09,10
3737,39,0.5276653171390013,6.672340553615007e-06,6.879962652790172e-09,10
3738,30,0.4206896551724138,9.117412541017446e-06,3.538589468977954e-09,10
3739,15,0.8380952380952381,1.0323751624041916e-07,2.2203481779782228e-09,10
3740,27,0.6923076923076923,1.0616105240726432e-06,2.558803760526972e-09,10
3742,5,0.8,1.6518002598467065e-07,2.5993484300838554e-09,10
3743,19,0.7485380116959064,2.2358296374353637e-07,2.285021550386468e-09,10
3744,3,1.0,0.0,3.248153957343379e-09,10
3745,6,0.6,0.0,2.053900952644921e-09,10
3746,2,1.0,0.0,1.989285063540568e-09,10
3747,22,0.5584415584415584,0.0,2.375503882415136e-09,10
3748,1,0.0,0.0,1.97428712228905e-09,10
3749,6,0.9333333333333333,9.91080155908024e-08,2.06584552838734e-09,10
3751,6,0.8666666666666667,0.0,2.052819070830119e-09,10
3752,19,0.6432748538011696,5.651449424427457e-06,3.327236558691952e-09,10
3753,25,0.6733333333333333,5.761494254763954e-07,2.5320592458520302e-09,10
3754,8,0.5357142857142857,6.19425097442515e-07,2.1317381781204038e-09,10
3755,8,0.8214285714285714,0.0,4.910232256207356e-09,10
3757,17,0.875,2.0647503248083833e-07,2.267446876658768e-09,10
3758,44,0.32346723044397463,1.0512596865287851e-05,2.8214573359917007e-09,10
3759,19,0.7076023391812866,1.3379582104758326e-06,2.3129515636819276e-09,10
3760,17,0.5367647058823529,1.944593681980322e-06,1.140440500407793e-08,10
3761,21,0.7142857142857143,1.0018008333452267e-06,2.391565399276778e-09,10
3762,17,0.625,8.802356647867319e-08,4.452872232683751e-09,10
3763,12,0.4696969696969697,0.0,2.1867648893629626e-09,10
3764,29,0.2733990147783251,6.675845423488526e-06,2.5483962305571777e-09,10
3765,4,1.0,0.0,3.499988936224191e-09,10
3766,10,0.9777777777777777,0.0,2.1374982556077973e-09,10
3767,10,0.35555555555555557,0.0,2.1558672642059087e-09,10
3768,23,0.5217391304347826,6.713566965210288e-07,2.4039673707676186e-09,10
3769,13,0.6923076923076923,3.024065091103971e-07,2.2985045844578463e-09,10
3770,10,0.3333333333333333,9.586340793753208e-07,2.3009288305368375e-09,10
3771,7,0.42857142857142855,0.0,2.0738530207058283e-09,10
3772,8,0.5,1.1362026073088418e-06,3.6757843770639873e-09,10
3773,14,0.8241758241758241,2.47770038977006e-08,2.3234436044604527e-09,10
3774,18,0.7973856209150327,4.95540077954012e-07,2.2826110835065825e-09,10
3775,9,0.3333333333333333,0.0,2.7843260735060188e-09,10
3776,19,0.7076023391812866,0.0,2.290117185037701e-09,10
3777,10,0.6,4.101970645285988e-07,2.1686190944882222e-09,10
3778,13,0.7948717948717948,5.5060008661556886e-08,2.2878705283850485e-09,10
3780,16,0.5583333333333333,6.099664383758557e-06,1.2324423813838768e-08,10
3781,4,0.8333333333333334,0.0,2.0249837698916305e-09,10
3782,32,0.3911290322580645,4.8421220998819515e-06,2.5803838282256463e-09,10
3783,13,0.9743589743589743,0.0,2.1803622183004843e-09,10
3784,12,0.5151515151515151,0.0,2.2721687242924277e-09,10
3785,19,0.5906432748538012,1.0109337266400751e-06,4.719784896026964e-09,10
3786,21,0.5476190476190477,1.7871352584091468e-06,2.374335631368218e-09,10
3787,5,0.8,0.0,2.0371597339735633e-09,10
3788,12,0.8939393939393939,5.6679420681014446e-08,7.203995124814162e-09,10
3789,8,0.6428571428571429,1.8334982884298445e-06,2.095966957546514e-09,10
3790,45,0.5444444444444444,5.966359704287787e-06,7.717929340124845e-09,10
3791,21,0.5761904761904761,0.0,2.3243321612856633e-09,10
3792,15,0.6190476190476191,5.470084621009862e-07,2.234683319699643e-09,10
3793,49,0.34098639455782315,1.533948135516751e-05,2.9074161825521452e-09,10
3794,35,0.5310924369747899,7.328048153746823e-06,2.651720781121248e-09,10
3795,5,0.7,0.0,4.52912133626399e-09,10
3796,11,0.6545454545454545,0.0,9.87768428355317e-09,10
3798,1,0.0,0.0,1.97428712228905e-09,10
3799,14,0.46153846153846156,2.865873450834036e-06,2.2977850254144736e-09,10
3800,49,0.483843537414966,1.1482369084219346e-05,1.7708884660965424e-08,10
3801,3,0.6666666666666666,0.0,2.009104769500197e-09,10
3802,16,0.775,3.4299146572111027e-07,2.3507969000881196e-09,10
3803,21,0.37142857142857144,5.4261638535964305e-06,3.352396304933729e-09,10
3804,49,0.5280612244897959,9.351066525959426e-06,9.146337038580755e-09,10
3805,5,0.5,0.0,3.3971646791051403e-09,10
3806,6,0.7333333333333333,0.0,2.0542173371958988e-09,10
3807,2,1.0,0.0,1.990101138582834e-09,10
3808,2,1.0,0.0,1.999045610132718e-09,10
3809,16,0.6166666666666667,0.0,2.2293348058114278e-09,10
3810,35,0.4436974789915966,1.7461065408424527e-06,2.6294277735689074e-09,10
3811,3,1.0,0.0,2.0072126847957625e-09,10
3812,7,0.6190476190476191,3.468780545678084e-07,2.0724222013986744e-09,10
3813,7,1.0,0.0,3.351901273750187e-09,10
3814,8,0.7857142857142857,0.0,2.0891842497977818e-09,10
3815,15,0.9142857142857143,0.0,2.3367097994853243e-09,10
3816,3,0.6666666666666666,0.0,2.0074146578818844e-09,10
3817,12,0.5454545454545454,1.7084031588608674e-06,6.260657196386858e-09,10
3818,14,0.6483516483516484,1.2070848052725934e-07,2.231483769583228e-09,10
3819,13,0.8589743589743589,1.1208644620388365e-07,2.187429923609467e-09,10
3820,1,0.0,0.0,1.97428712228905e-09,10
3821,26,0.2953846153846154,5.649746817339967e-06,2.4731560844581297e-09,10
3822,30,0.5747126436781609,2.55721699818301e-07,2.5414278687610644e-09,10
3823,14,0.2967032967032967,1.1865431866565509e-06,2.2266000328154813e-09,10
3824,50,0.4922448979591837,1.189313285269887e-05,1.5255589826322157e-08,10
3825,27,0.28774928774928776,9.828211546087906e-06,3.4695506767773076e-09,10
3826,32,0.5665322580645161,7.854171499072896e-06,2.5862701139817e-09,10
3827,8,0.7857142857142857,1.6518002598467065e-07,2.1911859350593315e-09,10
3828,28,0.5343915343915344,2.4476362806538493e-06,1.143147506072845e-08,10
3829,37,0.3633633633633634,1.609434690155448e-05,2.6857064191161273e-09,10
3831,25,0.46,4.840874173861462e-06,1.1262346058872517e-08,10
3832,12,0.7575757575757576,5.427343710924894e-07,3.928902209587763e-09,10
3833,32,0.5826612903225806,1.5008687436331085e-06,2.5840135772398764e-09,10
3834,7,0.7619047619047619,0.0,2.0985609877097283e-09,10
3835,26,0.7538461538461538,9.920204583565847e-07,2.5509374439073407e-09,10
3836,22,0.5584415584415584,3.097125487212575e-06,2.3670250553137296e-09,10
3837,17,0.8529411764705882,4.95540077954012e-07,2.276982723767562e-09,10
3838,61,0.3945355191256831,1.5004625962762497e-05,1.0228838740128613e-08,10
3839,5,0.7,0.0,3.4338290659564398e-09,10
3840,12,0.8939393939393939,2.47770038977006e-08,2.2666220984965716e-09,10
3841,33,0.6571969696969697,3.5576766138118705e-06,2.4089660853507178e-08,10
3842,41,0.4426829268292683,8.359294149535513e-06,2.3194358632364776e-08,10
3843,8,0.5357142857142857,0.0,2.135010982778763e-09,10
3844,5,1.0,0.0,2.0397729854768682e-09,10
3845,20,0.6842105263157895,1.7726529535313504e-06,4.9830342213294535e-09,10
3846,2,1.0,0.0,1.989285063540568e-09,10
3847,13,0.34615384615384615,0.0,5.604865489666724e-09,10
3848,6,0.9333333333333333,9.91080155908024e-08,2.0680462631939453e-09,10
3849,5,0.9,0.0,2.5997740508637545e-09,10
3850,20,0.6421052631578947,0.0,2.4285558485055746e-09,10
3852,22,0.5757575757575758,2.3404540469430126e-06,8.493265488900014e-09,10
3853,1,0.0,0.0,1.97428712228905e-09,10
3854,2,1.0,0.0,2.002778656731312e-09,10
3855,15,0.4857142857142857,1.4338650859897845e-06,2.2410984394935352e-09,10
3856,1,0.0,0.0,1.97428712228905e-09,10
3857,11,0.9636363636363636,0.0,2.1547864315631883e-09,10
3858,32,0.6491935483870968,1.3212251580079491e-06,9.217335881185334e-09,10
3859,6,0.4,6.607201039386826e-07,2.6242660855209926e-09,10
3860,37,0.6321321321321322,2.3124454739620267e-06,9.803226441632099e-09,10
3862,19,0.7660818713450293,6.172317729216563e-07,2.3523077299427605e-09,10
3863,11,0.7090909090909091,0.0,2.13765437656193e-09,10
3864,7,1.0,0.0,3.351901273750187e-09,10
3865,4,0.8333333333333334,0.0,2.0478566089387608e-09,10
3866,19,0.5614035087719298,0.0,2.317100189357485e-09,10
3867,26,0.7261538461538461,1.5857334668392146e-06,2.544030636333557e-09,10
3868,18,0.7908496732026143,1.6164045399928488e-07,2.2692609715296357e-09,10
3869,32,0.4274193548387097,9.02892691122128e-06,2.7766566990196776e-09,10
3870,26,0.5384615384615384,1.7563479871852858e-06,2.470092360515649e-09,10
3871,8,0.9642857142857143,0.0,2.1046197579071126e-09,10
3873,38,0.5163584637268848,6.669230845733208e-06,2.5212289888371845e-08,10
3874,14,0.9120879120879121,0.0,2.2045886207956896e-09,10
3875,2,1.0,0.0,1.9896684269321303e-09,10
3876,9,0.9722222222222222,0.0,2.216082321238746e-09,10
3878,10,0.6,6.359431000409821e-07,2.160162943877527e-09,10
3879,2,1.0,0.0,2.002778656731312e-09,10
3880,10,0.4666666666666667,1.5403037423070538e-06,5.508883074790831e-09,10
3881,18,0.3790849673202614,1.8458867903786948e-06,2.3001804972238793e-09,10
3882,4,0.5,0.0,2.0379154456173586e-09,10
3883,15,0.9238095238095239,1.313932024878062e-07,3.5664312148356303e-09,10
3884,34,0.5490196078431373,5.644152138187799e-06,1.4472059908424202e-08,10
3885,2,1.0,0.0,1.9894366844581232e-09,10
3887,5,0.4,0.0,2.0395317107530403e-09,10
3888,10,0.5111111111111111,8.011231260256528e-07,6.586302539154095e-09,10
3889,15,0.9142857142857143,6.292572418463644e-08,1.207621903396184e-08,10
3890,5,0.4,0.0,2.0616797557787584e-09,10
3891,24,0.5072463768115942,2.4939875735774417e-06,4.449815194466466e-09,10
3892,13,0.9102564102564102,4.129500649616766e-08,2.188067581220468e-09,10
3893,6,0.5333333333333333,0.0,2.08251898312511e-09,10
3894,9,0.6111111111111112,4.4244649817322496e-07,2.102417404953731e-09,10
3895,13,0.38461538461538464,3.2364648500413107e-06,2.2313769775135646e-09,10
3896,21,0.6,4.91777684615573e-07,2.356587429966896e-09,10
3897,4,1.0,0.0,2.0628706858710555e-09,10
3898,16,0.825,2.6916836052502014e-06,3.5921275803780336e-09,10
3899,7,1.0,0.0,2.0871663762165424e-09,10
3900,34,0.46167557932263814,2.122161746288077e-06,2.6153564149876165e-09,10
3901,8,0.4642857142857143,9.497851494118562e-07,2.1034182713648283e-09,10
3902,42,0.47502903600464574,1.838679798771774e-05,8.949116068906486e-09,10
3903,18,0.6666666666666666,0.0,2.295811278705251e-09,10
3904,7,0.47619047619047616,7.43310116931018e-07,2.6362111655396486e-09,10
3905,8,0.6428571428571429,0.0,2.0886736455936783e-09,10
3906,44,0.3657505285412262,1.07814779758048e-05,2.8029651058326536e-09,10
3907,26,0.6984615384615385,1.406265001367581e-06,2.5453285939704186e-09,10
3908,7,0.5714285714285714,0.0,3.512806835017749e-09,10
3909,22,0.48917748917748916,7.3507354528437906e-06,2.402356208204093e-09,10
3910,4,1.0,0.0,2.0261835070542385e-09,10
3911,7,1.0,0.0,3.351901273750187e-09,10
3912,15,0.8952380952380953,0.0,2.221104068900794e-09,10
3913,18,0.8169934640522876,7.414330711811923e-08,4.796955115599824e-09,10
3914,8,0.35714285714285715,0.0,2.2823038425829844e-09,10
3915,22,0.6536796536796536,2.672131793586012e-06,2.5781988068154666e-09,10
3916,7,0.5238095238095238,8.259001299233533e-07,3.1772731339745195e-09,10
3917,15,0.8285714285714286,1.114965175396527e-07,2.2201028834406067e-09,10
3918,31,0.25161290322580643,1.4783612325628027e-05,3.7210359338314382e-09,10
3919,12,0.9848484848484849,0.0,3.4962517176760737e-09,10
3920,16,0.875,0.0,2.237381973834105e-09,10
3921,30,0.6620689655172414,1.9550164345219765e-06,2.6169355765161816e-09,10
3922,2,1.0,0.0,1.9903853193157033e-09,10
3923,7,0.8095238095238095,2.229930350793054e-07,2.081092348547196e-09,10
3924,41,0.5280487804878049,4.414646254377087e-06,2.7561120461028007e-09,10
3925,5,0.9,0.0,3.171619821774566e-09,10
3926,43,0.512735326688815,7.903901881491054e-06,9.166922241721766e-09,10
3927,24,0.30434782608695654,6.730889415987251e-06,3.4184363518163824e-09,10
3928,3,0.6666666666666666,0.0,3.3434108314224974e-09,10
3929,15,0.5619047619047619,9.568312903804333e-07,1.0324029960355847e-08,10
3930,47,0.33209990749306195,4.7717848397361327e-05,9.95996285519445e-09,10
3931,22,0.3333333333333333,3.54781861055921e-06,2.403711219507055e-09,10
3932,8,0.8928571428571429,9.91080155908024e-08,2.086997720269322e-09,10
3933,22,0.5800865800865801,0.0,2.337942580695418e-09,10
3934,10,0.6888888888888889,7.993533400329599e-07,3.665528392830728e-09,10
3935,1,0.0,0.0,1.97428712228905e-09,10
3936,6,0.9333333333333333,0.0,2.145242157416312e-09,10
3937,14,0.5274725274725275,2.5280872380326113e-06,2.2514346290480256e-09,10
3938,83,0.35321774904496034,3.21144218092279e-05,3.4644421718352285e-08,10
3939,4,1.0,0.0,2.022830761931859e-09,10
3940,11,0.7272727272727273,1.327339494519675e-07,2.616722907206773e-09,10
3941,7,0.38095238095238093,0.0,2.1963924200955742e-09,10
3942,2,1.0,0.0,2.9772250932348704e-09,10
3944,13,0.46153846153846156,1.5176627121249276e-06,8.757216309932803e-09,10
3945,34,0.4117647058823529,8.37008548147003e-06,3.6195592475981723e-09,10
3946,4,0.8333333333333334,0.0,2.0249837698916305e-09,10
3947,32,0.4375,4.6565929727940403e-07,2.5749927347396527e-09,10
3949,12,0.30303030303030304,0.0,2.1480295535516016e-09,10
3950,16,0.26666666666666666,3.931284618435162e-06,6.978848709292201e-09,10
3951,35,0.5697478991596638,3.5007284927254556e-06,2.6396193297543573e-09,10
3952,4,0.8333333333333334,0.0,2.0233590734221373e-09,10
3953,4,0.8333333333333334,0.0,2.065503330344309e-09,10
3954,4,0.8333333333333334,0.0,2.5800349334678427e-09,10
3955,3,1.0,0.0,2.0236724277230995e-09,10
3956,24,0.5217391304347826,5.495212726699294e-06,2.4422037828803016e-09,10
3957,18,0.7908496732026143,3.71655058465509e-07,3.5067016436849872e-09,10
3958,9,0.5,0.0,2.13535011889544e-09,10
3959,2,1.0,0.0,1.9971738728009528e-09,10
3960,17,0.75,0.0,2.2482395145042e-09,10
3963,6,0.8,0.0,2.0539472921382276e-09,10
3964,15,0.6285714285714286,0.0,3.2021969979789875e-09,10
3965,4,1.0,0.0,2.0256423118165625e-09,10
3966,47,0.43940795559666973,1.3160525670727634e-05,1.2894008234824945e-08,10
3967,16,0.7166666666666667,0.0,2.240225684569999e-09,10
3968,46,0.47729468599033814,1.7981926196116102e-05,3.2390547364116005e-08,10
3969,25,0.6466666666666666,8.628865863940267e-07,2.448258227686873e-09,10
3970,6,0.4666666666666667,0.0,4.599262828646649e-09,10
3971,47,0.4301572617946346,1.3497705258407809e-05,2.4865693234348047e-08,10
3972,18,0.7973856209150327,8.30600509710199e-07,2.336448253686044e-09,10
3973,8,0.8571428571428571,0.0,2.115860083275658e-09,10
3974,1,0.0,0.0,1.97428712228905e-09,10
3975,15,0.9619047619047619,8.259001299233533e-08,2.235291743934044e-09,10
3976,15,0.7238095238095238,2.3546562188301215e-07,2.2483017903877183e-09,10
3977,6,0.7333333333333333,0.0,2.0712234846677905e-09,10
3978,4,0.6666666666666666,0.0,3.442790766986422e-09,10
3979,12,0.5151515151515151,1.6187642546497725e-06,5.540973783119144e-09,10
3981,8,0.8928571428571429,0.0,3.2631841924685677e-10,14
3982,14,0.5054945054945055,3.055830480716407e-06,3.3879720020618567e-10,14
3983,2,1.0,0.0,3.1173830419566513e-10,14
3984,1,0.0,0.0,3.096892826019253e-10,14
3985,6,0.7333333333333333,1.8169802858313775e-07,3.219906919066752e-10,14
3986,9,0.7222222222222222,7.59828119529485e-07,3.263580947584234e-10,14
3987,2,1.0,0.0,3.116464496938336e-10,14
3988,7,0.6190476190476191,1.0199866604553415e-06,3.2223217427684774e-10,14
3990,4,1.0,0.0,3.1563636981561877e-10,14
3991,3,0.6666666666666666,0.0,9.239226558144407e-10,14
3992,3,1.0,0.0,3.137870737924305e-10,14
3993,6,0.8,2.601585409258563e-07,3.2208030330450665e-10,14
3994,11,0.6909090909090909,8.518569911495159e-07,3.326200890461102e-10,14
3995,9,0.4722222222222222,5.120580805524791e-07,3.301951032091874e-10,14
3996,4,0.5,0.0,3.1771300391687226e-10,14
3997,11,0.7454545454545455,1.0252960184334199e-06,3.32701083643648e-10,14
3998,14,0.46153846153846156,2.3089807918000037e-06,3.4049234096417487e-10,14
3999,4,0.6666666666666666,0.0,3.1575682729762353e-10,14
4000,9,0.5833333333333334,1.978030811166431e-06,3.2614862554267844e-10,14
4001,2,1.0,0.0,3.116464496938336e-10,14
4002,7,0.5238095238095238,0.0,6.331623793228727e-10,14
4003,5,1.0,0.0,3.202695191565248e-10,14
4004,10,0.5333333333333333,5.4922358639903e-07,6.452243195096345e-10,14
4005,3,1.0,0.0,3.1381177548961945e-10,14
4006,2,1.0,0.0,3.1367597557333233e-10,14
4007,4,1.0,0.0,3.1563636981561877e-10,14
4008,1,0.0,0.0,3.096892826019253e-10,14
4009,10,0.7777777777777778,2.7372690020316856e-07,3.3061099814749336e-10,14
4010,1,0.0,0.0,3.096892826019253e-10,14
4012,2,1.0,0.0,3.116464496938336e-10,14
4013,6,0.8,1.6518002598467065e-07,9.380876525302641e-10,14
4014,12,0.4393939393939394,3.3985790346345987e-06,3.38556801887908e-10,14
4015,1,0.0,0.0,3.096892826019253e-10,14
4016,4,1.0,0.0,3.1563636981561877e-10,14
4017,9,0.6111111111111112,1.9821603118160476e-06,3.2618824599568695e-10,14
4018,7,0.9047619047619048,1.203454475031172e-07,3.244329196563104e-10,14
4019,8,0.75,1.203454475031172e-07,3.244028123456585e-10,14
4020,8,0.5357142857142857,2.5355133988646947e-06,6.390551556375101e-10,14
4021,11,0.6181818181818182,2.3125203637853893e-07,3.306140868871998e-10,14
4022,1,0.0,0.0,3.096892826019253e-10,14
4023,18,0.3790849673202614,4.427414625053406e-06,6.617595843163881e-10,14
4024,1,0.0,0.0,3.096892826019253e-10,14
4025,4,1.0,0.0,3.1563636981561877e-10,14
4026,9,0.6388888888888888,6.117560248075125e-07,3.263722437020946e-10,14
4027,7,0.5238095238095238,0.0,6.347550978461274e-10,14
4028,2,1.0,0.0,3.1168476227675736e-10,14
4029,2,1.0,0.0,3.116464496938336e-10,14
4030,19,0.3684210526315789,4.654537160782327e-06,3.528353970249208e-10,14
4032,2,1.0,0.0,3.1367597557333233e-10,14
4033,3,1.0,0.0,3.13788153989536e-10,14
4034,2,1.0,0.0,3.138465514628211e-10,14
4035,1,0.0,0.0,3.096892826019253e-10,14
4036,2,1.0,0.0,3.116724112479855e-10,14
4037,4,0.6666666666666666,1.6518002598467065e-07,3.1795895987441266e-10,14
4038,9,0.5555555555555556,3.71655058465509e-07,9.481517930983867e-10,14
