,degree,clustering_coeff,betweenness_centrality,eigenvector_centrality,community_id
0,347,0.041978311205876966,0.15837901280600872,4.382318027552184e-05,0
1,17,0.41911764705882354,2.2511474403376367e-06,6.945327948336695e-07,0
2,10,0.8888888888888888,6.19425097442515e-08,3.033453803109169e-07,0
3,17,0.6323529411764706,3.816346850354161e-06,7.558869188896204e-07,0
4,10,0.8666666666666667,1.23885019488503e-07,3.0328378277891435e-07,0
5,13,0.3333333333333333,2.8399165896078737e-06,1.2742048654146806e-06,0
6,6,0.9333333333333333,0.0,2.942752389971149e-07,0
7,20,0.43157894736842106,0.00016083143360498105,2.590915552650364e-05,0
8,8,0.6785714285714286,1.2687201383462283e-05,2.9806767212636773e-07,0
9,57,0.39724310776942356,1.721419747366248e-05,2.3532518169954497e-06,0
10,10,0.8222222222222222,0.0,8.583328172195532e-07,0
11,1,0.0,0.0,2.8454919021275076e-07,0
12,1,0.0,0.0,2.8454919021275076e-07,0
13,31,0.6516129032258065,5.241384481644587e-07,1.2130278903950532e-06,0
14,15,0.7428571428571429,1.5338145270005133e-07,3.1374098813769197e-07,0
15,4,0.0,0.0072375966796435496,0.0004267236663927086,12
16,9,0.6666666666666666,2.7726647218855436e-07,3.428019518490096e-07,0
17,13,0.7307692307692307,1.4158287941543198e-07,3.096883617937576e-07,0
18,1,0.0,0.0,2.8454919021275076e-07,0
19,16,0.2833333333333333,0.0,3.149835891390518e-07,0
20,15,0.6857142857142857,1.2502554823934953e-06,3.1348182573627304e-07,0
21,65,0.3490384615384615,0.0012089548410091026,2.62554479565431e-05,0
22,11,0.4727272727272727,4.709775935705772e-07,1.124622425180652e-06,0
23,17,0.16911764705882354,6.937561091356168e-06,3.166253904605411e-07,0
24,16,0.9,9.73382295981095e-08,3.3325403449035263e-07,0
25,69,0.2885763000852515,9.617633666649483e-05,2.2501558495001957e-06,0
26,68,0.4113257243195786,2.923520584781185e-05,2.4963528028166533e-06,0
27,5,0.9,0.0,4.6422150387592186e-07,0
28,13,0.7692307692307693,1.5338145270005133e-07,3.095216328213696e-07,0
29,13,0.46153846153846156,0.0,3.8983233113403733e-07,0
30,17,0.5,4.148137937106169e-07,1.0573132926276133e-06,0
31,23,0.43478260869565216,7.347477630366111e-06,1.5555947839744108e-06,0
32,6,1.0,0.0,2.9454642570466953e-07,0
33,2,1.0,0.0,2.8643165307830626e-07,0
34,5,0.6,0.0038819626359963854,4.429734553526268e-06,11
35,2,1.0,0.0,2.865650822828142e-07,0
36,11,0.9636363636363636,1.1012001732311377e-07,3.163488376383675e-07,0
37,1,0.0,0.0,2.8454919021275076e-07,0
38,9,0.3611111111111111,1.0358943920218455e-06,8.063992495382191e-07,0
39,15,0.49523809523809526,3.2339559343119647e-07,5.858870267236189e-07,0
40,45,0.38686868686868686,0.001249211473790797,3.9853230287777404e-06,0
41,24,0.4673913043478261,8.435979898502823e-07,3.3164022918325585e-07,0
42,2,1.0,0.0,2.8643165307830626e-07,0
43,4,0.0,0.005391796781774146,6.746368022803079e-07,12
44,6,1.0,0.0,2.951577014984246e-07,0
45,12,0.7272727272727273,7.216793992425492e-07,8.613386934806969e-07,0
46,5,1.0,0.0,2.9274715558184273e-07,0
47,2,1.0,0.0,2.87397619073391e-07,0
48,22,0.329004329004329,4.578395678361068e-06,5.76007804008633e-07,0
49,4,0.5,9.91080155908024e-07,2.902365008541034e-07,0
50,11,0.5636363636363636,0.0,5.313687051744493e-07,0
51,7,0.8571428571428571,0.0,3.1807381339932347e-07,0
52,2,1.0,0.0,2.864712318515147e-07,0
53,31,0.3827956989247312,1.840890026784766e-05,1.0323202241406519e-06,0
54,8,0.5714285714285714,0.0,3.341668858904729e-07,0
55,17,0.8308823529411765,7.256816603763514e-08,1.0945029634515479e-06,0
56,78,0.34865134865134867,0.0012797960479124283,2.6660454430885814e-05,0
57,15,0.5238095238095238,2.820448943688252e-06,5.070172011486056e-07,0
58,12,0.2727272727272727,0.07251850820433597,0.0005969861301313114,0
59,19,0.7777777777777778,5.551249640868641e-07,6.11061861858062e-07,0
60,8,0.6785714285714286,1.1295002476131267e-07,8.240653564885227e-07,0
61,3,0.6666666666666666,3.4284906704243526e-06,2.8855515056772777e-07,0
62,26,0.5230769230769231,5.11407856711665e-06,1.15094937627621e-06,0
63,6,1.0,0.0,4.930285267568483e-07,0
64,7,0.9523809523809523,6.09224718806088e-06,4.1035317582862273e-07,0
65,12,0.5,8.842778570555425e-07,6.917000599280605e-07,0
66,15,0.8761904761904762,4.1691563196803873e-07,1.3697333562974548e-06,0
67,76,0.36140350877192984,0.001029370307032368,2.696926711665671e-05,0
68,9,0.8333333333333334,1.982160311816048e-07,3.007370233352123e-07,0
69,10,0.6444444444444445,1.4828661423623845e-07,6.857107486448907e-07,0
70,2,1.0,0.0,2.8652561094512627e-07,0
71,3,1.0,0.0,2.8857566130970674e-07,0
72,24,0.605072463768116,1.6801039919802066e-06,8.546580305228865e-07,0
73,10,0.5333333333333333,5.002595072678597e-07,3.3360154393579756e-07,0
74,4,0.16666666666666666,0.005849192655038538,3.618441604268831e-07,0
75,14,0.7582417582417582,1.147083513782435e-07,1.041104389035462e-06,0
76,3,1.0,0.0,3.00729124459733e-07,0
77,6,0.6,0.0,3.333618492104999e-07,0
78,9,1.0,0.0,3.004108048819634e-07,0
79,12,0.9393939393939394,1.8353336220518963e-08,5.925989155683944e-07,0
80,23,0.5217391304347826,0.00034481452557483494,6.768896892626521e-07,0
81,3,0.6666666666666666,0.0,3.11318480793238e-07,0
82,34,0.41711229946524064,4.369367820568224e-06,1.0024970312399673e-06,0
83,7,0.8571428571428571,0.0,3.1807381339932347e-07,0
84,13,0.4230769230769231,2.274764929274607e-06,5.294076486914905e-07,0
85,14,0.6483516483516484,5.069985369660133e-07,7.103022397814761e-07,0
86,6,1.0,0.0,2.94779394063289e-07,0
87,13,0.6410256410256411,2.090612253213651e-05,2.5570782894119638e-05,0
88,20,0.3368421052631579,2.0228653896479843e-06,8.721300113124889e-07,0
89,8,0.6785714285714286,0.0,2.9823074250563884e-07,0
90,2,1.0,0.0,2.8644419791534313e-07,0
91,8,0.6785714285714286,1.2687201383462283e-05,2.9806767212636773e-07,0
92,21,0.7761904761904762,4.0587092099090506e-07,3.495710054955309e-07,0
93,8,0.8571428571428571,1.982160311816048e-07,2.9875046007957057e-07,0
94,22,0.6666666666666666,2.9036288853448187e-06,5.22448408286133e-07,0
95,6,0.8666666666666667,0.0,2.942499649410216e-07,0
96,9,0.3888888888888889,0.0,4.922343719166532e-07,0
97,3,0.6666666666666666,0.0,2.8842079719449366e-07,0
98,49,0.5246598639455783,7.1906834168309355e-06,1.996164793622913e-06,0
99,13,0.6410256410256411,2.6936142808785935e-06,3.0864677827600893e-07,0
100,9,0.6111111111111112,0.0,3.517786843158944e-07,0
101,19,0.8304093567251462,5.250365111655604e-07,3.409306483761918e-07,0
102,6,1.0,0.0,2.9472647972297405e-07,0
103,16,0.55,7.376002932254054e-05,2.531525127620658e-05,0
104,32,0.6088709677419355,2.187157517537473e-06,1.5483953285540869e-06,0
105,14,0.6703296703296703,1.046140164569581e-07,7.308026167872426e-07,0
106,8,0.42857142857142855,5.533530870486467e-07,4.845810044510481e-07,0
107,1045,0.049038479165520905,0.45067038973977436,0.0011036546952139133,4
108,13,0.7948717948717948,2.9281913697282527e-07,4.920335801851654e-07,0
109,37,0.53003003003003,1.0681634064566893e-05,2.0368337899372146e-06,0
110,5,1.0,0.0,2.92351235739067e-07,0
111,14,0.5604395604395604,6.489215306540634e-07,3.11228845061717e-07,0
112,3,1.0,0.0,2.8853113388772535e-07,0
113,40,0.5371794871794872,2.2572293948207862e-06,1.6458162417540962e-06,0
114,1,0.0,0.0,2.8454919021275076e-07,0
115,21,0.5333333333333333,9.5829978646559e-06,3.2561247283705615e-07,0
116,17,0.6617647058823529,2.0808750416306968e-06,3.1776040706771843e-07,0
117,6,0.4666666666666667,7.309216149821676e-07,4.7233232628486286e-07,0
118,36,0.5365079365079365,1.3463125596794046e-05,1.374548459046302e-06,0
119,62,0.28714965626652567,0.0017173795756250157,2.2660133394031794e-06,0
120,4,0.5,1.9711651596540177e-05,2.441664421634954e-05,0
121,12,0.4696969696969697,5.678350794367167e-07,8.388276473269143e-07,0
122,63,0.38556067588325654,0.0010178761226636193,2.6543811204484316e-05,0
123,18,0.6928104575163399,3.698150347767659e-07,9.301926261750548e-07,0
124,4,0.5,0.0,3.0089529354702364e-07,0
125,4,0.6666666666666666,3.6970755844006255e-06,2.4570010581407875e-05,0
126,7,0.7619047619047619,6.813676071867665e-07,4.725514422210513e-07,0
127,16,0.7333333333333333,5.158121720521308e-07,4.973668692099978e-07,0
128,28,0.5952380952380952,2.4391642020652425e-06,1.6542324498067606e-06,0
129,7,0.9047619047619048,0.0,6.339054146944196e-07,0
130,16,0.35833333333333334,3.0068664015852375e-06,6.97951709602679e-07,0
131,7,1.0,0.0,2.9663810728919775e-07,0
132,16,0.4,0.0,7.408618506325192e-07,0
133,18,0.5882352941176471,3.2049420819913636e-06,7.758251993416142e-07,0
134,19,0.7076023391812866,7.420498147847064e-07,1.1030221595875672e-06,0
135,10,1.0,0.0,3.132028687045551e-07,0
136,133,0.32137161084529503,0.0276560749754018,0.00390810778057514,5
137,16,0.5333333333333333,3.0522909087310217e-06,3.1512875235157195e-07,0
138,2,1.0,0.0,2.866221033411641e-07,0
139,9,0.9722222222222222,0.0,3.1241637658198233e-07,0
140,11,0.8909090909090909,0.0,3.056000587948964e-07,0
141,28,0.5555555555555556,6.8886617400634e-06,1.1862434479556098e-06,0
142,43,0.530454042081949,5.486754174409485e-06,2.1448157174454287e-06,0
143,12,0.6060606060606061,1.6694981197736356e-06,3.0644426604114875e-07,0
144,15,0.7047619047619048,2.47770038977006e-07,3.1368812042889604e-07,0
145,2,1.0,0.0,2.8644419791534313e-07,0
146,10,0.4666666666666667,6.196972915749659e-05,2.475944503321077e-05,0
147,6,0.9333333333333333,0.0,2.942752389971149e-07,0
148,20,0.42105263157894735,3.685623080473374e-06,7.587505423627996e-07,0
149,14,0.7802197802197802,7.588449050891001e-07,3.1142462870730965e-07,0
150,11,0.5636363636363636,0.00012574171999864492,5.848910008154948e-07,0
151,7,0.9047619047619048,0.0,2.97139520347919e-07,0
152,5,0.7,0.0,4.491446197940675e-07,0
153,2,1.0,0.0,2.9588087971321147e-07,0
154,2,1.0,0.0,2.864836042286647e-07,0
155,4,0.5,1.1504603847418764e-05,2.9099373191361955e-07,0
156,12,0.5303030303030303,7.269765490888607e-05,2.4790330900594006e-05,0
157,3,0.6666666666666666,0.0,2.8843720030018134e-07,0
158,25,0.3566666666666667,7.49590587675498e-06,1.2932815808760701e-06,0
159,14,0.6263736263736264,1.4958803262278433e-06,5.208437541987005e-07,0
160,2,1.0,0.0,2.8860719146704144e-07,0
161,25,0.5466666666666666,2.1844833122531883e-06,2.0711317535653884e-06,0
162,8,0.8571428571428571,6.19425097442515e-08,2.991507022581481e-07,0
163,6,0.5333333333333333,8.116526009244122e-05,3.1607098161685784e-07,0
164,3,0.6666666666666666,0.0,4.5330541467888686e-07,0
165,12,0.5,4.3004912986613215e-05,2.2621163258566423e-06,0
166,4,0.6666666666666666,3.303600519693413e-07,2.95821027003216e-07,11
167,7,0.9047619047619048,9.91080155908024e-08,2.964988023029979e-07,0
168,11,0.6909090909090909,0.0,8.314690794764518e-07,0
169,38,0.4395448079658606,0.00043368120073069807,2.601504104931395e-05,0
170,46,0.4714975845410628,1.6426188577559345e-05,1.9715540565979363e-06,0
171,22,0.21645021645021645,0.014533643096594264,1.3623426193001738e-05,0
172,41,0.45975609756097563,1.2576751849327465e-05,1.2590029063435276e-06,0
173,13,0.20512820512820512,0.007404660539209348,8.317533566824731e-07,11
174,4,0.8333333333333334,0.0,2.904150569756014e-07,0
175,17,0.4264705882352941,5.653876317989586e-06,3.33318101689761e-07,0
176,14,0.7252747252747253,1.1855216375269158e-06,5.884686419310464e-07,0
177,11,0.7636363636363637,9.344470041418512e-07,3.046132936794872e-07,0
178,13,0.46153846153846156,1.807380079192952e-06,6.908707819579095e-07,0
179,3,0.6666666666666666,0.0,2.883142857325333e-07,0
180,20,0.7578947368421053,3.763744877793567e-07,3.5136675427465047e-07,0
181,10,0.8666666666666667,1.23885019488503e-07,3.0328378277891435e-07,0
182,3,0.6666666666666666,0.0,2.883406475518067e-07,0
183,2,1.0,0.0,2.894804486907176e-07,0
184,18,0.6339869281045751,9.287622370138075e-07,5.076924613575123e-07,0
185,26,0.5384615384615384,4.757285209990752e-06,1.6163146210779237e-06,0
186,44,0.4978858350951374,7.822695040290095e-06,1.8133746672526934e-06,0
187,16,0.8583333333333333,8.259001299233533e-08,3.336679170279334e-07,0
188,48,0.45567375886524825,1.4885858728160776e-05,2.1399689431779777e-06,0
189,7,0.9523809523809523,6.09224718806088e-06,4.1035317582862273e-07,0
190,4,0.5,4.95540077954012e-07,2.919470144657583e-07,0
191,3,1.0,0.0,2.955214906988968e-07,0
192,5,0.4,7.43310116931018e-07,2.9236641053297e-07,0
193,6,0.4666666666666667,0.004022051482952378,2.924117240880414e-07,0
194,19,0.8245614035087719,3.026334047504859e-07,3.4413580349442883e-07,0
195,9,1.0,0.0,3.004108048819634e-07,0
196,13,0.717948717948718,1.982160311816048e-07,6.458263890501215e-07,0
197,16,0.7416666666666667,3.754091499651606e-07,5.020005435789901e-07,0
198,12,0.4696969696969697,0.001811155699346912,5.306204302259169e-07,11
199,47,0.47178538390379277,7.380166144331203e-06,1.6590376930511053e-06,0
200,57,0.4342105263157895,2.006841544184612e-05,2.248662332629967e-06,0
201,4,1.0,0.0,2.9042929879910293e-07,0
202,4,0.6666666666666666,6.791511877389366e-06,2.993426101525671e-07,11
203,57,0.42857142857142855,1.84175934367641e-05,2.3663533420243105e-06,0
204,22,0.5887445887445888,2.0411531782391443e-06,5.391618752659953e-07,0
205,2,1.0,0.0,2.864712318515147e-07,0
206,4,0.5,4.1295006496167666e-07,2.983166745005404e-07,0
207,3,1.0,0.0,6.175123759871565e-07,0
208,7,0.8571428571428571,0.0,5.181574332801789e-07,0
209,1,0.0,0.0,2.8454919021275076e-07,0
210,1,0.0,0.0,2.8454919021275076e-07,0
211,30,0.6,3.6338051668309573e-06,1.3069642333071237e-06,0
212,18,0.6993464052287581,5.977576856266061e-07,1.0833467780884482e-06,0
213,39,0.30364372469635625,0.0004871101660732476,2.6419164873055423e-05,0
214,17,0.5661764705882353,4.6309400142130885e-07,3.176252340572776e-07,0
215,4,0.0,0.0012987952441381489,4.502788738644278e-07,0
216,2,1.0,0.0,2.865145845103621e-07,0
217,8,0.8214285714285714,1.5000396913588594e-05,5.654272438981725e-07,0
218,9,1.0,0.0,3.004108048819634e-07,0
219,6,0.7333333333333333,0.0,2.942238106873979e-07,0
220,4,1.0,0.0,2.9081396529436124e-07,0
221,8,0.8571428571428571,0.0,8.214570043423902e-07,0
222,11,0.7454545454545455,2.229930350793054e-06,5.210946861005874e-07,0
223,27,0.7207977207977208,1.0938466826052499e-06,1.3413632806725742e-06,0
224,28,0.5211640211640212,3.244518909845345e-06,1.6421322019322419e-06,0
225,10,0.8444444444444444,6.866769651648452e-07,3.027014711516436e-07,0
226,14,0.8131868131868132,3.116789776020274e-07,3.1163993541810333e-07,0
227,15,0.5428571428571428,4.8905086264747134e-06,3.126312401149513e-07,0
228,3,1.0,0.0,2.914142959605346e-07,0
229,6,0.5333333333333333,0.0,3.2873986242877183e-07,0
230,9,0.2777777777777778,0.0,3.005288813213831e-07,0
231,21,0.4523809523809524,4.198555034756049e-06,9.380623541089406e-07,0
232,25,0.62,2.1824331517199693e-06,1.3116530470625203e-06,0
233,2,1.0,0.0,2.8643165307830626e-07,0
234,2,1.0,0.0,2.985770755947122e-07,0
235,5,0.8,0.0,7.721994443778552e-07,0
236,37,0.4099099099099099,1.095248865773828e-05,1.8435281122083414e-06,0
237,7,0.8571428571428571,0.0,3.1807381339932347e-07,0
238,23,0.7154150197628458,8.54027654464253e-07,7.888326576526148e-07,0
239,59,0.418468731735827,3.50250280199765e-05,2.237488876583322e-06,0
240,3,0.6666666666666666,0.0,2.899791032760993e-07,0
241,2,1.0,0.0,2.8645701086465154e-07,0
242,24,0.5978260869565217,3.7851789525939586e-06,6.887188847038255e-07,0
243,8,0.6428571428571429,0.0,2.988580335895911e-07,0
244,2,1.0,0.0,2.8643165307830626e-07,0
245,5,0.7,2.47770038977006e-07,2.925128795278462e-07,0
246,14,0.5934065934065934,1.7211107105611294e-05,2.588738965884663e-05,0
247,3,0.6666666666666666,2.47770038977006e-07,4.379631798984054e-07,0
248,21,0.5047619047619047,3.9439726443414315e-06,1.1115379040412913e-06,0
249,24,0.6268115942028986,9.132095722295364e-07,8.394114859799628e-07,0
250,5,0.8,4.95540077954012e-08,4.861020470291661e-07,0
251,14,0.7802197802197802,1.1727781844911617e-06,6.428243954667233e-07,0
252,65,0.4033653846153846,3.170679452487556e-05,2.7430891262911585e-06,0
253,3,0.6666666666666666,0.0,2.8842079719449366e-07,0
254,17,0.9044117647058824,1.7402895594813517e-07,3.354637909910053e-07,0
255,2,1.0,0.0,2.8645701086465154e-07,0
256,2,1.0,0.0,2.8643165307830626e-07,0
257,18,0.5032679738562091,2.9325518644299954e-06,1.0663730346287152e-06,0
258,15,0.4857142857142857,0.0,5.801691599951521e-07,0
259,8,0.6785714285714286,1.2687201383462283e-05,2.9806767212636773e-07,0
260,8,0.39285714285714285,4.1295006496167666e-07,6.370578646947075e-07,0
261,38,0.4751066856330014,4.4514340861064395e-06,1.2162754019081654e-06,0
262,4,1.0,0.0,2.9081396529436124e-07,0
263,7,0.9523809523809523,8.259001299233533e-08,2.9669123393832866e-07,0
264,5,1.0,0.0,2.92351235739067e-07,0
265,27,0.6410256410256411,3.870283116851511e-06,8.556739027043941e-07,0
266,18,0.8823529411764706,1.7402895594813517e-07,3.3968727637354255e-07,0
267,2,1.0,0.0,2.8663277094149396e-07,0
268,11,0.9090909090909091,0.0,3.7941909105454244e-07,0
269,6,0.4666666666666667,4.391458889041487e-05,4.001587305443932e-06,0
270,4,0.8333333333333334,0.0,3.154582941689553e-07,0
271,73,0.386986301369863,3.2748133668563054e-05,2.5073330478409604e-06,0
272,45,0.35353535353535354,2.755502847304633e-05,1.9043651304297268e-06,0
273,9,1.0,0.0,3.004108048819634e-07,0
274,14,0.5604395604395604,2.981016242633062e-07,7.231686539163321e-07,0
275,10,0.8666666666666667,1.23885019488503e-07,3.0328378277891435e-07,0
276,18,0.7516339869281046,8.35577724569163e-07,9.356801784486226e-07,0
277,65,0.3466346153846154,4.233746927932323e-05,3.0318179440826867e-06,0
278,10,0.8,6.819575358509975e-07,3.026485394641326e-07,0
279,2,1.0,0.0,2.865971424164295e-07,0
280,43,0.4673311184939092,1.1251409334247356e-05,1.80493865901873e-06,0
281,16,0.7416666666666667,1.288618722194697e-06,6.580200203622084e-07,0
282,2,1.0,0.0,2.8643165307830626e-07,0
283,5,0.6,0.0,3.140447148974825e-07,0
284,16,0.7,1.4638096588451053e-06,6.532345322436116e-07,0
285,47,0.43293246993524515,0.0005531318030618797,2.6404049541804463e-05,0
286,2,1.0,0.0,2.865868641449422e-07,0
287,1,0.0,0.0,2.8454919021275076e-07,0
288,4,0.8333333333333334,0.0,4.763866243958705e-07,0
289,4,0.8333333333333334,0.0,2.9078671759559596e-07,0
290,14,0.8241758241758241,1.656001488795448e-07,9.065779677735351e-07,0
291,36,0.38095238095238093,1.1430395813388053e-05,1.6933955155342513e-06,0
292,1,0.0,0.0,2.8454919021275076e-07,0
293,3,1.0,0.0,2.8853113388772535e-07,0
294,3,0.6666666666666666,0.0,3.0567222862792563e-07,0
295,10,0.5333333333333333,3.280413483960271e-07,5.219241930219019e-07,0
296,7,0.9523809523809523,8.259001299233533e-08,2.9669123393832866e-07,0
297,25,0.72,8.076083581692494e-07,1.496840455031765e-06,0
298,11,0.9454545454545454,5.5060008661556886e-08,5.498644492617865e-07,0
299,20,0.6842105263157895,2.7697150785643884e-06,3.444050668017382e-07,0
300,7,0.7619047619047619,3.350794812831891e-07,3.037665861193346e-07,0
301,3,0.6666666666666666,2.47770038977006e-07,4.4247168714294083e-07,0
302,20,0.7526315789473684,4.1766949427552433e-07,5.067199059100559e-07,0
303,21,0.580952380952381,2.055418725937821e-06,1.5565504840731862e-06,0
304,55,0.3872053872053872,0.0005666766898164685,2.6629073563702952e-05,0
305,2,1.0,0.0,2.867582925163982e-07,0
306,9,1.0,0.0,3.004108048819634e-07,0
307,4,0.6666666666666666,0.0,3.131850393459435e-07,0
308,24,0.4746376811594203,0.00011052620610761621,2.5858023196546018e-05,0
309,10,1.0,0.0,3.132028687045551e-07,0
310,13,0.5384615384615384,1.2058141896880958e-06,3.08742258891909e-07,0
311,7,0.5238095238095238,2.47770038977006e-07,3.3406729089410436e-07,0
312,26,0.4276923076923077,9.824278688326364e-06,3.353853794755673e-07,0
313,37,0.5015015015015015,8.692621382511566e-06,1.6763161142721277e-06,0
314,13,0.4230769230769231,2.0372203204776052e-07,3.932097251999673e-07,0
315,56,0.31623376623376626,0.0005317830045606431,2.7059205000738132e-05,0
316,2,1.0,0.0,2.9255246163934856e-07,0
317,7,0.5238095238095238,0.0,4.839350611696689e-07,0
318,11,0.5272727272727272,7.859753238715665e-08,5.342365316686146e-07,0
319,8,0.6785714285714286,0.0,2.9823074250563884e-07,0
320,21,0.48095238095238096,7.098236207541257e-06,3.596549194552395e-07,0
321,3,1.0,0.0,2.887528625754083e-07,0
322,72,0.2918622848200313,0.001539844923941897,2.7188743153382963e-05,0
323,39,0.4844804318488529,1.2907673073361486e-05,2.0444072062203738e-06,0
324,26,0.36615384615384616,0.0002066298702769041,2.5245173784609434e-05,0
325,39,0.601889338731444,2.342405213494842e-06,1.456702278606068e-06,0
326,19,0.6666666666666666,1.907436014346792e-06,3.218345554138392e-07,0
327,4,1.0,0.0,2.9040606278429165e-07,0
328,9,1.0,0.0,3.004108048819634e-07,0
329,30,0.22528735632183908,1.7273972834305035e-05,1.1291624821963545e-06,0
330,16,0.825,6.19425097442515e-08,3.3672811987743775e-07,0
331,20,0.5263157894736842,2.5410888031031127e-07,7.652894259251013e-07,0
332,43,0.42081949058693247,1.537280600656477e-05,2.086407093792861e-06,0
333,8,0.7857142857142857,3.18561478684722e-07,2.9886994421304386e-07,0
334,28,0.5105820105820106,8.790224598233318e-06,1.6518071999648349e-06,0
335,4,0.0,3.7424022892566125e-05,3.4507718988599e-06,0
336,3,1.0,0.0,3.0419051773097794e-07,0
337,9,0.8055555555555556,2.9732404677240726e-07,3.0070283667789895e-07,0
338,7,0.6666666666666666,5.777065524181815e-07,5.026750273372939e-07,0
339,27,0.25925925925925924,0.0003401279634875658,2.5662948592283078e-05,0
340,6,0.7333333333333333,0.0,1.0826110233482983e-06,0
341,12,0.7727272727272727,4.129500649616766e-08,8.735359364260656e-07,0
342,34,0.5775401069518716,4.82889567661434e-06,1.5429674201680605e-06,0
343,18,0.6339869281045751,1.7546444903109718e-06,3.196694277485819e-07,0
344,9,0.5,3.7484761358958244e-07,6.650717639807092e-07,0
345,16,0.65,2.9643915377606077e-07,1.5123141615114113e-06,0
346,27,0.5299145299145299,7.544007758185602e-06,3.766095080547037e-07,0
347,7,0.8095238095238095,0.0,7.84292988471743e-07,0
348,229,0.12303684976633725,0.03581733148826747,2.6060701883899625e-05,11
414,159,0.1351803200382135,0.04358334960690373,2.198516661097677e-05,11
428,115,0.26758199847444697,0.046258634547037165,0.0006126498963610872,11
1684,792,0.044774546986936364,0.3341396439113988,1.8837309725647784e-05,6
1912,755,0.10548597326400477,0.19570560818143018,0.09543108037464547,5
2814,2,1.0,0.0,3.826491688239833e-06,0
2838,4,1.0,0.0,3.950030584518638e-06,0
2885,4,1.0,0.0,3.952739109757375e-06,0
3003,4,1.0,0.0,3.950030584518638e-06,0
3173,18,0.21568627450980393,0.0005348291509757825,3.854940708484793e-06,6
3290,5,0.8,1.5338145270005133e-07,4.348028014357919e-06,0
353,102,0.31721995728984664,0.0022448267206290292,2.7987657297423102e-05,11
363,96,0.31951754385964914,0.0021149489892684815,2.0804348699286828e-05,11
366,97,0.33526632302405496,0.0012569500870883155,2.5264986824873452e-05,11
376,133,0.2631578947368421,0.008060013804582069,2.7132819546258867e-05,11
389,48,0.2845744680851064,0.0013810406643361636,1.2514431775069733e-05,7
420,34,0.4919786096256685,0.0004635284545271542,1.6187408269051842e-05,11
475,122,0.2750304836742989,0.005055289576622598,2.762333299552671e-05,11
483,231,0.1616412572934312,0.010853321266181255,4.630376715113336e-05,11
484,107,0.2671486510315641,0.0027287251447889785,5.420904877639849e-05,11
517,104,0.3525018670649739,0.0015325303654625212,2.427959330204852e-05,11
526,98,0.2457395329265727,0.001693403835623023,0.00013699526358827187,11
538,87,0.3322641005078856,0.0010145536439535529,1.9468454097951723e-05,11
563,91,0.18485958485958487,0.042869485895459344,0.000612631313673362,11
566,85,0.4070028011204482,0.0018305986437179233,2.6379510308637133e-05,11
580,84,0.3654618473895582,0.0020276424499753283,2.0429748788769183e-05,11
596,46,0.1681159420289855,0.0016108469198955109,1.9233823344614116e-05,11
601,25,0.4166666666666667,0.00036924327596938504,1.4961410142667556e-05,11
606,91,0.2549450549450549,0.001029131744163197,3.710988075178231e-05,11
629,11,0.38181818181818183,5.2425991495700816e-05,9.879123487916649e-06,11
637,115,0.19115179252479023,0.0018297881372076592,3.786732547518646e-05,11
641,66,0.31002331002331,0.0003370491289365338,2.6620024069040922e-05,11
649,5,0.4,3.292095007395257e-05,8.845172248913062e-06,11
651,73,0.323820395738204,0.0014550075062134758,2.3009149449704503e-05,11
896,126,0.38603174603174606,6.719645976587398e-05,2.591279456666924e-05,7
897,66,0.38554778554778557,1.778044916470996e-05,0.00017020573659772668,4
898,38,0.7610241820768137,1.319299496838266e-07,1.3577360175320726e-05,7
899,3,1.0,0.0,8.751548548744261e-06,4
900,13,0.5512820512820513,8.725686399386302e-07,1.0406955574516072e-05,9
901,34,0.8235294117647058,6.241433267997612e-07,1.1378359423462584e-05,9
902,46,0.8231884057971014,9.101712135321185e-07,1.5266616864617908e-05,7
903,34,0.7825311942959001,2.120598909495208e-06,1.1525727054166992e-05,9
904,3,0.6666666666666666,1.23885019488503e-07,8.653956102660739e-06,4
905,17,0.4411764705882353,3.9158080515103743e-07,1.1949703448328025e-05,11
906,78,0.5541125541125541,6.445010489614879e-06,0.00026247895798667357,4
907,13,0.4230769230769231,1.052556113417455e-06,3.388186449090865e-05,4
908,32,0.4475806451612903,0.00029976027918716144,5.10997784689305e-05,9
909,12,0.6363636363636364,9.332671468133892e-07,9.626797308535193e-06,9
910,5,1.0,0.0,8.82694049112076e-06,11
911,1,0.0,0.0,8.488854103835028e-06,4
912,9,0.4722222222222222,9.084901429156887e-07,9.49220597340041e-06,11
913,44,0.30655391120507397,9.858552617419052e-06,4.919712424038052e-05,7
914,16,0.6333333333333333,1.3753666281253019e-06,1.1632326991949846e-05,7
915,35,0.37815126050420167,6.575129895250526e-05,1.9110913405928542e-05,11
916,147,0.482900009318796,0.0007910929650707647,0.0005333394483534277,4
917,130,0.22921884317233154,0.00030695335624697154,3.0222405387355984e-05,7
918,4,0.0,0.0011922513388502502,0.00025469043735684184,0
919,29,0.8645320197044335,7.211823403398008e-06,1.2799138228600275e-05,7
920,13,0.3974358974358974,2.8926665199066556e-06,3.426413325192406e-05,4
921,106,0.5764600179694519,0.00031751098627109183,0.0004011996416615663,4
922,30,0.46436781609195404,1.9437260840365837e-06,7.224893134123675e-05,4
923,8,0.5357142857142857,1.1872458755782805e-06,1.0204967197772599e-05,9
924,45,0.4202020202020202,1.0496536999579572e-05,1.3610908216464383e-05,7
925,167,0.46771517206550756,0.0008527509999315053,0.0005743287760954963,4
926,21,0.5095238095238095,1.4107060132433454e-06,6.741608006074724e-05,4
927,75,0.5816216216216217,1.9972887030469277e-05,0.0002514249401312392,4
928,9,0.9444444444444444,0.0,9.133041862890926e-06,9
929,5,0.9,1.7090054636509216e-07,8.869329153131457e-06,9
930,52,0.4856711915535445,0.00011159584825788808,1.9839200183396563e-05,11
931,15,0.6761904761904762,1.188174198771841e-06,1.0136352509010137e-05,11
932,63,0.49923195084485406,1.0046199290350046e-05,0.00019078896042842112,4
933,25,0.6233333333333333,1.9307941220453606e-06,1.1945120875688595e-05,7
934,82,0.7431496537187594,7.362343536317711e-06,0.00034032668950020374,4
935,7,0.5238095238095238,5.120580805524791e-07,1.0461230364524354e-05,7
936,37,0.6381381381381381,2.2153918737795626e-06,1.5115091980327308e-05,11
937,7,0.8571428571428571,0.0,8.997151546812582e-06,7
938,29,0.8226600985221675,1.5477781765269393e-06,1.1099362757781111e-05,9
939,17,0.5808823529411765,0.0,1.0408945995134426e-05,11
940,17,0.5882352941176471,3.492377692247323e-07,1.0330549387484564e-05,7
941,54,0.4116002795248078,1.2977568961914232e-05,1.5871329807260167e-05,7
942,65,0.5855769230769231,1.4103573201656118e-05,1.7403799469593275e-05,7
943,12,0.42424242424242425,4.89721684539908e-07,9.619661790040007e-06,7
944,37,0.5495495495495496,5.954703016036195e-06,1.2911512364354122e-05,7
945,4,1.0,0.0,8.80321302393918e-06,7
946,166,0.48477546549835704,0.0001061071020819282,0.0005686869463265662,4
947,115,0.5981693363844394,2.07272947111534e-05,0.0004329474470472296,4
948,38,0.561877667140825,6.008355482721142e-06,1.489564693251187e-05,11
949,23,0.6758893280632411,2.0159317048265626e-06,1.0993150332782167e-05,7
950,10,0.5777777777777777,1.6785899615400189e-06,9.860055006481267e-06,9
951,20,0.37894736842105264,8.895014846569581e-05,4.5053246629225496e-05,9
952,84,0.7544463568559954,2.1171291479010868e-06,0.00034790907727229656,4
953,109,0.5424736663268773,5.755721447261943e-05,0.00036363762131522625,4
954,55,0.5912457912457912,5.427572213518666e-06,1.6535161026442838e-05,7
955,10,0.8444444444444444,0.0,9.337964355383572e-06,9
956,10,0.8222222222222222,0.0,9.163715869413287e-06,9
957,65,0.6225961538461539,1.2524846365894193e-05,1.7938972327808282e-05,7
958,24,0.9239130434782609,8.259001299233533e-08,1.054027419035115e-05,9
959,46,0.6492753623188405,5.409947217828394e-06,0.00013517487232639615,4
960,103,0.5735770036169807,1.7416142806265288e-05,0.00035039352470744953,4
961,13,0.2692307692307692,1.0398236649745259e-05,1.346086362422142e-05,4
962,27,0.43874643874643876,6.812144881208574e-05,1.6244687496590753e-05,11
963,33,0.7954545454545454,4.255119248900223e-06,1.1494727752763883e-05,9
964,26,0.4707692307692308,7.029160496194729e-06,1.1919905825539438e-05,7
965,16,0.7416666666666667,7.06246388160417e-07,1.037929247494769e-05,7
966,115,0.6314263920671244,1.1398738637082837e-05,0.00042562063905254827,4
967,107,0.4873919943572562,5.179654828943818e-05,0.0003438420293188721,4
968,40,0.31666666666666665,2.6140611054649975e-05,4.521218798182249e-05,7
969,32,0.7540322580645161,6.316739829075122e-07,1.2935629540007037e-05,7
970,15,0.7523809523809524,0.0,9.833551023654057e-06,9
971,34,0.6292335115864528,1.2948771621351554e-06,1.3014139447269437e-05,7
972,21,0.7952380952380952,1.580545187140175e-07,6.537888744866612e-05,4
973,18,0.38562091503267976,1.3317891849578642e-05,2.0671317424062017e-05,4
974,11,0.7454545454545455,4.0469106366244313e-07,9.53111016537887e-06,7
975,54,0.7281621243885394,1.1496600551319561e-06,1.6522020234216133e-05,7
976,24,0.7210144927536232,4.905988357431408e-06,1.207412806817111e-05,11
977,26,0.56,2.0769586484423423e-06,1.1052477848433865e-05,7
978,104,0.573562359970127,2.9291018131821902e-05,0.0003861070955013905,4
979,10,0.9111111111111111,0.0,9.23431625130989e-06,9
980,128,0.5136564960629921,2.233290965003003e-05,0.0004397942343024708,4
981,47,0.7622571692876966,1.9613513918689888e-07,1.529988924640997e-05,7
982,68,0.6286215978928885,2.881259035572311e-05,0.00023741653447515798,4
983,62,0.6991010047593865,3.5449879388059057e-06,0.00020807380076893724,4
984,42,0.7619047619047619,2.3569554896815124e-06,1.4910822879554093e-05,7
985,7,0.7619047619047619,0.0,8.988748463257158e-06,7
986,11,0.7454545454545455,0.0,9.506182966153228e-06,7
987,6,0.4,3.097125487212575e-07,9.080062204906575e-06,9
988,41,0.7682926829268293,1.1465723947383745e-06,1.4628794981025909e-05,7
989,35,0.6588235294117647,9.877366300632765e-07,1.353777070654832e-05,7
990,29,0.29802955665024633,0.001000323630818614,1.0804191290449213e-05,6
991,19,0.32748538011695905,1.519867686982152e-05,2.9035103731496343e-05,4
992,31,0.8043010752688172,1.8099056673962328e-06,1.1303848564870345e-05,9
993,154,0.5144724556489262,4.372082895484116e-05,0.0005409325814398212,4
994,27,0.43874643874643876,6.579469072458451e-06,1.916496444986856e-05,7
995,66,0.43776223776223777,4.9823163863355556e-05,0.00017214680126293193,4
996,4,0.6666666666666666,2.0293546049545253e-07,8.917251762257378e-06,4
997,96,0.5695175438596491,1.3360302639393381e-05,0.00031111991002352274,4
998,9,0.5833333333333334,4.914105773043952e-07,2.294850565785626e-05,4
999,77,0.6729323308270677,7.3840981308683925e-06,0.0003035365673506989,4
1000,16,0.5333333333333333,1.2541580874030233e-06,9.817739150820202e-06,7
1001,39,0.4143049932523617,2.4043950189421326e-05,2.9283384184825192e-05,11
1002,4,0.8333333333333334,0.0,8.69532944504854e-06,4
1003,95,0.5303471444568869,2.1446404168110063e-05,0.00031565872594953255,4
1004,120,0.6014005602240896,1.632564754749101e-05,0.00043830680330587523,4
1005,14,0.9120879120879121,5.230700822847905e-08,9.825012669720006e-06,7
1006,142,0.5332134651882928,4.232511502032803e-05,0.0004895175135990797,4
1007,16,0.48333333333333334,1.274921196824693e-06,1.1889876765301138e-05,7
1008,8,0.32142857142857145,3.147250076778338e-06,1.008503161851823e-05,4
1009,57,0.5513784461152882,5.542001800098767e-06,1.6574534916133592e-05,7
1010,36,0.4015873015873016,2.020101621400032e-05,1.2393143355117819e-05,7
1011,32,0.5745967741935484,3.7804775205156066e-06,1.1989201745971418e-05,7
1012,32,0.42943548387096775,3.834931666231706e-06,2.2576264420729618e-05,11
1013,12,0.3787878787878788,4.6386646884383814e-05,5.51386601070755e-05,7
1014,99,0.41517212945784376,8.819881887352438e-05,2.2423514565497323e-05,7
1015,36,0.7444444444444445,1.7276586060579715e-06,1.3782210495523695e-05,7
1016,9,1.0,0.0,9.072085174111891e-06,9
1017,149,0.5286595320152367,2.6411128960859727e-05,0.0005263774338821142,4
1018,51,0.5952941176470589,6.3885636883390195e-06,1.6081679074296568e-05,7
1019,58,0.6660617059891107,8.361469887243405e-06,1.683762730312372e-05,7
1020,58,0.6382335148215366,8.022994959406531e-06,2.196650090889836e-05,7
1021,61,0.5923497267759563,7.50237266785136e-06,1.9680148913717113e-05,7
1022,4,0.8333333333333334,0.0,1.345242070549108e-05,4
1023,9,0.4166666666666667,0.0,1.1751207574067423e-05,9
1024,85,0.6246498599439776,9.135155469493609e-06,0.0002975666212551772,4
1025,29,0.39901477832512317,2.9885300743678922e-05,2.1928692774419778e-05,11
1026,80,0.5740506329113924,1.2717702917445403e-05,0.00027945837840199426,4
1027,3,1.0,0.0,8.627991760044027e-06,4
1028,67,0.6445047489823609,0.00032778778644191394,0.00028389771580096486,4
1029,79,0.42810775722168126,0.0008721953659855386,0.0002519906280078111,4
1030,11,0.6181818181818182,0.0,9.730914511014146e-06,9
1031,4,0.8333333333333334,0.0,9.293520853166358e-06,9
1032,79,0.49691658552418044,1.528541425089284e-05,2.422738620972282e-05,7
1033,17,0.6985294117647058,2.090104881244492e-06,1.06886375469586e-05,9
1034,3,1.0,0.0,9.007257197230727e-06,4
1035,26,0.44,3.7295927052724066e-06,1.1863976978471506e-05,7
1036,58,0.6944948578342408,5.369188026171699e-06,1.6887047683341646e-05,7
1037,37,0.493993993993994,1.2761972400982977e-05,1.2965454834581543e-05,7
1038,5,0.5,7.846051234271856e-07,1.1269010716792694e-05,4
1039,27,0.6780626780626781,6.106089290535052e-07,8.988472192613021e-05,4
1040,67,0.6404341926729986,5.534615850223352e-06,0.00021696475788832942,4
1041,48,0.4654255319148936,1.5334936642755844e-05,1.343149479280564e-05,7
1042,15,0.6952380952380952,4.689148320775827e-07,1.0352086708748319e-05,7
1043,12,0.6363636363636364,9.332671468133892e-07,9.503615831526797e-06,9
1044,28,0.7777777777777778,4.852745519708284e-07,1.252236177602344e-05,7
1045,12,0.5909090909090909,2.0647503248083836e-06,9.729581679732663e-06,9
1046,3,1.0,0.0,8.623299876692273e-06,4
1047,65,0.6028846153846154,4.463601301833324e-06,0.0002288049371573288,4
1048,106,0.5092542677448337,3.1282657584919524e-05,0.0003476242765921287,4
1049,82,0.5594700391448358,3.8611387075540254e-05,0.00026432272726696393,4
1050,11,0.8181818181818182,2.47770038977006e-06,9.913818802833673e-06,4
1051,46,0.45507246376811594,8.584862645693508e-06,1.971949720030865e-05,7
1052,63,0.3271889400921659,3.725153703010353e-05,2.064841053365554e-05,7
1053,8,0.39285714285714285,2.783283437841701e-06,9.454744053080907e-06,9
1054,54,0.6023759608665269,1.568103094277293e-05,0.00016665604177658512,4
1055,14,0.7692307692307693,1.2206036600466137e-06,1.726896695874965e-05,4
1056,65,0.5442307692307692,6.5249680814804396e-06,0.00019330490302093138,4
1057,5,0.5,9.663031520103234e-07,8.93638762033031e-06,9
1058,7,0.5238095238095238,2.4827072202280203e-06,1.2725347214852938e-05,4
1059,165,0.5186252771618626,5.0049767421252706e-05,0.0005766064491885712,4
1060,51,0.592156862745098,1.3024747255325542e-05,2.0834844356388228e-05,7
1061,10,0.8222222222222222,1.4415711358662167e-07,9.285892706711563e-06,9
1062,22,0.354978354978355,7.397705449456323e-07,1.3563512126323237e-05,7
1063,22,0.8138528138528138,1.4085439617018867e-07,7.034199883595062e-05,4
1064,27,0.42735042735042733,4.007128267728856e-06,1.162406387902497e-05,11
1065,2,1.0,0.0,8.56599129500432e-06,7
1066,68,0.5263388937664618,2.7721774594468927e-05,1.8219698474068266e-05,7
1067,76,0.5792982456140351,1.4827814507703314e-05,1.9510966579360135e-05,7
1068,49,0.5527210884353742,3.552026722922748e-06,0.00015884329595828109,4
1069,21,0.8,2.5749660828016123e-07,6.551994114056483e-05,4
1070,78,0.2943722943722944,0.0005043035423883144,2.3067456210356677e-05,7
1071,3,1.0,0.0,8.630965741806649e-06,4
1072,26,0.6184615384615385,3.5505480239782193e-06,1.0957041624406504e-05,7
1073,10,0.35555555555555557,2.1638583403991857e-06,1.3176803748605337e-05,9
1074,63,0.4864311315924219,0.0006491779605813708,0.0002755059944460898,4
1075,80,0.5193037974683544,3.549286638235505e-05,0.00024223600374731263,4
1076,142,0.5625811607232045,5.9631113233795765e-05,0.0005160429734555801,4
1077,15,0.3333333333333333,0.00013020975999517695,9.568721098028915e-05,4
1078,183,0.5005704677835825,6.647088076858425e-05,0.0006401172792263771,4
1079,123,0.608156737305078,1.5174888238564537e-05,0.00046030988771910596,4
1080,60,0.392090395480226,2.1513331689561636e-05,2.7683734040206225e-05,11
1081,30,0.7494252873563219,5.447185080710147e-07,1.2906582596093838e-05,7
1082,57,0.6892230576441103,3.261015543490106e-06,1.660868666786064e-05,7
1083,106,0.5919137466307277,1.5280274830464477e-05,0.00036561805660853617,4
1084,16,0.6083333333333333,0.00037008496317990494,3.783682489095572e-05,4
1085,66,0.24382284382284383,0.10905010367870534,1.620866946300966e-05,12
1086,205,0.3445241511238642,0.0008288656625560589,0.0005955447834693763,4
1087,7,0.5714285714285714,7.077356308152717e-07,9.260496619914601e-06,4
1088,14,0.43956043956043955,0.0003459412744483187,1.1294794575841008e-05,9
1089,14,0.7472527472527473,4.829549331170847e-07,9.73372034615263e-06,7
1090,13,0.6282051282051282,1.170025184058084e-07,9.625559867462146e-06,7
1091,20,0.6736842105263158,1.5234859903663124e-06,7.094567416257919e-05,4
1092,50,0.5224489795918368,3.341746186656568e-06,0.0001749607685840423,4
1093,9,0.5555555555555556,3.0413410047528396e-07,9.945272652835048e-06,7
1094,11,0.5272727272727272,8.67195136419521e-07,9.626604010548033e-06,11
1095,24,0.4166666666666667,5.343601131964255e-06,1.7568615024132044e-05,11
1096,4,0.0,0.0038756802199524094,2.7890659772580244e-05,12
1097,36,0.7714285714285715,8.791167052557978e-07,1.1550010456327281e-05,9
1098,23,0.383399209486166,0.00043202809802855206,1.1755407565413524e-05,9
1099,56,0.7155844155844155,3.52475900927465e-06,1.643087072388226e-05,7
1100,64,0.6349206349206349,4.772885786091835e-06,1.7542578643721344e-05,7
1101,123,0.5656404105024657,2.7006492504058466e-05,0.0004436331298619469,4
1102,51,0.7262745098039216,4.154452037572921e-06,1.583499200941767e-05,7
1103,8,0.7142857142857143,1.6401085612085825e-06,9.34770637422923e-06,7
1104,109,0.4196398233095481,6.338111983936187e-05,2.406813624249814e-05,7
1105,4,0.8333333333333334,0.0,8.69532944504854e-06,4
1106,27,0.3247863247863248,1.0235787741398097e-05,1.1515437882332015e-05,7
1107,141,0.5358662613981763,3.276242721147695e-05,0.0005007203067952622,4
1108,43,0.8062015503875969,1.2448091631719397e-06,1.4851893011359232e-05,7
1109,38,0.49786628733997157,0.0002968851278498235,1.643580318828598e-05,7
1110,70,0.4509316770186335,3.917606565862789e-05,0.00018956698013382464,4
1111,9,0.9722222222222222,0.0,9.268172540993052e-06,9
1112,54,0.686932215234102,1.4683908416578127e-06,0.0001818012583948741,4
1113,47,0.5254394079555966,5.994687799418502e-06,1.6191108692120684e-05,11
1114,38,0.4438122332859175,5.385010356135404e-05,2.4697083264389528e-05,11
1115,37,0.7297297297297297,0.0002899212619964682,1.3739946211524628e-05,7
1116,29,0.6748768472906403,6.305212524316971e-07,0.00010073018825796315,4
1117,122,0.5699769678905298,2.1765346960223826e-05,0.00044136286771523787,4
1118,35,0.8067226890756303,6.738215301034215e-07,1.1458174668744484e-05,9
1119,1,0.0,0.0,8.488854103835028e-06,4
1120,51,0.6666666666666666,4.084458223972163e-06,1.5885576354606545e-05,7
1121,24,0.6521739130434783,3.088815503457073e-06,1.1178368057799763e-05,7
1122,49,0.5357142857142857,2.0162603586037767e-05,2.0641288819028018e-05,11
1123,71,0.45593561368209257,1.2360058183408965e-05,0.00021041455529237759,4
1124,130,0.4381633870005963,4.1630483628530676e-05,0.000408083492616144,4
1125,117,0.6220159151193634,1.121547415130113e-05,0.0004282202560506477,4
1126,198,0.46500538378710965,0.0008800192267696447,0.0007007821196275428,4
1127,21,0.44285714285714284,4.093432695817469e-06,1.0499362203653435e-05,7
1128,98,0.5615400799495056,0.0001476784212651583,0.00034706974257051374,4
1129,60,0.6672316384180791,8.942692114682879e-06,1.693015711302811e-05,7
1130,66,0.6051282051282051,4.458191910210475e-06,0.0002318108329003967,4
1131,32,0.4959677419354839,4.117124689090106e-06,1.1794058522261231e-05,7
1132,142,0.557187094196384,2.2722292583858326e-05,0.0005080129757783979,4
1133,6,0.6666666666666666,4.320092987291387e-07,1.795895683148576e-05,4
1134,11,0.6363636363636364,7.8418158489902e-07,9.451659149008236e-06,7
1135,68,0.5930640913081651,1.1549615129906075e-05,0.00024171993692820778,4
1136,33,0.5492424242424242,0.0005216542773734555,1.5296819625277964e-05,9
1137,29,0.8349753694581281,3.7551524385536814e-07,1.0938648082410468e-05,9
1138,14,0.5274725274725275,0.0,9.569350721032934e-06,9
1139,24,0.6268115942028986,8.691138843324461e-07,1.0984202671806008e-05,7
1140,9,0.6944444444444444,2.1033953843636203e-07,1.2766589081238184e-05,6
1141,18,0.6928104575163399,4.2436817700632097e-07,1.0281497879155427e-05,7
1142,33,0.615530303030303,2.9414952245867327e-06,1.3659506966742704e-05,11
1143,14,0.4065934065934066,7.838110325187149e-07,1.828679709123527e-05,7
1144,21,0.7047619047619048,3.4242491418343383e-07,1.0504605339127184e-05,9
1145,1,0.0,0.0,8.488854103835028e-06,4
1146,147,0.515422607399124,6.786339652359676e-05,0.0005091255127490701,4
1147,5,0.5,0.0,9.735404041205582e-06,7
1148,65,0.5735576923076923,2.883656039453237e-05,1.8063192551707705e-05,7
1149,102,0.5901766647252961,6.825745685023491e-06,0.00038130883586012294,4
1150,14,0.6263736263736264,1.4778092269202751e-06,1.399026496627044e-05,4
1151,6,0.3333333333333333,4.5028603523132836e-07,1.4899183290996302e-05,4
1152,17,0.6544117647058824,6.242428482004012e-07,1.6391490926732466e-05,7
1153,139,0.5581274111145866,2.8919569525869904e-05,0.00048538563528852064,4
1154,9,0.5,7.846051234271856e-07,9.23851983858957e-06,11
1155,45,0.44747474747474747,2.3383137987466644e-05,3.247033370571928e-05,11
1156,99,0.5380333951762524,1.709002737459941e-05,0.0003518685858129303,4
1157,5,0.8,0.0,9.93079742498501e-06,4
1158,66,0.5412587412587413,2.1839950405583957e-05,1.8272242420725313e-05,7
1159,61,0.3819672131147541,1.8114853255085446e-05,2.2359654764510084e-05,7
1160,88,0.5613897596656218,3.544628883489819e-05,0.0002778786756728203,4
1161,19,0.4327485380116959,2.124734075941556e-06,1.790765272421e-05,4
1162,8,0.6785714285714286,9.91080155908024e-08,1.240087911520989e-05,11
1163,100,0.656969696969697,5.478146838887465e-06,0.0003676424628954446,4
1164,27,0.7749287749287749,1.9566233412780696e-07,0.00010182747269004718,4
1165,26,0.24615384615384617,0.002409334413517202,4.916732087206205e-05,9
1166,57,0.5131578947368421,1.9438970576163906e-05,1.6772766350588e-05,7
1167,28,0.6031746031746031,1.8434119256082945e-06,1.1850689879413013e-05,7
1168,6,0.5333333333333333,0.0,8.95230226969471e-06,7
1169,19,0.6198830409356725,4.011480053398443e-06,1.039520772257961e-05,7
1170,36,0.32857142857142857,1.4317473786008607e-05,1.3068173835431146e-05,7
1171,24,0.18478260869565216,0.002384324842559897,5.938987782837814e-05,4
1172,114,0.5991305697873001,0.0005294261083339832,0.0004227543296696553,4
1173,115,0.44912280701754387,0.0012153709138818416,0.0003810987379660797,4
1174,18,0.7189542483660131,6.6759572939592e-07,9.959519361944827e-06,9
1175,132,0.4511913023363405,8.014110602316276e-05,0.000431340558043945,4
1176,2,1.0,0.0,8.658231620391177e-06,7
1177,15,0.4380952380952381,0.0,9.83162207047118e-06,9
1178,13,0.46153846153846156,0.0002531538275354411,1.1000749800125532e-05,9
1179,45,0.602020202020202,4.21858019639536e-05,2.08248958479021e-05,11
1180,45,0.6676767676767676,2.79136141029762e-06,0.00016736874514528555,4
1181,89,0.693564862104188,9.81087439936433e-06,0.00034634702346820725,4
1182,66,0.6461538461538462,0.00020573333885574228,0.0002618476769055156,4
1183,34,0.48128342245989303,3.7361125667748456e-06,1.5600819060683717e-05,7
1184,158,0.5323712005160042,3.980807646587745e-05,0.0005559396234339228,4
1185,156,0.5531017369727047,2.6718654984820925e-05,0.0005679108472284824,4
1186,17,0.9485294117647058,0.0,9.901374509690762e-06,9
1187,20,0.6,2.343326558493976e-05,1.4924535404180986e-05,9
1188,32,0.6471774193548387,1.9960340298027332e-06,1.2259726943209927e-05,7
1189,38,0.4267425320056899,2.5522526670956122e-05,1.319029966478799e-05,7
1190,39,0.7611336032388664,1.3759719852344474e-06,1.4310146876157289e-05,7
1191,110,0.5347789824854045,2.9146694928996216e-05,0.00038761473517797074,4
1192,97,0.47100515463917525,6.091858042779309e-05,2.687086733500898e-05,7
1193,9,0.3055555555555556,0.0005373107390474485,9.331259843016604e-06,0
1194,4,0.6666666666666666,0.0,8.728881387116408e-06,4
1195,49,0.66921768707483,4.57261090930274e-06,0.00017012269166873364,4
1196,26,0.6061538461538462,8.425083918075607e-05,0.00010270954205216658,4
1197,15,0.4095238095238095,0.00010735942384370685,3.98449536825486e-05,9
1198,83,0.725242433147223,4.882866688854691e-06,0.0003319989330244935,4
1199,217,0.4479006656426011,6.149370742661204e-05,0.0007216337573167034,4
1200,4,0.6666666666666666,0.0,8.840721144144847e-06,4
1201,58,0.6460980036297641,4.191048180049681e-06,0.0002008168874376239,4
1202,10,0.24444444444444444,6.29876189413283e-05,9.813562395647782e-06,4
1203,8,0.7142857142857143,0.0,9.354821040316332e-06,9
1204,107,0.43290424969141245,5.267725697834521e-05,2.3988141771822812e-05,7
1205,102,0.5589205979421471,2.1629867503423062e-05,0.00033496719422888426,4
1206,1,0.0,0.0,8.488854103835028e-06,4
1207,72,0.6815336463223787,4.515084482598076e-06,0.0002508165363394302,4
1208,3,1.0,0.0,8.623599107023408e-06,4
1209,76,0.6210526315789474,8.354843225441713e-06,0.0002569929840814817,4
1210,40,0.4576923076923077,9.313119327805677e-05,1.8170223555349844e-05,11
1211,173,0.5084016668907111,5.714765040988708e-05,0.0006089862546651226,4
1212,26,0.5046153846153846,2.3543750461937763e-06,1.3222951092045403e-05,11
1213,20,0.6,1.0381021675850444e-06,1.0417435440874061e-05,7
1214,114,0.4680950163018165,3.502438771463144e-05,0.00036871356032154535,4
1215,43,0.5459579180509413,8.826872870513107e-06,1.4531443364352017e-05,7
1216,36,0.7666666666666667,2.4358456292176462e-06,1.171381750434649e-05,9
1217,47,0.3561517113783534,0.0002012002164808017,4.0196079860080476e-05,7
1218,11,0.7636363636363637,0.0,9.325189657902166e-06,9
1219,54,0.6484975541579315,5.399576831587747e-06,0.00020242196506779715,4
1220,9,0.5277777777777778,7.212471727920227e-07,2.8592109573780706e-05,4
1221,71,0.372635814889336,6.640476645551446e-05,1.84374242780589e-05,7
1222,142,0.4683847767455799,6.146922614536973e-05,0.0004680952856827204,4
1223,22,0.341991341991342,5.0145793842729386e-06,1.796415485663964e-05,11
1224,2,1.0,0.0,8.555860899783033e-06,4
1225,30,0.6229885057471264,2.2210786003824393e-06,1.2101005896669005e-05,7
1226,35,0.42857142857142855,0.00020876947896465785,1.7021117909543876e-05,7
1227,84,0.5206540447504303,3.303200610884396e-05,2.0317361142811994e-05,7
1228,23,0.5375494071146245,3.205930956693922e-06,1.0853693753337978e-05,7
1229,47,0.61054579093432,7.4155664366264685e-06,1.5024970538077157e-05,7
1230,125,0.5563870967741935,1.2977430028558631e-05,0.00045486145523419445,4
1231,74,0.537578674564976,1.6078330475885228e-05,1.8983557010081055e-05,7
1232,29,0.8448275862068966,8.490640921594369e-07,1.0979863796805357e-05,9
1233,2,1.0,0.0,8.638832364277254e-06,11
1234,15,0.6857142857142857,0.0,1.0066299601700165e-05,11
1235,107,0.44507141597601835,5.425787657091021e-05,2.811024648828239e-05,7
1236,43,0.43410852713178294,7.066512516371363e-06,1.3051676801280949e-05,7
1237,60,0.3751412429378531,0.00015066390412466637,5.230122733340775e-05,11
1238,152,0.4648832345765075,9.819648741957556e-05,0.0004805372424218444,4
1239,9,0.6944444444444444,0.0,3.3264603310763833e-05,4
1240,7,0.2857142857142857,7.59828119529485e-07,8.936563842649649e-06,9
1241,20,0.5526315789473685,2.4874729113302704e-06,1.1082011250339598e-05,7
1242,93,0.6355773726040206,1.2078896640864836e-05,0.00033057199719901915,4
1243,112,0.5535714285714286,3.337824464121329e-05,0.00039456758420632716,4
1244,12,0.4393939393939394,9.046035540689904e-07,9.782453713879566e-06,7
1245,40,0.7551282051282051,4.160740891061995e-06,2.0909040956272095e-05,7
1246,35,0.2823529411764706,1.1065441051037951e-05,1.3021807087809675e-05,7
1247,24,0.4855072463768116,1.7657802533015134e-06,1.6225749204710252e-05,7
1248,8,0.6071428571428571,1.3214402078773653e-07,9.516425610823645e-06,7
1249,15,0.8,3.303169377532389e-07,9.999123069574871e-06,7
1250,137,0.5355302705023616,3.706792088753334e-05,0.00047568576653598296,4
1251,12,0.8181818181818182,0.0,9.517297010735087e-06,9
1252,3,1.0,0.0,8.634336073339412e-06,9
1253,3,1.0,0.0,8.630965741806649e-06,4
1254,6,0.6,0.0,9.111856594386424e-06,9
1255,124,0.5507474429583006,4.524048105587745e-05,0.0004434966846561234,4
1256,135,0.5213930348258706,3.907802285164583e-05,0.00045132705271973907,4
1257,55,0.6787878787878788,2.686646364908346e-06,1.624842878554096e-05,7
1258,42,0.445993031358885,2.2961509394085673e-06,2.2721105706073104e-05,7
1259,47,0.4727104532839963,1.696727293997767e-05,1.3462269075111604e-05,7
1260,38,0.6088193456614509,2.7330233831958304e-06,1.305248174212137e-05,7
1261,68,0.5517998244073749,2.9272914798748987e-05,1.7990958172801504e-05,7
1262,2,1.0,0.0,1.3382036057948753e-05,4
1263,6,0.4666666666666667,0.0,1.2615637087301957e-05,11
1264,5,0.7,8.259001299233533e-08,8.811603201320104e-06,7
1265,31,0.5741935483870968,3.7073250208823747e-06,8.696669818440533e-05,4
1266,13,0.7564102564102564,1.7161437380006258e-06,1.5923084733589584e-05,4
1267,120,0.623109243697479,6.939677569000265e-06,0.000463174587115641,4
1268,11,0.23636363636363636,2.785183150004314e-06,9.70930734262231e-06,7
1269,126,0.558984126984127,2.1462465322989357e-05,0.0004557251576837803,4
1270,2,1.0,0.0,8.581020123475824e-06,4
1271,96,0.656578947368421,6.529377050839133e-06,0.00034051349868088426,4
1272,84,0.5516351118760757,1.9744377827504542e-05,0.00029448381574183433,4
1273,64,0.4305555555555556,3.565838706997711e-05,2.1802493501759056e-05,7
1274,25,0.4866666666666667,0.0002196640719541884,1.5805036313013366e-05,9
1275,57,0.43295739348370926,1.6763008962286776e-05,1.5286036205606014e-05,7
1276,2,1.0,0.0,1.2133785911983432e-05,4
1277,124,0.3952268554943614,7.918832226674056e-05,2.585015717422118e-05,7
1278,36,0.6793650793650794,3.417245565947534e-06,0.00011081913056246053,4
1279,44,0.7484143763213531,6.188114089174874e-07,1.4703277072296382e-05,7
1280,76,0.5743859649122807,1.5028119738068887e-05,0.00024294748420914398,4
1281,41,0.6743902439024391,5.447622197841964e-06,1.4687114602215635e-05,7
1282,68,0.5864793678665496,1.5416757290916736e-05,1.8202563031707197e-05,7
1283,32,0.24798387096774194,4.3454191878392116e-05,3.746598279831698e-05,4
1284,60,0.5751412429378531,1.8972474937384716e-05,1.7226060016976985e-05,7
1285,55,0.7784511784511785,2.445240598443346e-06,0.00018523809452912615,4
1286,23,0.6126482213438735,2.922354749017928e-07,1.1943689537324383e-05,7
1287,66,0.7249417249417249,1.4984481571235967e-06,0.00027594330273333564,4
1288,92,0.6619684663162924,9.660120440450684e-06,0.0003254092045425515,4
1289,85,0.6647058823529411,0.0006107194622149585,0.00037875423556713386,4
1290,87,0.5479818230419674,2.3438962687439976e-05,0.0002906995669300918,4
1291,113,0.6123577749683944,1.2290673461593763e-05,0.00043535716717689216,4
1292,55,0.7111111111111111,1.7923150704828418e-06,1.6421792418309786e-05,7
1293,48,0.7012411347517731,1.1020722947369355e-06,0.00019679332562786325,4
1294,22,0.5844155844155844,2.9624265044577e-06,1.56150722753234e-05,11
1295,5,0.6,0.0,8.80148964570044e-06,11
1296,25,0.5166666666666667,3.0921184179582986e-06,1.1559892630487166e-05,7
1297,6,0.8666666666666667,0.0,9.268053011232844e-06,0
1298,71,0.6285714285714286,5.829575776848989e-06,2.3035649644967594e-05,7
1299,31,0.6236559139784946,5.028702539953107e-06,1.2122810550827824e-05,7
1300,31,0.6408602150537634,4.30460021887549e-05,1.7506930443602693e-05,11
1301,6,0.5333333333333333,4.95540077954012e-07,1.0186867767993017e-05,4
1302,107,0.6600246870040557,1.084180998170057e-05,0.00042461662133702117,4
1303,48,0.5948581560283688,4.657931383741524e-06,1.5659197047751194e-05,7
1304,38,0.40256045519203415,4.0710632087865525e-06,1.2389435673894003e-05,7
1305,104,0.49869305451829726,5.3322218639708825e-05,0.00034929478952522395,4
1306,26,0.5323076923076923,2.5970965156218105e-06,1.1543508169944595e-05,7
1307,31,0.567741935483871,0.00015423467628195324,1.1882050668390742e-05,9
1308,20,0.5736842105263158,4.140996695381267e-07,1.0436883760040978e-05,7
1309,43,0.6921373200442967,3.1683919018833306e-06,1.4846790604994576e-05,7
1310,27,0.7207977207977208,6.758269998264297e-07,1.1756379919171298e-05,7
1311,24,0.5507246376811594,8.817508672837262e-06,1.1194529314927436e-05,7
1312,80,0.5588607594936709,0.0002371827850287805,0.00030161849500374787,4
1313,34,0.6149732620320856,3.682762422315817e-05,1.840483662082462e-05,11
1314,26,0.7630769230769231,4.994937642948302e-06,1.1036739250105304e-05,9
1315,44,0.7272727272727273,1.6411323832320225e-06,1.4772695888393188e-05,7
1316,32,0.7983870967741935,5.39345750968096e-07,1.318593782151601e-05,7
1317,21,0.29523809523809524,0.0006229446886869802,1.4229142526409303e-05,9
1318,41,0.5804878048780487,4.064484033685131e-06,1.9772064711564994e-05,11
1319,27,0.9202279202279202,2.356624768674907e-07,1.0800090076518506e-05,9
1320,64,0.47966269841269843,7.90846619480773e-05,2.3438153718238704e-05,11
1321,25,0.47333333333333333,7.1326046705316245e-06,3.953600302029868e-05,4
1322,90,0.5273408239700375,2.741827632161811e-05,2.07894767242717e-05,7
1323,77,0.6151742993848257,9.895247750588224e-06,0.00026657951079723206,4
1324,40,0.6833333333333333,1.2878398860548372e-05,1.4558216057759168e-05,7
1325,18,0.6601307189542484,0.0,1.056692750052605e-05,9
1326,2,1.0,0.0,8.564100487015716e-06,4
1327,49,0.3333333333333333,0.00032720054951392876,0.00012667881605180073,4
1328,20,0.6368421052631579,0.00022461700263524834,1.0219009756345676e-05,9
1329,136,0.4950980392156863,9.699696615932716e-05,0.000449885285297973,4
1330,122,0.5523641782956239,2.2238515857247492e-05,0.0004324335020863285,4
1331,146,0.5109116674539442,4.543580527465709e-05,0.0005073873455752797,4
1332,42,0.5354239256678281,1.4748932386126569e-05,1.5460132784691182e-05,11
1333,33,0.8428030303030303,5.019719664877185e-07,1.1302836330344374e-05,9
1334,100,0.4448484848484848,0.0005072867575934809,0.00032510561693604274,4
1335,129,0.6019864341085271,0.00011180954959086873,0.0004890274217927486,4
1336,55,0.7427609427609427,1.352234835854281e-06,0.0002033767003254529,4
1337,36,0.24126984126984127,1.799050029763994e-05,3.3591465341295124e-05,4
1338,68,0.35645302897278314,0.0003741998380455318,2.130089227642163e-05,7
1339,100,0.6129292929292929,1.2629222440960675e-05,0.0003667008119445237,4
1340,63,0.6943164362519201,3.932409580740333e-06,0.0002181435916336942,4
1341,123,0.5716380114620818,1.328972411866723e-05,0.00045777427854549075,4
1342,10,0.6222222222222222,1.8169802858313775e-06,1.2152972058806706e-05,11
1343,37,0.32882882882882886,3.0177906528304947e-05,2.3824809761895464e-05,7
1344,91,0.6244200244200244,1.638715457069739e-05,0.00031243544636335374,4
1345,97,0.5042955326460481,2.947564922084495e-05,2.178084291898009e-05,7
1346,5,1.0,0.0,1.2646321283186864e-05,4
1347,74,0.5435024065161052,1.0930091362096562e-05,1.9156159598022617e-05,7
1348,37,0.5690690690690691,7.805859346588157e-06,1.2314536857377761e-05,7
1349,42,0.5423925667828107,1.434113108727438e-05,1.543735647329792e-05,11
1350,33,0.5776515151515151,2.616446842911574e-06,1.652634891092809e-05,7
1351,67,0.7476255088195387,1.5817324134705746e-06,0.00027472096637990286,4
1352,234,0.41157697810058325,0.0011558977523885169,0.000777104628770758,4
1353,3,0.6666666666666666,0.0,8.698937891536736e-06,9
1354,5,0.6,0.0,8.900118383890133e-06,7
1355,37,0.6276276276276276,2.079253162524406e-06,1.2949847525401933e-05,7
1356,20,0.5526315789473685,1.7583504524324228e-06,1.092854150745189e-05,11
1357,31,0.3655913978494624,1.0918514645664988e-05,1.8141688905949008e-05,11
1358,77,0.42515379357484623,0.00014997430174056267,3.0259671440211556e-05,11
1359,84,0.5476190476190477,2.1221988161533745e-05,0.00025857369496669786,4
1360,37,0.43243243243243246,0.00023632208074037613,1.2871868167519358e-05,9
1361,137,0.452769428939459,0.0022163322939934412,0.0005596819399929374,4
1362,3,1.0,0.0,8.705662506947979e-06,7
1363,21,0.8714285714285714,2.054262704110944e-07,1.0277882107135562e-05,9
1364,12,0.7424242424242424,2.47770038977006e-07,1.2787710900781857e-05,7
1365,42,0.6492450638792102,9.838645217413605e-07,0.00016129494016465474,4
1366,66,0.35291375291375293,1.5498414919951742e-05,2.316354831756122e-05,7
1367,166,0.5036874771814531,4.4879472284297386e-05,0.0005701744432251094,4
1368,10,0.8444444444444444,0.0,9.337964355383572e-06,9
1369,53,0.2895500725689405,0.0003746258824648571,0.0001429423332725707,4
1370,112,0.6283783783783784,1.3797800523952372e-05,0.00039817273466135895,4
1371,37,0.581081081081081,2.5643397615641118e-05,1.5569528939225444e-05,9
1372,7,1.0,0.0,9.062064021241283e-06,11
1373,73,0.4520547945205479,2.1546849111778722e-05,1.895661694407031e-05,7
1374,42,0.6178861788617886,9.698077835605411e-05,1.973878454447599e-05,11
1375,74,0.6508700481303221,4.211863279959857e-06,0.00025740241687609625,4
1376,182,0.48454860057070004,0.0009727004107340496,0.0006465778512606034,4
1377,190,0.4536897800055695,9.945263846935097e-05,0.0006244520434039743,4
1378,32,0.8548387096774194,3.9817499932694307e-07,1.1221024134457541e-05,9
1379,51,0.7803921568627451,1.359261005008844e-06,1.596760810458992e-05,7
1380,85,0.6700280112044817,5.814411496634243e-06,0.0003170330855039353,4
1381,27,0.8319088319088319,2.4672327477911837e-07,1.2621120161967185e-05,7
1382,41,0.8402439024390244,9.577668697184874e-07,1.4543292259202202e-05,7
1383,4,1.0,0.0,9.59948085697745e-06,4
1384,12,0.3939393939393939,9.66961803499649e-06,1.1770289354967908e-05,9
1385,15,0.38095238095238093,1.4644759291313485e-06,1.2423180426044422e-05,7
1386,1,0.0,0.0,8.488854103835028e-06,4
1387,9,0.5,2.65467898903935e-07,9.698069336874727e-06,0
1388,84,0.580895008605852,1.133267838589764e-05,0.000280856900186841,4
1389,46,0.7478260869565218,1.3417440778184906e-06,0.0001670085889773448,4
1390,193,0.47544257340241797,5.9602065517755436e-05,0.0006555129723061144,4
1391,175,0.4729720853858785,5.545985126091587e-05,0.000597575701783841,4
1392,37,0.6876876876876877,6.000745891129966e-06,1.4189995295220023e-05,7
1393,53,0.5014513788098693,8.344278693874246e-06,0.00016072121565323727,4
1394,2,1.0,0.0,8.558067609062598e-06,9
1395,2,1.0,0.0,9.266915839889094e-06,4
1396,54,0.740041928721174,3.7830990481125607e-06,1.6116117832562402e-05,7
1397,16,0.625,9.327664179207403e-06,1.456364115383019e-05,11
1398,44,0.587737843551797,2.037171942432921e-06,0.00014570284672238055,4
1399,178,0.5084110962991176,5.1324901973806956e-05,0.0006265982851455093,4
1400,22,0.6623376623376623,4.3292493096801274e-07,1.231692491770302e-05,11
1401,12,0.7878787878787878,5.188146812761935e-07,5.138036158678707e-05,4
1402,74,0.6253239540910773,3.097727039550248e-06,0.0002720004669883588,4
1403,9,1.0,0.0,9.072085174111891e-06,9
1404,50,0.6971428571428572,3.962195442967925e-06,1.8636565295023674e-05,7
1405,50,0.28816326530612246,0.003571978314857056,7.899677780777262e-05,4
1406,31,0.7483870967741936,3.007184047610237e-06,1.2895442900315353e-05,7
1407,37,0.551051051051051,2.570967189919346e-06,0.00010807250898662256,4
1408,34,0.3850267379679144,7.863836878789638e-05,1.8459217866543868e-05,11
1409,106,0.465947888589398,2.7479555022719498e-05,0.00033460189917856615,4
1410,21,0.6904761904761905,2.4304775930216397e-05,1.0339072623937145e-05,9
1411,10,0.6666666666666666,0.0,2.8285100737380115e-05,4
1412,22,0.42424242424242425,5.712333869927083e-06,1.1136917740957456e-05,7
1413,60,0.6135593220338983,6.074713477000503e-06,1.6998578027352608e-05,7
1414,8,0.9642857142857143,0.0,9.617724398340801e-06,7
1415,30,0.5632183908045977,7.041723952849785e-06,1.1501302203900732e-05,7
1416,111,0.604095004095004,2.3784054793770044e-05,0.00040133160526878854,4
1417,5,0.7,4.95540077954012e-07,1.4371524309517645e-05,7
1418,21,0.4523809523809524,2.6002522254824045e-06,1.8292981087788576e-05,7
1419,24,0.23550724637681159,0.0014219678924326906,1.7686784613242243e-05,4
1420,148,0.4974259974259974,0.005991834439971941,0.0005077944722722659,4
1421,24,0.6014492753623188,3.267544680169044e-05,1.12784405688683e-05,9
1422,14,0.4835164835164835,2.1849843964575816e-06,2.3583582818656445e-05,11
1423,61,0.5841530054644809,9.823726520149938e-06,2.1879308768563653e-05,7
1424,19,0.6374269005847953,2.0057574583852865e-06,1.2855931010105094e-05,9
1425,34,0.3689839572192513,0.00012045800699806153,1.6826799642661187e-05,11
1426,64,0.625,4.29925569502942e-06,1.7722013837797845e-05,7
1427,66,0.3361305361305361,5.161430798779696e-05,2.972384466698139e-05,11
1428,29,0.49261083743842365,9.47127774908375e-06,1.1460947924678197e-05,7
1429,38,0.4182076813655761,1.5215836817257177e-05,1.9190099070208577e-05,7
1430,2,1.0,0.0,8.626979058525465e-06,11
1431,220,0.43341635533416356,0.00022882967836280901,0.0007220567461628514,4
1432,55,0.6202020202020202,3.959478584005527e-06,1.630520946867712e-05,7
1433,23,0.6877470355731226,1.0248398813516157e-06,1.0778489826473144e-05,9
1434,15,0.5714285714285714,1.998683814914881e-06,2.023640286693156e-05,4
1435,56,0.32142857142857145,0.00010675187121888436,0.00010603377578132147,7
1436,30,0.3080459770114943,9.747562624791398e-06,2.4950199242486072e-05,7
1437,56,0.5025974025974026,3.1268245041376526e-05,0.00017391449734403526,4
1438,34,0.8163992869875223,8.937977630057569e-07,1.3448828454657129e-05,7
1439,21,0.9428571428571428,8.543794447482966e-09,0.00010218948288295226,4
1440,28,0.36507936507936506,0.00015450960646823514,6.906198876192833e-05,4
1441,16,0.6166666666666667,5.007609914734917e-06,1.9240604030279447e-05,4
1442,5,0.8,0.0,1.5629145423665073e-05,4
1443,9,0.8333333333333334,0.0,9.341049592764837e-06,11
1444,32,0.4959677419354839,1.3856487371886124e-05,2.223834221340793e-05,7
1445,9,0.5277777777777778,8.251135583710453e-07,1.0420278403732141e-05,9
1446,36,0.5682539682539682,5.7485122007599136e-05,1.7467261941974032e-05,11
1447,142,0.496753571071821,5.3106926671818906e-05,0.00046621541969899265,4
1448,52,0.6380090497737556,1.0254647917562115e-05,1.635760382065231e-05,7
1449,90,0.5710362047440699,1.0744662979750103e-05,0.0003099230080398152,4
1450,23,0.3201581027667984,0.0004020420686196444,1.3939888857572774e-05,6
1451,31,0.7591397849462366,2.0313591460856397e-06,1.992873297986376e-05,7
1452,34,0.7878787878787878,9.737313045124566e-07,1.1385172361736246e-05,9
1453,28,0.3888888888888889,5.702023572816434e-06,2.0999012741755154e-05,11
1454,52,0.669683257918552,5.633519763978517e-06,1.6031787929172313e-05,7
1455,5,1.0,0.0,9.29173448834522e-06,11
1456,132,0.5604904001850567,1.9013310557760442e-05,0.0004569228370619082,4
1457,62,0.7371760973030143,3.863792884852476e-06,0.00023492040308451534,4
1458,33,0.4166666666666667,0.00014763368719476205,0.00010557816856093142,4
1459,102,0.45680450397980976,3.105959864385902e-05,2.2560155352032766e-05,7
1460,46,0.4579710144927536,4.3158874859644394e-05,0.00012740677004615704,4
1461,8,0.6428571428571429,3.930052506353225e-07,1.1770615013242625e-05,4
1462,84,0.595811818703385,5.1478918956903685e-06,2.0018944565578444e-05,7
1463,10,0.7333333333333333,4.971327266119466e-07,4.299109670465519e-05,4
1464,26,0.5969230769230769,1.6055297930897246e-06,1.3099742243487912e-05,11
1465,108,0.553478712357217,0.02216339144569915,0.006177715076424727,5
1466,1,0.0,0.0,8.488854103835028e-06,4
1467,124,0.535929714135851,5.819757677996649e-05,0.00043203340677270625,4
1468,31,0.8602150537634409,4.915673216354711e-07,1.1130528825417469e-05,9
1469,57,0.36779448621553884,2.3116433042800576e-05,1.4496608131255444e-05,7
1470,71,0.5653923541247485,1.4770683849846817e-05,0.00021718040294439365,4
1471,169,0.4845731191885038,4.651150567858434e-05,0.0005793485712334072,4
1472,90,0.3041198501872659,7.793188961893431e-05,1.921948538663877e-05,7
1473,54,0.2578616352201258,4.551842844463183e-05,3.066541226394996e-05,7
1474,4,0.8333333333333334,0.0,8.710202686074621e-06,7
1475,72,0.5140845070422535,5.385237712931485e-05,1.93599348819089e-05,7
1476,5,0.7,2.006234168416988e-06,9.011331812698776e-06,4
1477,9,0.3888888888888889,9.501179296839866e-07,1.068651867992385e-05,4
1478,17,0.6985294117647058,9.769218679664808e-07,1.0172748308462579e-05,11
1479,84,0.551061388410786,1.353328099369755e-05,2.0512638841662855e-05,7
1480,93,0.44413277232351567,8.602491787764265e-05,0.0002814317057307496,4
1481,17,0.5588235294117647,6.078930814528837e-07,1.0678796065119628e-05,7
1482,49,0.4651360544217687,1.266584173844891e-05,1.4121967157903705e-05,7
1483,96,0.5396929824561404,0.000774535838265146,0.00034806382939407064,4
1484,22,0.5844155844155844,2.5311742027339484e-06,7.572766537468347e-05,4
1485,47,0.5661424606845513,0.00013833591098287256,0.00017686270979194583,4
1486,5,1.0,0.0,9.13172362844979e-06,0
1487,63,0.2805939580133128,7.303485611993911e-05,5.5883621292435454e-05,11
1488,135,0.5253731343283582,3.366672480823933e-05,0.0004608033904298945,4
1489,22,0.7835497835497836,1.4476030816349955e-07,1.1519516328069932e-05,7
1490,9,0.9444444444444444,0.0,1.012801712961346e-05,11
1491,125,0.6193548387096774,1.2222377332214794e-05,0.0004727259558258,4
1492,13,0.5,3.663653625391287e-06,1.3695307338941653e-05,7
1493,26,0.9261538461538461,2.1619483094786878e-07,1.0682151580532726e-05,9
1494,26,0.6184615384615385,9.942208481940923e-05,1.0724623523695298e-05,9
1495,67,0.5291723202170964,1.8138154059145e-05,1.7959324196749472e-05,7
1496,48,0.4450354609929078,9.56404186626892e-06,1.4253282014542096e-05,7
1497,29,0.4088669950738916,7.720986357454891e-06,4.9324159038776524e-05,11
1498,6,0.6666666666666666,3.0558304807164073e-07,1.8244197073069452e-05,4
1499,12,0.6666666666666666,0.0,9.373395294427635e-06,9
1500,29,0.5344827586206896,3.2614648840134336e-06,1.1820217824175801e-05,7
1501,18,0.4444444444444444,0.0,4.2463688302485805e-05,4
1502,70,0.43933747412008284,1.950976153552628e-05,1.837934343244532e-05,7
1503,28,0.6296296296296297,1.429067396842823e-06,1.2282012706680296e-05,7
1504,58,0.4337568058076225,1.9252614508824453e-05,1.5176972862253549e-05,7
1505,59,0.12039742840444184,0.003877780521840691,1.672042508232345e-05,6
1506,8,0.9285714285714286,1.66087608545026e-08,9.933970904051624e-06,11
1507,37,0.527027027027027,8.526061903354414e-06,1.2541976757799795e-05,7
1508,33,0.8390151515151515,1.275008696808771e-06,1.5899710699203218e-05,7
1509,131,0.5201409277745156,0.0005490781326746354,0.00048760479588204017,4
1510,4,0.8333333333333334,0.0,8.845212725228748e-06,7
1511,30,0.5655172413793104,0.00013340797476139147,1.2090732056431241e-05,9
1512,34,0.5668449197860963,3.9245198460953476e-05,1.80156016262481e-05,11
1513,52,0.44720965309200605,0.00031665026861147386,0.00016461639237699588,4
1514,35,0.6201680672268908,1.1254247731665085e-05,1.443962975891577e-05,11
1515,69,0.4880647911338448,2.563070298638796e-05,1.862301481037755e-05,7
1516,159,0.5816415890454582,2.130845275553058e-05,0.0005972880911019404,4
1517,36,0.6730158730158731,7.015592766925128e-07,0.00012535631755448444,4
1518,14,0.3626373626373626,0.0006466937260617838,1.8030183484240952e-05,4
1519,33,0.4090909090909091,1.617037978470215e-05,6.952727874338264e-05,4
1520,117,0.54096669613911,3.0288478664147905e-05,0.00041434948358182194,4
1521,6,1.0,0.0,1.1764720279011378e-05,4
1522,156,0.49421009098428453,0.0005627821582535148,0.0005741620636653653,4
1523,69,0.4416027280477408,0.00016593501092239862,0.00022382188115703929,4
1524,41,0.6902439024390243,4.3067281280272514e-07,0.00015474110365352304,4
1525,57,0.41102756892230574,1.5454047080973904e-05,1.9488475845022003e-05,7
1526,22,0.4935064935064935,1.2824962982466549e-06,1.342288021088615e-05,11
1527,12,0.3787878787878788,5.805567110747287e-06,2.051769447886565e-05,4
1528,70,0.5151138716356107,5.844099785659966e-05,0.0002136844974040978,4
1529,42,0.281068524970964,4.043335637212481e-05,1.7996207361285056e-05,7
1530,105,0.6615384615384615,1.2211428338734264e-05,0.00041809076063577586,4
1531,22,0.22943722943722944,9.309061945438832e-06,1.4825608398404872e-05,7
1532,39,0.728744939271255,2.3718755857535717e-06,0.00014198768446639035,4
1533,35,0.7478991596638656,8.201347038942935e-06,1.1668928422004175e-05,9
1534,33,0.23484848484848486,0.006121953731252122,6.043834881977223e-05,6
1535,64,0.6031746031746031,1.569702910938513e-05,0.00020719105495793825,4
1536,82,0.26287262872628725,0.0007890017948478833,2.4554776100960332e-05,7
1537,19,0.26900584795321636,0.00032811489650464955,2.428164534441608e-05,4
1538,72,0.5582942097026604,8.804784266069922e-06,0.00025538839064281703,4
1539,79,0.6277182732878935,5.131536887524097e-06,0.0003016295599917618,4
1540,69,0.3337595907928389,0.0005388006449321346,0.00019183176213511386,4
1541,33,0.5776515151515151,4.098367122320614e-06,1.203092397964174e-05,7
1542,55,0.7185185185185186,2.925366008289554e-06,0.00019800320110747478,4
1543,33,0.5246212121212122,4.633489210042658e-06,1.4773984061043546e-05,11
1544,15,0.580952380952381,8.455741567879499e-06,2.3245357346784513e-05,4
1545,43,0.29346622369878184,0.0002596886031791608,1.8769540704701586e-05,11
1546,3,1.0,0.0,8.63641498552754e-06,9
1547,122,0.6176669827936594,1.1688087948474614e-05,0.00045711997146977157,4
1548,38,0.6984352773826458,7.312980841081945e-06,1.1899904284983099e-05,9
1549,49,0.30357142857142855,0.0002378100801926546,1.8596744124431e-05,11
1550,38,0.7823613086770982,1.2483045200292458e-06,1.3979528620161991e-05,7
1551,171,0.4875128998968008,6.557909095180664e-05,0.0005847152901429888,4
1552,7,0.42857142857142855,9.468355060907015e-07,9.455739361589842e-06,4
1553,37,0.33933933933933935,0.0012141604954738362,5.866453529777689e-05,9
1554,160,0.5078616352201258,3.637914000868802e-05,0.0005602707291338365,4
1555,35,0.453781512605042,0.000200245337374813,1.252894718402524e-05,9
1556,25,0.79,6.000268755334927e-07,9.379522600531008e-05,4
1557,151,0.5047240618101545,4.146923443084762e-05,0.0005095704820061498,4
1558,2,1.0,0.0,8.716785301003901e-06,4
1559,186,0.48497529787852367,5.5313932611868696e-05,0.0006407607557998,4
1560,1,0.0,0.0,8.488854103835028e-06,4
1561,25,0.31333333333333335,1.04884613322565e-05,3.183785930702788e-05,4
1562,10,0.5111111111111111,0.0,2.0877865171481596e-05,9
1563,112,0.5553410553410554,1.2894266584060434e-05,0.00040294912257111574,4
1564,16,0.6166666666666667,2.5833388744201466e-06,1.9423778972170036e-05,4
1565,44,0.53276955602537,5.768972467057378e-06,1.9644653792642224e-05,11
1566,20,0.46842105263157896,3.779052770311561e-06,1.4677088357919245e-05,11
1567,33,0.5378787878787878,0.00013444954641927146,1.2097934621735176e-05,9
1568,29,0.9236453201970444,1.689748887370336e-07,1.0983561393442402e-05,9
1569,48,0.32269503546099293,1.2739249557296848e-05,2.0067006108509534e-05,7
1570,124,0.4961972200367165,3.3729684225675747e-05,0.00040678558986290565,4
1571,60,0.5101694915254237,1.0316504459781311e-05,0.00018891703113437804,4
1572,43,0.7397563676633444,2.0121682208219924e-06,0.00013759541729274025,4
1573,89,0.4931052093973442,4.406538899693318e-05,2.111708219783301e-05,7
1574,67,0.3835368611488014,0.00022654672965661567,2.7638351832075825e-05,11
1575,20,0.4368421052631579,3.2131145384259866e-06,1.793963940721103e-05,7
1576,66,0.6573426573426573,1.0721204764570203e-05,1.7734254224275647e-05,7
1577,170,0.48771319178559,0.03976928151239563,0.0072034174264695335,5
1578,36,0.6793650793650794,3.1105778687367604e-06,1.3818760713154524e-05,7
1579,5,0.9,0.0,9.23541473953137e-06,9
1580,83,0.6018219218336762,1.1334024118626698e-05,0.0002952884365426141,4
1581,1,0.0,0.0,8.488854103835028e-06,4
1582,41,0.8,2.8899426354787666e-06,1.4372501603614612e-05,7
1583,97,0.485180412371134,2.7796477521882357e-05,2.1767756111513647e-05,7
1584,211,0.415572105619499,0.00027232518973454905,0.0006774035655553994,4
1585,20,0.45263157894736844,1.3212343277359566e-05,2.2948630740303196e-05,4
1586,3,1.0,0.0,8.623299876692273e-06,4
1587,53,0.6923076923076923,1.961152837596928e-06,1.6293180122524485e-05,7
1588,23,0.6363636363636364,2.5011881940376264e-05,1.1003908010826685e-05,9
1589,205,0.47508369201339073,5.644774397244951e-05,0.0007027277890759019,4
1590,88,0.48171368861024033,0.0003657273396537542,0.00030381272135550255,4
1591,95,0.38029115341545355,4.276512046419863e-05,2.1720500478312634e-05,7
1592,25,0.8,2.3498748406591554e-07,1.1960707392059921e-05,7
1593,32,0.39919354838709675,0.0005667025477762199,1.1868539473643336e-05,9
1594,16,0.35,8.06286553236265e-06,3.26354262991366e-05,4
1595,39,0.6558704453441295,3.39461262871023e-06,1.9954638955558828e-05,7
1596,77,0.6127819548872181,8.127403232063637e-06,1.9313785985466236e-05,7
1597,112,0.6037644787644788,1.535407359890485e-05,0.00041372052327884453,4
1598,136,0.5237472766884531,7.736864313937713e-05,0.00046265149592146455,4
1599,11,0.509090909090909,0.0,1.3045889417054386e-05,11
1600,117,0.5281461833185971,2.7714759863429234e-05,0.00039943795380803553,4
1601,32,0.8467741935483871,4.282308834588477e-07,1.1244523883303401e-05,9
1602,12,0.5303030303030303,4.684612657892678e-07,9.892624748289473e-06,11
1603,145,0.5884099616858237,1.7496677844909353e-05,0.0005439011716631349,4
1604,148,0.47205368633940065,0.00010542131259253921,0.0004728932998945843,4
1605,90,0.6102372034956305,1.175904803749524e-05,0.0003180322153866315,4
1606,31,0.6946236559139785,4.745558181813226e-07,1.371671983189863e-05,11
1607,5,0.6,0.0,8.771834740595528e-06,9
1608,117,0.5679339817270852,3.2490445877391665e-05,0.0004280838846438892,4
1609,92,0.5518394648829431,1.9816658440780985e-05,0.0003010835859422062,4
1610,179,0.47555081288054735,4.725077940266485e-05,0.0006074665982431791,4
1611,72,0.5860719874804382,4.572711723203242e-05,2.0547486693123426e-05,7
1612,190,0.4755778334725703,9.483719155731919e-05,0.0006422967480843178,4
1613,182,0.4801165685143586,8.959848843565174e-05,0.0006267952649347615,4
1614,71,0.544466800804829,1.4145449234179745e-05,0.0002506868913742455,4
1615,24,0.6304347826086957,2.5747791251744425e-06,1.1286009868802903e-05,9
1616,50,0.5289795918367347,8.85847199128377e-06,1.8017814946767896e-05,11
1617,117,0.5389036251105217,0.0005125601335791217,0.0004522526988323935,4
1618,24,0.47101449275362317,0.00021970406701903332,0.0001315847724855531,4
1619,114,0.5882626921285514,9.381617009824742e-06,0.0003945278135093,4
1620,128,0.38373523622047245,9.412109501621271e-05,0.0003705029239437061,4
1621,189,0.4819317798041202,0.0009073839143583746,0.0006798505448026656,4
1622,177,0.46334103749357985,9.800780872193984e-05,0.0005955607333024402,4
1623,100,0.6430303030303031,8.728221452486642e-06,0.00037568584365942455,4
1624,35,0.5378151260504201,7.817929201124502e-06,1.2077053797828429e-05,7
1625,25,0.7466666666666667,1.0316893306963094e-06,1.2091380805485848e-05,11
1626,37,0.3588588588588589,0.00015962086284727526,8.439074999547104e-05,4
1627,3,1.0,0.0,8.627991760044027e-06,4
1628,82,0.5492321589882565,2.361188947602758e-05,1.9871298685703293e-05,7
1629,22,0.7878787878787878,6.682184077498288e-07,1.0445076790463164e-05,9
1630,67,0.3437358661239258,7.806226230317796e-05,2.3199783018756353e-05,7
1631,9,0.9722222222222222,0.0,1.0002337987828177e-05,11
1632,79,0.614086335605323,1.2734545576872562e-05,0.00029631693877645254,4
1633,23,0.6047430830039525,2.815088517481041e-06,1.1039738629085704e-05,7
1634,38,0.5149359886201992,5.5813137342120076e-06,1.281821804849659e-05,7
1635,34,0.7201426024955436,2.273959707037396e-06,1.3346576647128316e-05,7
1636,77,0.5850991114149009,2.1280706789370404e-05,1.944954529094105e-05,7
1637,99,0.49783549783549785,4.328145395837898e-05,0.00031764499538983296,4
1638,34,0.696969696969697,1.2999349544748412e-06,1.3615500089720554e-05,7
1639,78,0.5061605061605061,2.589218491232893e-05,0.0002567136997448359,4
1640,8,0.8571428571428571,0.0,9.134162407499207e-06,7
1641,14,0.3516483516483517,4.732032335310849e-06,1.306446279886307e-05,9
1642,29,0.1921182266009852,0.001961580698478291,1.4251288475933641e-05,6
1643,100,0.64,1.0067485393846365e-05,0.00038495579122946896,4
1644,69,0.5694799658994032,1.2371191286802967e-05,0.0002159913315069105,4
1645,56,0.5084415584415585,1.8322748778136657e-05,1.7451402693320864e-05,11
1646,18,0.5032679738562091,0.0,3.1238540579338036e-05,7
1647,50,0.6702040816326531,8.067889922521033e-06,1.5652561534149097e-05,7
1648,25,0.91,1.6946627096536328e-07,1.0590396975419007e-05,9
1649,35,0.5932773109243697,1.4893051099703712e-06,1.3315738735935045e-05,7
1650,21,0.3476190476190476,1.0667041633464867e-05,1.3524773830336616e-05,7
1651,4,1.0,0.0,2.0628910946934794e-05,4
1652,81,0.5817901234567902,5.308099403750847e-06,0.0002836993144388891,4
1653,74,0.6878933728248797,4.226898182895202e-06,0.00027275039083609454,4
1654,7,0.8095238095238095,4.0829866741194384e-07,9.472975538026431e-06,11
1655,56,0.6279220779220779,3.458149371530685e-06,1.622969029971586e-05,7
1656,34,0.23172905525846701,0.0019510962678612141,1.7351632421708068e-05,6
1657,5,1.0,0.0,8.82694049112076e-06,11
1658,19,0.4853801169590643,2.1926912688782036e-06,2.9199557369009307e-05,7
1659,82,0.64257753688648,5.600170501099317e-06,0.00029046522256718707,4
1660,24,0.5253623188405797,4.6812278563072904e-06,1.7696591788369734e-05,11
1661,80,0.4708860759493671,1.670911208351055e-05,2.010152379015313e-05,7
1662,146,0.5343410486537553,2.8379003930862384e-05,0.0005304636500381435,4
1663,235,0.41651209310783777,0.0011839796380055416,0.0007845769994812228,4
1664,6,0.6,7.43310116931018e-07,8.94941979035743e-06,7
1665,127,0.5675540557430321,2.442120462918748e-05,0.0004464705158762026,4
1666,36,0.20317460317460317,0.005768863113147543,5.777859707906276e-05,6
1667,27,0.4188034188034188,5.867106399169642e-06,1.1174261275395086e-05,7
1668,122,0.6221379216908278,1.2847928120163129e-05,0.0004507868011155731,4
1669,137,0.5520609703735508,2.5205798960300605e-05,0.0004906781265724462,4
1670,11,0.2909090909090909,2.518995396266228e-06,1.9289100068153763e-05,4
1671,32,0.3850806451612903,1.159901743261309e-05,1.3385617148401711e-05,11
1672,25,0.5233333333333333,2.2923241255040793e-06,1.0983309941695562e-05,7
1673,40,0.5525641025641026,8.177823188703353e-06,1.568154283586381e-05,11
1674,25,0.2,1.985430979980682e-05,3.663912951985295e-05,4
1675,117,0.5279988211022694,3.0000242339114387e-05,0.000390274768254251,4
1676,16,0.7166666666666667,5.759848958036893e-07,9.801627311224562e-06,9
1677,36,0.5984126984126984,3.75942753352165e-06,1.5223573898963877e-05,11
1678,18,0.27450980392156865,1.645990579491606e-05,3.10021019128894e-05,4
1679,27,0.5612535612535613,2.198308279775748e-06,1.726880788475161e-05,11
1680,61,0.5639344262295082,2.8252080045540047e-05,2.1817182780590408e-05,7
1681,25,0.62,2.5287285452378754e-06,1.1255077432759916e-05,7
1682,38,0.7297297297297297,7.724897299921964e-06,1.416331932194985e-05,7
1683,123,0.533519925363188,6.033177772602096e-05,0.0004283806476667132,4
1685,93,0.5455820476858345,1.4657174873805692e-05,0.00033460770542297714,4
1686,35,0.5008403361344538,6.898951100378357e-06,1.2873981780743236e-05,7
1687,43,0.3997785160575858,0.0009477205701757517,1.854310252250144e-05,9
1688,95,0.41500559910414336,0.0005775981006173527,0.0002638874673880535,4
1689,124,0.5645161290322581,1.4873524818183447e-05,0.00044461806878360916,4
1690,2,1.0,0.0,8.67344306591475e-06,7
1691,60,0.6734463276836158,3.453487796539661e-06,1.7069799362445508e-05,7
1692,50,0.43183673469387757,6.299846443326681e-05,2.2368222248775766e-05,11
1693,3,0.6666666666666666,0.0,8.625668878876563e-06,9
1694,34,0.41532976827094475,1.905184342900715e-05,1.3471379387574125e-05,11
1695,30,0.6873563218390805,1.8994907051077447e-06,1.3057511469112776e-05,11
1696,12,0.4393939393939394,2.3428033685492456e-06,1.3293728609276289e-05,11
1697,8,0.5714285714285714,2.5244325043920417e-05,4.551349670249443e-05,4
1698,19,0.672514619883041,8.437946327383593e-07,1.3699045833022613e-05,9
1699,42,0.413472706155633,1.3416287319803832e-05,1.7262040829786284e-05,7
1700,17,0.625,3.7290294755808593e-07,5.896154168507502e-05,4
1701,7,0.7142857142857143,5.573038214363753e-07,9.489753810245378e-06,9
1702,45,0.31212121212121213,0.00044335550736851156,0.00013793084150039568,4
1703,70,0.33581780538302275,5.116510900543941e-05,2.208157925868982e-05,7
1704,25,0.6233333333333333,5.815829789627333e-07,1.1661212728963114e-05,7
1705,27,0.6609686609686609,2.6909471528673362e-05,1.086520487530077e-05,9
1706,42,0.6039488966318235,4.519047253172336e-06,1.4715091494355346e-05,7
1707,185,0.49412455934195065,7.94835158356567e-05,0.0006383503860088098,4
1708,10,0.7333333333333333,0.0,9.359988818244587e-06,9
1709,62,0.36700158646218933,3.1063808681886325e-05,1.6095972207901757e-05,7
1710,15,0.7047619047619048,2.2351836286937576e-07,4.358572005038623e-05,4
1711,5,0.7,0.0,1.1869584484927e-05,4
1712,105,0.6177655677655678,1.3331466355585e-05,0.00037870919177146787,4
1713,4,0.5,0.0,9.093850569767563e-06,7
1714,187,0.5029038008165143,3.7585812699035225e-05,0.000657450088771652,4
1715,65,0.6158653846153846,4.289204050911082e-06,2.2256098815912357e-05,7
1716,60,0.6225988700564972,9.109225687790642e-06,1.7189226063704805e-05,7
1717,139,0.5139192993431342,1.9768422890903605e-05,0.0004916474709049807,4
1718,155,0.3550062840385421,0.03530278275145576,0.004622433188536407,5
1719,19,0.6374269005847953,7.096090286239524e-06,1.0717149027696602e-05,9
1720,49,0.5433673469387755,2.5970419013722798e-05,1.5804202849744644e-05,7
1721,115,0.6216628527841342,8.31449743585068e-06,0.00043336368495204883,4
1722,56,0.5188311688311689,1.358421824459807e-05,0.0001599613905477321,4
1723,49,0.6471088435374149,2.333362724143636e-06,0.00019265283728523049,4
1724,59,0.6265341905318527,8.959526078011896e-06,0.00017608281425375913,4
1725,52,0.2828054298642534,0.0003383340256956478,1.4182391312375709e-05,7
1726,21,0.2857142857142857,0.0007587944786845764,1.5208569323241643e-05,6
1727,33,0.2935606060606061,6.888479545965646e-05,2.0640286768817025e-05,7
1728,32,0.6875,3.942099676931963e-06,1.2967569110717692e-05,7
1729,80,0.4680379746835443,4.553123754876384e-05,2.0160034148222346e-05,7
1730,226,0.4013765978367748,0.0001558985180921696,0.0007092488996911237,4
1731,8,0.8571428571428571,0.0,1.2678893715729451e-05,11
1732,48,0.6569148936170213,9.179734612747702e-06,1.51780901651146e-05,7
1733,38,0.7368421052631579,2.836407192230473e-06,1.1868189606929162e-05,9
1734,49,0.6488095238095238,2.076312974045946e-06,0.0001868971125058969,4
1735,109,0.6211348963642541,9.41436080284551e-06,0.000407835814686854,4
1736,156,0.5339123242349049,5.18961893054473e-05,0.0005586989435780266,4
1737,79,0.694579681921454,3.7317403754339128e-06,0.0002982659446840173,4
1738,27,0.5356125356125356,4.887278108164453e-05,1.3301151152362208e-05,7
1739,14,0.5714285714285714,1.0856708855734216e-06,9.944682682941741e-06,7
1740,37,0.5900900900900901,4.920701080824821e-05,1.8870790285697276e-05,11
1741,104,0.5351008215085885,2.0571822713167916e-05,0.0003719862636916022,4
1742,79,0.5173644920480364,1.4411050626652238e-05,1.9713380920447792e-05,7
1743,26,0.4369230769230769,1.5169629324220848e-06,1.1771932648639719e-05,11
1744,37,0.5885885885885885,2.088369448662718e-05,1.489082562122795e-05,11
1745,19,0.4678362573099415,8.876928083240138e-05,1.6300082336711417e-05,7
1746,202,0.47283385054923405,6.855466061420679e-05,0.0006849555491174585,4
1747,22,0.8051948051948052,9.591410321943598e-07,1.0368844118778346e-05,9
1748,13,0.8205128205128205,1.59280739342361e-07,9.679730557971499e-06,7
1749,13,0.4358974358974359,1.0757648431429186e-07,9.624822851814612e-06,7
1750,126,0.5977142857142858,1.3686570130130846e-05,0.00046115499692153385,4
1751,50,0.7314285714285714,2.341534539473439e-06,1.552079900186817e-05,7
1752,115,0.6016781083142639,1.0410091654480182e-05,0.0004187393682510151,4
1753,82,0.6446853357422463,7.587938950500524e-07,0.0003061399727793485,4
1754,57,0.4849624060150376,6.5044317949478085e-06,0.00018203786757866434,4
1755,2,1.0,0.0,8.638148019445831e-06,7
1756,16,0.7583333333333333,1.3662369299740481e-07,9.967984656144001e-06,7
1757,131,0.5554903112155021,1.9551938351789282e-05,0.00047935147064554634,4
1758,27,0.1794871794871795,0.001264320222433269,1.8238361558306512e-05,6
1759,6,0.8,0.0,8.89556374817087e-06,7
1760,3,0.6666666666666666,0.0,8.72908627807976e-06,9
1761,121,0.5132231404958678,0.00013304133796742017,0.0004152640712377979,4
1762,4,1.0,0.0,8.941378674522972e-06,11
1763,32,0.6451612903225806,1.646710939836145e-06,1.3510569056020395e-05,11
1764,25,0.74,4.6433887279085896e-07,1.217876667235092e-05,7
1765,66,0.5351981351981352,1.7791236795758884e-05,0.00020237890400052013,4
1766,40,0.6064102564102564,4.306838318126778e-06,1.4995147510587468e-05,11
1767,36,0.5317460317460317,1.587315177152219e-05,1.4694968810494487e-05,11
1768,209,0.41010305483989695,0.00012637401870532478,0.0006560257467330405,4
1769,25,0.5633333333333334,8.865698659608953e-05,9.680070966120198e-05,4
1770,47,0.42645698427382056,1.2125611078743567e-05,1.3813894952443774e-05,7
1771,20,0.7947368421052632,9.641334160925795e-08,6.72220331140315e-05,4
1772,61,0.6480874316939891,5.904917648818727e-06,0.0002191013005858984,4
1773,23,0.7549407114624506,2.8799606665208525e-07,1.202473133670698e-05,11
1774,40,0.45,1.2790314258534063e-05,0.00011252273643402088,4
1775,8,0.9642857142857143,1.0323751624041916e-08,2.7847099574754044e-05,4
1776,5,1.0,0.0,8.82694049112076e-06,11
1777,5,0.9,2.4904821774950643e-07,1.66346117502347e-05,11
1778,38,0.43385490753911804,7.360721686327456e-05,1.9380041168355648e-05,11
1779,22,0.42857142857142855,1.7367938488775593e-05,2.859918862647217e-05,4
1780,20,0.4052631578947368,7.066013834265694e-05,6.581513070516455e-05,4
1781,26,0.38153846153846155,5.825991714997966e-06,1.1963263788587986e-05,7
1782,67,0.5355042966983266,0.00033017535090279146,0.0002551875317162828,4
1783,121,0.2716253443526171,0.00020283826719718728,2.4418293219087112e-05,7
1784,17,0.8014705882352942,1.4425038294065028e-07,9.932386201147887e-06,9
1785,30,0.3425287356321839,1.2991634323891009e-05,1.1853145484520586e-05,7
1786,97,0.43921821305841924,4.1778494606206386e-05,2.2236820495140795e-05,7
1787,38,0.635846372688478,1.0903878318477021e-05,1.207606637521004e-05,9
1788,10,0.8666666666666667,5.203170818517126e-07,9.358363259287441e-06,9
1789,104,0.5759895444361464,0.00042918893124944664,0.0003727598041815694,4
1790,38,0.38975817923186346,3.831019042608362e-05,1.446988453113026e-05,11
1791,131,0.514856136230182,3.686566207040979e-05,0.00046127559720885217,4
1792,6,0.6,2.7874129384913173e-07,9.55191410766811e-06,4
1793,145,0.5279693486590038,2.388574944262787e-05,0.0005238839873483134,4
1794,57,0.23934837092731828,6.551201888549425e-05,2.342772976271493e-05,7
1795,89,0.5944841675178754,5.788149815372746e-06,0.00031976223017633596,4
1796,71,0.6285714285714286,4.953893191408577e-06,0.0002700125581378846,4
1797,5,0.6,5.115252417589801e-07,1.6386116593607777e-05,4
1798,34,0.8021390374331551,7.07267141640095e-07,1.139467211792717e-05,9
1799,152,0.546270477518299,2.3847413063766175e-05,0.0005442357553918678,4
1800,245,0.4020408163265306,0.00022326836557661498,0.0007746337012030483,4
1801,23,0.6600790513833992,1.5743369389174087e-06,1.1824475796061638e-05,11
1802,12,0.8939393939393939,2.154522078060922e-08,9.462783652867999e-06,9
1803,25,0.5433333333333333,2.351817557317443e-05,1.0966461785422787e-05,9
1804,195,0.4734337827121332,6.118013248423453e-05,0.0006656122735595623,4
1805,22,0.4155844155844156,4.2591419990621654e-06,4.343897481031658e-05,4
1806,32,0.4495967741935484,0.00029545476389628873,1.3516526690153783e-05,9
1807,51,0.37333333333333335,6.997819170336285e-06,2.9891918618560016e-05,7
1808,14,0.27472527472527475,7.644272692494259e-05,1.7175742197841855e-05,11
1809,113,0.5910240202275601,1.7446737828633275e-05,0.0003862437745747736,4
1810,102,0.6004659289458357,1.2756738966349837e-05,0.00037443497039943766,4
1811,63,0.6523297491039427,6.619755413443019e-06,0.0002224968268480239,4
1812,44,0.7315010570824524,2.4219639786390714e-06,1.516982003191092e-05,7
1813,156,0.42555831265508687,0.00011291300894204565,0.0004957387006052458,4
1814,10,0.6,4.1295006496167666e-07,1.3105528909322488e-05,11
1815,24,0.6485507246376812,8.858626106719598e-07,1.101841202398773e-05,7
1816,131,0.573458602466236,1.4576484348920504e-05,0.0004799523074993897,4
1817,15,0.6,1.0988047640383106e-05,4.5026136961363724e-05,4
1818,30,0.4298850574712644,5.781300909463473e-07,3.610598670199723e-05,7
1819,88,0.6013584117032393,1.0453342975983676e-05,0.0003047480483146998,4
1820,67,0.5789235639981909,1.3087159910225573e-05,1.766834218833543e-05,7
1821,27,0.7777777777777778,1.3951804574283376e-07,0.0001107042869085666,4
1822,12,0.8939393939393939,9.177736124080506e-07,1.036691005766267e-05,4
1823,127,0.6011748531433571,1.4852282363897695e-05,0.00048250885397986196,4
1824,58,0.6346037507562009,6.0322837780372305e-06,1.6921822671976348e-05,7
1825,29,0.5443349753694581,0.00022677144813998577,1.1968511143325861e-05,9
1826,102,0.602019025431955,1.3086345291419214e-05,0.0003771284335421351,4
1827,201,0.4444278606965174,0.00010934700024840315,0.0006534189755020068,4
1828,56,0.4974025974025974,3.2598529861923464e-05,1.642939230063675e-05,7
1829,16,0.6083333333333333,4.245217426062071e-07,1.3196186716192738e-05,11
1830,16,0.4083333333333333,4.188511534442332e-06,1.529149352559354e-05,7
1831,42,0.26248548199767713,4.089824921672033e-05,1.4758200123618496e-05,11
1832,46,0.7227053140096619,2.577519528264917e-06,0.0001481672281107709,4
1833,191,0.5007440066133921,4.248429437177307e-05,0.000669650306292362,4
1834,1,0.0,0.0,8.488854103835028e-06,4
1835,182,0.4595956529658187,0.0008638233765678162,0.0006256244040138335,4
1836,25,0.6333333333333333,7.527147948547015e-05,9.98020367089477e-05,4
1837,38,0.7297297297297297,6.331305488770419e-06,1.177435854686315e-05,9
1838,6,0.6,0.0,8.884569356065512e-06,9
1839,165,0.5086474501108648,2.5382331269085475e-05,0.0005732457609946526,4
1840,10,0.5777777777777777,5.781300909463473e-07,9.278688645793323e-06,7
1841,49,0.6981292517006803,3.049343440320092e-06,1.547759079930536e-05,7
1842,119,0.5546218487394958,2.3379318326117057e-05,0.0004227322795152052,4
1843,40,0.5153846153846153,1.629107455163728e-05,0.00013804872973759638,4
1844,70,0.3391304347826087,5.005156985623355e-05,3.1809107649207074e-05,11
1845,101,0.42237623762376236,3.159192249494265e-05,0.0003104312298226137,4
1846,38,0.4310099573257468,0.0002520639281451668,0.0001153427249762855,4
1847,26,0.4,0.0006384986172010949,1.1473225920172207e-05,7
1848,36,0.8380952380952381,7.371665197204273e-07,1.3927990173017867e-05,7
1849,119,0.613160518444666,8.519166546175916e-06,0.0004579282390437294,4
1850,29,0.5197044334975369,8.88312673119929e-06,1.2290753903524938e-05,7
1851,42,0.4692218350754936,1.0755710701629447e-05,0.0001134630056262416,4
1852,22,0.329004329004329,7.509409514276488e-05,5.617763334071933e-05,4
1853,12,0.8484848484848485,7.090573015998302e-08,1.099449138040862e-05,11
1854,2,1.0,0.0,8.61710898048428e-06,4
1855,6,0.5333333333333333,7.978233057764793e-07,9.104212084336766e-06,7
1856,4,1.0,0.0,1.2467085401506883e-05,4
1857,73,0.5909436834094368,6.6847306328802365e-06,1.8627552060463797e-05,7
1858,29,0.37192118226600984,2.2918930017784602e-05,3.6078025964159766e-05,4
1859,46,0.7256038647342995,5.717083483304675e-06,1.53537997689603e-05,7
1860,17,0.22058823529411764,9.974661543252004e-06,2.9085450634233017e-05,4
1861,99,0.47557204700061845,3.920781070261302e-05,0.00030387513098059264,4
1862,54,0.6589797344514325,3.1386258904804324e-06,1.6075832312145587e-05,7
1863,49,0.3758503401360544,0.0001880655985087688,0.0001395229916678443,4
1864,107,0.4930347381414213,2.743877749655343e-05,0.0003581116106078672,4
1865,8,0.8928571428571429,1.1584053770353527e-07,1.1842871078702736e-05,4
1866,31,0.4752688172043011,9.48051135531772e-05,1.2415917830011724e-05,9
1867,123,0.5413834466213514,2.1924011821272275e-05,0.00042251452323245034,4
1868,121,0.5632231404958677,2.4455827813274318e-05,0.0004129120707944753,4
1869,15,0.7142857142857143,4.822845596350041e-07,1.0036781940997766e-05,7
1870,23,0.6521739130434783,1.4491335721878603e-06,1.3560525914626481e-05,11
1871,82,0.4995483288166215,2.3308780674445978e-05,2.0250002463248366e-05,7
1872,50,0.5942857142857143,1.006063193341596e-05,1.5646506578543767e-05,7
1873,41,0.8060975609756098,6.987382400051976e-07,1.4784683516939875e-05,7
1874,14,0.5824175824175825,9.932234742087657e-05,4.847316301689124e-05,4
1875,28,0.5079365079365079,6.211115936421716e-06,1.2559711385686562e-05,7
1876,56,0.39675324675324675,1.6379230970500145e-05,1.5227201568932307e-05,7
1877,64,0.6691468253968254,4.009865802592794e-06,0.00022616868082962708,4
1878,35,0.5697478991596638,1.9748979228784755e-06,1.3623185822393437e-05,11
1879,150,0.5690380313199105,3.693297411026056e-05,0.0005537501997758419,4
1880,32,0.8306451612903226,5.434472953083779e-07,1.1235268805966989e-05,9
1881,53,0.28664731494920176,3.3341957979763155e-05,5.2605272192907227e-05,11
1882,51,0.5286274509803922,7.574692920797379e-06,1.8204273353398247e-05,11
1883,18,0.37254901960784315,8.01116466063446e-05,6.606417360469802e-05,4
1884,32,0.8306451612903226,5.010949223670109e-07,1.3258127850883098e-05,7
1885,28,0.5185185185185185,3.1252291837807334e-06,4.864999327969656e-05,7
1886,105,0.5811355311355312,2.026885559958157e-05,0.000384543586652455,4
1887,11,0.8181818181818182,5.079285799028624e-08,1.0051669217398774e-05,7
1888,254,0.3996763250443497,0.00015026280732580622,0.0008038183316641178,4
1889,15,0.4666666666666667,0.0,9.658307246195418e-06,9
1890,6,0.4666666666666667,0.0,9.317697693760032e-06,4
1891,71,0.6519114688128773,5.318041677086441e-06,0.00026057374955863326,4
1892,12,0.9696969696969697,0.0,9.469013125514666e-06,9
1893,83,0.46076990890390834,3.6167406513648015e-05,2.0518274781462645e-05,7
1894,63,0.5381464413722479,1.826450760145087e-05,2.570712474218375e-05,7
1895,37,0.7357357357357357,1.8636515190410485e-06,1.1714547535884474e-05,9
1896,9,0.3888888888888889,1.2801452013811979e-06,9.222544304109066e-06,9
1897,36,0.3492063492063492,2.8819998437307366e-05,2.7172416524245847e-05,7
1898,101,0.5956435643564356,1.8545455404861136e-05,0.0003405767726544408,4
1899,79,0.5420318078545927,3.138067194202412e-05,1.971905882196761e-05,7
1900,26,0.6276923076923077,9.079795733520406e-07,7.723151526854579e-05,4
1901,14,0.3516483516483517,9.341984863143586e-06,1.3928784298880474e-05,11
1902,130,0.5348837209302325,3.830108615625452e-05,0.00046443165868269195,4
1903,40,0.7153846153846154,2.088573176958976e-06,1.4313497310053256e-05,7
1904,30,0.5563218390804597,3.5728322871086792e-06,1.1563214491717047e-05,7
1905,11,0.9454545454545454,5.5060008661556886e-08,1.54982607518495e-05,4
1906,22,0.6320346320346321,1.2125500225088629e-06,1.1010952580557834e-05,7
1907,30,0.7195402298850575,2.028998011469383e-06,1.7601402053664287e-05,7
1908,10,0.37777777777777777,7.144036123837005e-07,1.0291983791538238e-05,9
1909,41,0.2780487804878049,0.0002922242290738871,0.00010542572578544132,4
1910,31,0.36774193548387096,4.527082316556427e-06,1.3082916107194805e-05,11
1911,39,0.31309041835357626,0.00019110963861694187,8.39828298419185e-05,4
1926,134,0.48726293345303556,0.0003996825884069784,0.005585520713645206,5
1932,95,0.7554311310190369,3.746563075728027e-05,0.005158229551286178,5
1939,79,0.638104511522233,0.00013934584326134156,0.003219506759452709,5
1945,146,0.5971658006613132,0.00015895892777125132,0.006412944412178117,5
1951,64,0.6279761904761905,0.0001023442945960807,0.00096867040099284,13
1955,92,0.6858576206402294,5.2032173063731815e-05,0.004366241924174701,5
1972,70,0.5151138716356107,0.00010642471903173283,0.0011722584264843257,13
1973,65,0.5379807692307692,0.00012319509625242296,0.0011425936437452434,13
1976,39,0.5721997300944669,4.2399870997948785e-05,0.0009045570082430957,13
1991,49,0.6921768707482994,7.948951631594358e-05,0.0008729196314912557,13
1995,63,0.593958013312852,8.388567215386067e-05,0.0009800458007120955,13
1998,54,0.6212438853948288,6.501593375031527e-05,0.0009022255719245823,13
2001,60,0.632768361581921,8.425872732305797e-05,0.0009740375664799284,13
2004,50,0.6326530612244898,7.235076319067927e-05,0.0009161800923785167,13
2007,171,0.41630546955624353,0.0019040642204149914,0.015252932380790118,5
2009,45,0.5787878787878787,4.7995642551222106e-05,0.0009512503777136819,13
2018,55,0.5872053872053872,6.313607477767911e-05,0.0009636691362606094,13
2024,53,0.6574746008708273,8.865972225645685e-05,0.0009317544464722205,13
2027,44,0.7019027484143763,6.033685516659042e-05,0.0008704572042898909,13
2032,147,0.5849408256453267,0.00018148349580294544,0.006404433018682264,5
2038,123,0.47580967612954816,0.0005255780943210513,0.004359633881988074,5
2039,112,0.6854890604890604,8.402799720004574e-05,0.0055772477732457994,5
2042,96,0.687061403508772,0.00010267235120871253,0.00498289749220092,5
2054,163,0.5296523517382413,0.0004474170292858442,0.006733822752591993,5
2068,141,0.569098277608916,0.00017985478807747954,0.006169354872447754,5
2071,123,0.6544049047047847,0.00021524611788647645,0.006467111212956583,5
2072,129,0.5687984496124031,0.0003162244901100412,0.00569870896127054,5
2081,172,0.49224806201550386,0.0005296623737670707,0.008500995582786823,5
2102,132,0.5820032384917881,0.00020332813535170713,0.00589510563407184,5
2111,184,0.4844381088144452,0.0005782510616459838,0.007160345509489581,5
2116,65,0.4168269230769231,0.000104141718897701,0.0016972174113198658,13
2117,142,0.43342323444211367,0.0005175044795420705,0.005696551667931648,5
2127,112,0.6309523809523809,9.23031405518725e-05,0.004980237001680142,5
2128,92,0.49402771141901575,0.00015768099268107162,0.005916200537091995,5
2133,159,0.4239312156675424,0.0008335494922488442,0.005507988618097183,5
2135,88,0.7199582027168234,4.659648849092377e-05,0.004557370876125849,5
2138,138,0.6070030678091611,0.00017769581079275933,0.006369757881282572,5
2143,102,0.5200931857891672,0.0007382282298254231,0.004431575956995293,5
2153,139,0.6275675112084246,0.00013572229765832603,0.007205398475447435,5
2157,39,0.6909581646423751,2.7652236695359607e-05,0.0008554734522347458,13
2171,66,0.6074592074592075,9.429596583528598e-05,0.0009967662560090163,13
2174,120,0.5862745098039216,0.0002449637256615273,0.004281741776856971,5
2180,114,0.6534699580810434,7.32529862758702e-05,0.0055749224903460575,5
2183,134,0.6125014027606329,9.833889402559275e-05,0.006564841360099644,5
2187,148,0.6114175399889685,0.00011726842288317588,0.006579939522484408,5
2189,113,0.4683944374209861,0.0010355116581027533,0.012001808450565097,5
2199,175,0.48400656814449916,0.0005982416487096028,0.007241184877642135,5
2203,100,0.6107070707070708,8.016449934847492e-05,0.003743759500510479,5
2223,116,0.5980509745127436,0.00018192354036669116,0.006004515743334287,5
2224,129,0.6339631782945736,8.789694113725514e-05,0.006029903495814571,5
2225,42,0.6933797909407665,0.00012034325027305592,0.0008547962897109963,13
2247,122,0.5691640699092264,0.00017996960587756273,0.005492781572003797,5
2250,109,0.6055045871559633,0.00010510199144777636,0.004899313169670953,5
2254,90,0.6441947565543071,8.291403825136716e-05,0.0034799337357654496,5
2264,75,0.5427027027027027,7.588321086526576e-05,0.0035365442455516007,5
2267,83,0.5956508962679988,6.896313499648033e-05,0.003255247606435472,5
2268,130,0.4338700059630292,0.0008300749572365497,0.004590126330835639,5
2279,129,0.6197916666666666,0.00011221654585875286,0.006948995031707419,5
2283,161,0.5120341614906833,0.0009141679929283932,0.0070781338851235625,5
2284,56,0.6584415584415585,0.0001301111015027589,0.0009095454565284451,13
2289,160,0.44355345911949684,0.0009843854782661467,0.005873952838735442,5
2292,142,0.5493956647687543,0.00037979017862173873,0.008084339591458474,5
2302,123,0.5769692123150739,0.0003988808614976074,0.00717613831287092,5
2319,122,0.620647608725105,0.00011555127744278337,0.00632108848546784,5
2327,125,0.5308387096774193,0.0004280239524857243,0.005354221609389602,5
2336,150,0.5421923937360179,0.00020498802419146504,0.007898208104109863,5
2337,35,0.7546218487394958,2.801878882835156e-05,0.0007995964053537166,13
2364,65,0.6197115384615385,0.00014056466665162746,0.0009780811359696713,13
2378,50,0.6571428571428571,5.5439239664529436e-05,0.0009157178866225905,13
2384,188,0.44612583911707815,0.000551620757468829,0.008085321200553944,5
2398,108,0.6137071651090342,0.00019988809836828632,0.006744568460232456,5
2417,70,0.525879917184265,0.00014463363568746195,0.0030202881276965355,5
2436,94,0.6961793639899336,4.235452308923083e-05,0.00496889432936394,5
2445,70,0.7420289855072464,6.703079268644751e-05,0.003397361867108302,5
2447,49,0.6471088435374149,6.87130963240507e-05,0.0009094600196835063,13
2451,109,0.6219843696907917,0.00021390518116563644,0.005758575625307412,5
2458,99,0.6402803545660688,0.00010426033291505049,0.0045617739012556524,5
2459,46,0.5217391304347826,6.609705867174777e-05,0.0009539994743230042,13
2461,124,0.6367689483346446,0.00011063496555747645,0.005317879046941647,5
2463,126,0.6642539682539682,6.554134233348659e-05,0.005613290616385759,5
2471,132,0.6377515614156836,0.00012864649667303086,0.0061082950449102445,5
2472,77,0.5663021189336979,0.00016256749483004127,0.004146607193297022,5
2475,97,0.6844931271477663,8.981108782404446e-05,0.004504344769036327,5
2491,121,0.6141873278236915,0.00014195675125520832,0.0057939034800341925,5
2494,39,0.6693657219973009,3.77097355101755e-05,0.0008119445106389562,13
2498,94,0.621368107984443,0.0003062205666055156,0.003523392498190153,5
2502,43,0.5526024363233666,0.0001158230623930839,0.0022073468665698946,5
2508,98,0.7052387965495477,9.341319247744534e-05,0.0051261973813127295,5
2510,138,0.5961070559610706,0.00020230521897876178,0.006644333193918084,5
2511,140,0.5707091469681398,0.00030217276039927904,0.006509289617551021,5
2529,36,0.5444444444444444,8.180222353522662e-05,0.0015286298478035822,5
2533,99,0.6953205524634096,0.00014487690111132705,0.006012326906373031,5
2538,56,0.6279220779220779,7.759334175052127e-05,0.0009626201365940073,13
2543,294,0.35991734577790163,0.006315049517592406,0.07288781169594227,14
2547,54,0.6743535988819007,5.606789709546288e-05,0.0036268965439760895,5
2571,30,0.5103448275862069,3.7369922402173706e-05,0.0015939993149640616,5
2583,46,0.6898550724637681,6.181800028722197e-05,0.000882379280873233,13
2589,79,0.7341772151898734,4.995949810254619e-05,0.003240251294199856,5
2598,164,0.5594044590752656,0.0002009238762413288,0.006943417417671331,5
2617,114,0.6092221704704238,0.0002314345507920222,0.004466325666348728,5
2629,127,0.6260467441569804,0.0001343460127985215,0.006418176969495548,5
2635,20,0.6631578947368421,2.2892282117269674e-05,0.0011345754908449375,5
2636,38,0.7596017069701281,4.415454048258468e-05,0.0008169508234402942,13
2640,56,0.6298701298701299,8.61266024480936e-05,0.0009641295484214249,13
2643,100,0.7276767676767677,5.580699278045111e-05,0.005219737763108157,5
2647,48,0.6976950354609929,8.077280247643801e-05,0.0008639761765122924,13
2649,122,0.6377184663324753,0.00010870677067247377,0.005266076967051863,5
2653,72,0.7730829420970265,2.671920667650154e-05,0.0036375488129887284,5
2660,38,0.7652916073968705,6.015124454712229e-05,0.0008409954659707054,13
2704,2,1.0,0.0,2.34060132956414e-07,0
2740,2,1.0,0.0,2.34060132956414e-07,0
427,9,0.5277777777777778,3.781167043512063e-05,8.077367206922891e-06,11
464,5,0.6,1.0336730054654995e-05,2.428826345159666e-07,11
549,7,0.5238095238095238,2.0227082287744223e-05,7.919404530637227e-06,11
351,5,0.8,4.140316008461002e-06,1.912674325966426e-07,11
364,9,0.8055555555555556,5.368350844501797e-07,1.9686019210081938e-07,11
393,7,1.0,0.0,1.9413194873963902e-07,11
399,8,0.9285714285714286,2.47770038977006e-07,1.9550132246887416e-07,11
441,8,0.9285714285714286,2.47770038977006e-07,1.9550132246887416e-07,11
476,6,1.0,0.0,1.9272285676059112e-07,11
501,8,0.9285714285714286,2.47770038977006e-07,1.9550132246887416e-07,11
564,9,0.7222222222222222,4.511971066926512e-06,1.9681527387200397e-07,11
349,5,0.9,0.0,3.3283293492696025e-07,11
350,21,0.3952380952380952,3.5235333503985134e-05,4.999293537186502e-06,11
352,23,0.7707509881422925,1.5268143925061196e-06,1.79528363117464e-06,11
354,26,0.64,1.367541427570077e-06,9.41755147478646e-07,11
355,39,0.4777327935222672,6.064252962120243e-06,1.670236927985441e-06,11
356,3,0.6666666666666666,0.0,1.8735814392274763e-07,11
357,18,0.7712418300653595,2.3364182374549092e-05,4.422265274962704e-06,11
358,1,0.0,0.0,1.8352705339909017e-07,11
359,26,0.5415384615384615,9.301218352056144e-06,9.868090538936055e-07,11
360,43,0.5282392026578073,0.00026133143149225,6.37609494424859e-06,11
361,23,0.6324110671936759,1.8673937741018387e-06,9.008499060184702e-07,11
362,19,0.5497076023391813,2.74286237014424e-06,9.094494289622042e-07,11
365,6,0.7333333333333333,0.0,5.088302197324097e-07,11
367,32,0.4737903225806452,2.832311756327881e-05,2.0956933458331806e-06,11
368,34,0.5882352941176471,7.4408459279659905e-06,3.317661957061299e-06,11
369,26,0.46153846153846156,3.316503828859964e-05,4.739663181357249e-06,11
370,71,0.4688128772635815,0.00022096580910341095,1.279947209684503e-05,11
371,5,0.7,0.0,3.4831166116601593e-07,11
372,17,0.4264705882352941,5.503319607968237e-07,6.172992550101732e-07,11
373,94,0.383893845801876,0.0014791940327605173,1.4705341470356864e-05,11
374,68,0.49824407374890256,0.00032351272941029516,1.0196767018960136e-05,11
375,17,0.9264705882352942,4.401847674870289e-07,2.4344858014718382e-06,11
377,2,1.0,0.0,1.851268333939081e-07,11
378,62,0.526176626123744,9.45133916862581e-05,1.331356579163174e-05,11
379,2,1.0,0.0,1.8499575642916408e-07,11
380,11,0.9454545454545454,7.669072635002567e-08,4.3558963143902907e-07,11
381,12,0.9393939393939394,0.0,4.991859057889867e-07,11
382,12,0.8181818181818182,0.0,4.0547512630793295e-07,11
383,3,0.6666666666666666,0.0,2.2697713681286422e-07,11
384,4,0.8333333333333334,0.0,2.1887653309160487e-07,11
385,9,0.6944444444444444,3.465400358285066e-05,1.0522670995304227e-06,11
386,3,0.6666666666666666,0.0,1.8631935175104333e-07,11
387,36,0.680952380952381,0.00011526082528709031,6.497908879919028e-06,11
388,38,0.5633001422475107,5.639439733187744e-05,3.242791160612886e-06,11
390,6,0.8,9.832091464587611e-08,6.856516885067485e-07,11
391,61,0.5251366120218579,0.00047307640910641,1.290090390407606e-05,11
392,40,0.6192307692307693,0.0005383450314908738,9.065565501122716e-06,11
394,36,0.5253968253968254,2.907727093114162e-05,3.2304733087703574e-06,11
395,77,0.41626794258373206,0.0004937406450200017,9.293408505361034e-06,11
396,27,0.6096866096866097,2.7663018937431427e-06,9.62587023929499e-07,11
397,47,0.3191489361702128,0.00011943794580657205,6.4045413941802015e-06,11
398,33,0.6628787878787878,4.474607205084487e-06,3.3235169793742843e-06,11
400,73,0.4874429223744292,0.0003144816693620508,1.0447408395422864e-05,11
401,2,1.0,0.0,1.8486127073970678e-07,11
402,57,0.5238095238095238,0.0001401543453379816,1.1768499645054915e-05,11
403,20,0.6684210526315789,2.6572642910280804e-07,7.943906990998707e-07,11
404,51,0.4894117647058824,6.667369093442151e-05,8.519038025414312e-06,11
405,11,0.4727272727272727,0.00010059366479376162,8.135851055673245e-06,11
406,4,0.6666666666666666,0.0,2.2885081454869905e-07,11
407,15,0.5333333333333333,1.2033660734310342e-05,4.376069656223831e-06,11
408,55,0.5212121212121212,0.0001381156273257663,8.902614872336327e-06,11
409,34,0.6345811051693404,3.3543584888443074e-06,3.3753862993569277e-06,11
410,15,0.6761904761904762,6.51478665783387e-07,7.883237290685364e-07,11
411,3,0.6666666666666666,2.47770038977006e-07,1.868810017054133e-07,11
412,99,0.33044733044733043,0.0006828114199830256,1.1534877479600064e-05,11
413,17,0.6764705882352942,2.4872919718252723e-06,1.1178213363949785e-06,11
415,26,0.5292307692307693,0.00011566249498475654,8.80835833662785e-06,11
416,21,0.5761904761904761,4.314995662228334e-05,5.308128405939629e-06,11
417,62,0.5901639344262295,9.589198597100464e-05,9.012151148875631e-06,11
418,23,0.5019762845849802,2.6428816085503363e-06,1.390749070165701e-06,11
419,57,0.36278195488721804,0.0005154968317559727,8.943168658751831e-06,11
421,25,0.4666666666666667,2.0188267671415984e-05,5.076005896469173e-06,11
422,60,0.22542372881355932,0.00023988731215991517,2.4777972260610475e-06,11
423,57,0.5006265664160401,0.0002876523213736991,8.76028292890037e-06,11
424,17,0.8088235294117647,1.2173982434584496e-07,5.880675836784212e-07,11
425,19,0.5614035087719298,1.3913935146582711e-06,8.743523424291998e-06,11
426,18,0.5555555555555556,3.5357414793937967e-07,5.006884710897813e-06,11
429,10,0.8444444444444444,2.817590058623132e-07,3.083795359824482e-07,11
430,38,0.5704125177809388,3.6430103388430936e-05,1.1958818322021356e-05,11
431,71,0.5022132796780684,0.00012548853141525456,1.3625876644995417e-05,11
432,55,0.4808080808080808,6.055928121065063e-05,1.1694468673939078e-05,11
433,10,0.7777777777777778,7.165666841525468e-06,4.197904242538871e-06,11
434,33,0.5625,4.889653383761521e-05,1.0361671760423771e-05,11
435,10,0.6,1.0979889045487161e-05,4.256134754989524e-06,11
436,60,0.5141242937853108,0.00042622349202253165,1.3206146951216187e-05,11
437,10,0.37777777777777777,9.910801559080238e-07,2.4427078179336883e-07,11
438,71,0.48772635814889337,0.00013718344642328186,1.317240411553169e-05,11
439,43,0.5227021040974529,7.8316350692629e-05,7.1823336671960924e-06,11
440,14,0.6593406593406593,6.87569932177625e-07,1.3824431171065156e-06,11
442,12,0.6666666666666666,1.0353437672812231e-07,4.831121881888271e-06,11
443,2,1.0,0.0,1.8488701487491828e-07,11
444,47,0.4727104532839963,4.4150648527327234e-05,7.27461037337123e-06,11
445,27,0.5156695156695157,3.2132966672212354e-06,1.3429091459318378e-06,11
446,18,0.6797385620915033,9.001379278330877e-06,2.0001813202866515e-06,11
447,1,0.0,0.0,1.8352705339909017e-07,11
448,3,1.0,0.0,2.676662969857087e-07,11
449,10,0.5777777777777777,3.7957051222279583e-06,4.274386282852163e-06,11
450,22,0.6406926406926406,2.0102187412017293e-06,1.0697764985607845e-06,11
451,25,0.7033333333333334,4.3178736828295595e-05,9.326170624921683e-06,11
452,42,0.48548199767711964,6.304161804333485e-05,6.28248510421786e-06,11
453,5,0.5,1.23885019488503e-06,1.8991769387137444e-07,11
454,3,1.0,0.0,1.8630489364060901e-07,11
455,37,0.3153153153153153,0.00014767455486128296,5.222688394237714e-06,11
456,61,0.5191256830601093,0.00016187458869266143,1.2008577414193205e-05,11
457,20,0.6842105263157895,3.523802725642408e-05,4.39990391475081e-06,11
458,26,0.4492307692307692,4.626330277938683e-06,1.6137564043162674e-06,11
459,10,0.8222222222222222,9.070058201347607e-06,4.2222923031661565e-06,11
460,66,0.41351981351981354,0.0004716293522981296,1.1825130584503429e-05,11
461,53,0.5914368650217707,0.00011224679307847221,8.205586338548737e-06,11
462,19,0.6783625730994152,1.2267549940581144e-06,1.270131445488836e-06,11
463,43,0.3997785160575858,0.00020706488252504463,6.258024947977246e-06,11
465,78,0.42624042624042624,0.00038708625528789995,1.0901304760294203e-05,11
466,9,0.9444444444444444,1.000609772791755e-07,3.042512329231219e-07,11
467,4,1.0,0.0,1.8807293047141214e-07,11
468,2,1.0,0.0,1.8488701487491828e-07,11
469,22,0.5324675324675324,3.289220373047074e-05,4.691946498083768e-06,11
470,16,0.6666666666666666,2.6381431098146935e-07,4.323307515963212e-07,11
471,31,0.6709677419354839,3.0732164450096386e-05,6.554602956943023e-06,11
472,5,0.4,3.633760860303304e-05,3.5954721800453256e-07,11
473,32,0.5181451612903226,6.897805783928617e-05,5.907782772952926e-06,11
474,20,0.7052631578947368,1.6489482486028116e-06,6.754354079102506e-07,11
477,12,0.696969696969697,2.8906504547317363e-07,4.317785079106126e-06,11
478,8,0.5714285714285714,2.897483430762144e-07,5.002426253351865e-07,11
479,37,0.6066066066066066,4.256996339608673e-05,6.697832794922913e-06,11
480,7,0.47619047619047616,1.5343641506848184e-05,4.1995342662353115e-06,11
481,27,0.5242165242165242,1.6021897184911312e-05,1.10071198383371e-06,11
482,34,0.6060606060606061,1.6771360911212736e-05,7.31444107252064e-06,11
485,5,1.0,0.0,4.076542921252275e-06,11
486,16,0.825,0.0,5.59797236859158e-07,11
487,33,0.6174242424242424,4.154277200103916e-06,2.939258233822854e-06,11
488,28,0.6666666666666666,5.600970212581695e-07,2.259518799556004e-06,11
489,24,0.6956521739130435,6.866036687263159e-06,8.800573176155811e-07,11
490,13,0.6153846153846154,8.280506880538681e-07,8.870293970199554e-07,11
491,11,0.8545454545454545,2.6081056734421682e-08,8.197638923633812e-07,11
492,65,0.5317307692307692,0.0002694010151055754,9.878796982228084e-06,11
493,56,0.4915584415584416,2.8742967501141526e-05,5.386106904560653e-06,11
494,23,0.7470355731225297,5.81496436369763e-06,3.0708070925152033e-06,11
495,23,0.6126482213438735,8.915886371751996e-07,1.4941860458049484e-06,11
496,40,0.5115384615384615,3.0494732377258428e-05,4.160982566664698e-06,11
497,83,0.3937702027622686,0.00032749782907676617,1.0972977776578739e-05,11
498,6,0.4666666666666667,6.665478595240453e-07,2.869429376613101e-07,11
499,3,1.0,0.0,1.8672608322344058e-07,11
500,83,0.3726124008228034,0.00033661427803123215,1.3708864215824771e-05,11
502,11,0.7818181818181819,3.190784305765168e-07,8.919273281396209e-07,11
503,58,0.5245009074410163,0.0001369348472689987,5.561376326351698e-06,11
504,43,0.30564784053156147,0.0002002301141363996,5.3745747166932545e-06,11
505,13,0.8974358974358975,0.0,5.001367200873645e-07,11
506,72,0.5007824726134585,6.309936696271979e-05,1.3636701801156974e-05,11
507,65,0.49615384615384617,0.00010033663499156037,1.327991098955612e-05,11
508,16,0.4583333333333333,2.911759647961178e-05,8.40425449402133e-06,11
509,15,0.8571428571428571,1.2173982434584496e-07,5.12240938741254e-07,11
510,26,0.4307692307692308,2.7107946343703084e-05,4.8391038715591766e-06,11
511,30,0.7494252873563219,2.5623019197914978e-05,6.461625860878119e-06,11
512,29,0.6699507389162561,2.707961069937414e-05,6.6746677798057815e-06,11
513,89,0.42211440245148113,0.0006180741525792487,1.511539542583197e-05,11
514,64,0.4895833333333333,5.039573633280722e-05,9.538801626962758e-06,11
515,61,0.4628415300546448,0.00018594086110534352,9.316151574805045e-06,11
516,20,0.7315789473684211,3.478319225630199e-05,4.42877506369862e-06,11
518,19,0.6666666666666666,2.003734733686201e-05,4.469957364890292e-06,11
519,25,0.6566666666666666,1.4327301688948484e-06,1.1240328119288304e-06,11
520,50,0.5714285714285714,0.0003441015440422775,1.180255152586505e-05,11
521,15,0.6285714285714286,2.264801598656398e-07,1.2708045916587545e-06,11
522,11,0.7636363636363637,3.982178645187323e-07,3.3977183634018036e-07,11
523,43,0.5869324473975637,3.773179695592758e-05,1.046631208734474e-05,11
524,64,0.5808531746031746,0.00010212986945349492,9.810558444924141e-06,11
525,69,0.5098039215686274,0.0002294788660684748,1.3926602529972318e-05,11
527,46,0.6531400966183575,4.799235758973704e-05,4.377950290566153e-06,11
528,13,0.6538461538461539,1.99339434211538e-06,4.452420582343586e-06,11
529,9,0.8611111111111112,3.64531015130895e-07,3.749065768122822e-07,11
530,4,0.6666666666666666,9.91080155908024e-08,2.009713071165542e-07,11
531,40,0.39487179487179486,0.0002512810825776196,5.081873060589646e-06,11
532,10,0.35555555555555557,3.3036005196934132e-06,2.047817780478876e-07,11
533,6,0.5333333333333333,4.770323552290635e-08,3.494218987488063e-07,11
534,8,0.6785714285714286,1.018452983440849e-05,4.226482721238103e-06,11
535,12,0.6818181818181818,2.679119658510869e-06,9.181293829258029e-07,11
536,22,0.8138528138528138,3.075187201636989e-07,1.790032445945455e-06,11
537,40,0.6576923076923077,4.212445062399496e-05,3.839236125838963e-06,11
539,22,0.3203463203463203,1.2622012453768714e-05,8.208621706197974e-07,11
540,8,0.5714285714285714,2.6701512600248167e-07,6.961007220028574e-07,11
541,10,0.5777777777777777,6.6306478821888065e-06,4.3636596251791684e-06,11
542,58,0.5021173623714459,0.00017618587062466132,8.585048135269999e-06,11
543,21,0.46190476190476193,5.726736862584904e-06,4.675682872303857e-06,11
544,67,0.48801447308909995,0.00010320762003029841,1.3261174198505581e-05,11
545,46,0.527536231884058,2.7975380560359293e-05,1.0875389730352017e-05,11
546,30,0.5241379310344828,4.170527027636124e-05,5.19320061223249e-06,11
547,32,0.5766129032258065,3.1934868660273435e-06,1.1793243423189088e-06,11
548,32,0.45161290322580644,7.252651648404935e-06,1.8658129964516095e-06,11
550,1,0.0,0.0,1.8352705339909017e-07,11
551,17,0.7941176470588235,1.2173982434584496e-07,6.114219941365618e-07,11
552,4,0.8333333333333334,0.0,2.1887653309160487e-07,11
553,85,0.357703081232493,0.0005813186316516579,1.0498881694505707e-05,11
554,18,0.7777777777777778,3.478319225630199e-05,4.341483643914838e-06,11
555,38,0.4822190611664296,6.934500443531447e-06,1.7482901219940814e-06,11
556,48,0.4450354609929078,0.00027550257369760137,6.9958311468958704e-06,11
557,37,0.49099099099099097,2.2723859808946726e-05,2.1675350887422946e-06,11
558,20,0.5631578947368421,1.3611606869233513e-05,5.030554281733334e-06,11
559,83,0.5071995298266235,0.000276169651585572,1.2243571027553987e-05,11
560,30,0.535632183908046,5.696697910240674e-06,2.5304138624873705e-06,11
561,81,0.4787037037037037,0.000196490405262697,1.1374137612395229e-05,11
562,5,0.7,7.079143970771599e-08,2.3399949006029944e-07,11
565,20,0.6578947368421053,4.552669942960762e-07,1.5829712666803513e-06,11
567,63,0.4254992319508449,0.0588540313881171,1.2481970187182323e-05,11
568,12,0.4393939393939394,7.315115436463986e-07,3.683530298539249e-07,11
569,15,0.6761904761904762,1.7226642692302635e-06,4.808237157107223e-06,11
570,35,0.5008403361344538,1.6643251778654823e-05,5.745320129573088e-06,11
571,3,1.0,0.0,2.936051717710704e-07,11
572,4,1.0,0.0,1.8807293047141214e-07,11
591,46,0.6347826086956522,9.565248051968894e-05,8.350509663838002e-06,11
656,3,1.0,0.0,4.6954322465554485e-07,11
669,34,0.7379679144385026,1.0279734157679678e-05,7.125165951664762e-06,11
604,35,0.6218487394957983,0.00011947726559796794,1.1089173005433405e-05,11
645,29,0.5960591133004927,0.00020984480775311745,6.249787008346996e-06,11
646,13,0.7948717948717948,9.340148426494152e-05,1.0697575633632901e-06,11
666,18,0.6666666666666666,2.0536528485886413e-06,3.754611460364212e-07,11
683,33,0.7007575757575758,0.0001223833737933597,6.266689790497499e-06,11
587,10,0.9111111111111111,1.2844073453285202e-06,8.151948846874587e-07,11
590,14,0.4725274725274725,0.0002646689308344821,5.539849008562973e-07,11
614,32,0.7096774193548387,2.086670343460274e-05,6.797768699076915e-06,11
634,16,0.6833333333333333,7.827946609092181e-05,4.933213784838328e-06,11
680,27,0.5584045584045584,8.478878512957057e-06,3.44969008812407e-07,11
586,7,1.0,0.0,4.931901258634624e-07,11
610,5,0.9,9.539888835092056e-07,6.210024511868399e-07,11
652,4,1.0,0.0,4.81911823664692e-07,11
673,4,1.0,0.0,4.81911823664692e-07,11
676,18,0.8235294117647058,9.610383172195588e-06,5.4080495810514106e-06,11
620,20,0.5421052631578948,5.6253499214804865e-06,6.0580912777158e-07,11
574,11,0.6363636363636364,4.935683028276746e-07,3.942156015576096e-07,11
630,39,0.3535762483130904,2.1915288886111304e-05,8.684226683215409e-07,11
678,26,0.42153846153846153,1.6627788272330638e-05,7.372775236780522e-07,11
593,5,0.6,1.59280739342361e-07,4.732287293956294e-07,11
609,30,0.5011494252873563,0.00039069777967726173,4.438086156921132e-06,11
573,32,0.5725806451612904,1.2964899382181422e-06,2.4490729278858816e-07,11
575,12,0.8636363636363636,9.084901429156888e-08,1.8156913439049755e-07,11
576,14,0.978021978021978,4.504909799581928e-08,1.7257315317567815e-07,15
577,22,0.9523809523809523,4.504909799581928e-08,1.8388333287069724e-07,15
578,24,0.9021739130434783,4.504909799581928e-08,1.8638518051844798e-07,15
579,39,0.4507422402159244,6.847905079105458e-06,2.843212951382605e-07,11
581,2,1.0,0.0,1.5630715094098043e-07,11
582,21,0.9761904761904762,4.504909799581928e-08,1.8241237076200174e-07,15
583,25,0.8666666666666667,7.048574939988723e-07,1.8759775192658181e-07,15
584,15,0.5904761904761905,5.380392906162299e-06,6.54345901076454e-07,11
585,1,0.0,0.0,1.5518549075742382e-07,11
588,14,0.7362637362637363,0.0,1.8634114758232342e-07,11
589,21,0.6333333333333333,5.847338005303548e-06,3.672188075318279e-07,11
592,41,0.44878048780487806,6.452177704328102e-06,2.8632857352555494e-07,11
594,8,0.35714285714285715,0.03207195557242113,7.778456235052208e-06,1
595,19,0.9883040935672515,4.504909799581928e-08,1.7977829742223042e-07,15
597,22,0.7489177489177489,1.5207822607543978e-06,2.4481159409424204e-07,11
598,16,0.8333333333333334,8.141015566387341e-08,2.175542413999661e-07,11
599,23,0.9051383399209486,5.721235445469048e-07,1.8508267357740666e-07,15
600,24,0.8804347826086957,7.048574939988723e-07,1.8612678981788632e-07,15
602,1,0.0,0.0,1.5518549075742382e-07,11
603,18,0.7973856209150327,4.082182595220059e-07,2.1504147346394943e-07,11
605,18,0.7647058823529411,1.309641634592746e-07,2.261584609841912e-07,11
607,1,0.0,0.0,1.5518549075742382e-07,11
608,1,0.0,0.0,1.5518549075742382e-07,11
611,16,0.8166666666666667,9.91080155908024e-08,1.8692806467331076e-07,11
612,15,0.6952380952380952,1.309641634592746e-07,2.1817132961917834e-07,11
613,1,0.0,0.0,1.5518549075742382e-07,11
615,24,0.8659420289855072,5.697102000114145e-07,1.862857134675408e-07,15
616,19,0.4678362573099415,1.7385096111865124e-06,3.529279495940585e-07,11
617,25,0.5766666666666667,1.9820809004087665e-06,2.519739978857361e-07,11
618,24,0.5253623188405797,1.4266250696964238e-05,3.748636947246525e-07,11
619,26,0.6523076923076923,4.575244298973859e-07,2.5320247980022496e-07,11
621,7,0.8571428571428571,0.0,1.6872002466662332e-07,11
622,13,0.6282051282051282,0.0,1.874938501308613e-07,11
623,17,0.7352941176470589,0.0,2.1471142751076405e-07,11
624,1,0.0,0.0,1.5518549075742382e-07,11
625,21,0.680952380952381,4.632961448097516e-07,1.9975691669729782e-07,11
626,14,0.7912087912087912,2.2299303507930538e-07,2.126460547809617e-07,11
627,24,0.9021739130434783,4.504909799581928e-08,1.8638518051844798e-07,15
628,12,0.9242424242424242,0.0,1.6997968627902916e-07,15
631,11,0.7454545454545455,1.3162292041379345e-06,2.1040958233409588e-07,11
632,22,0.9047619047619048,5.721235445469048e-07,1.8376133981668025e-07,15
633,15,0.7619047619047619,1.0168224976199208e-07,1.8721206864877004e-07,11
635,22,0.8917748917748918,1.0888374406568191e-06,2.69408698665076e-07,15
636,25,0.6266666666666667,2.6709366760534395e-06,2.563739599612661e-07,11
638,4,0.0,0.0009944577641993484,3.496971770721004e-06,12
639,11,0.5454545454545454,1.1086688250402818e-05,9.693856790928033e-07,11
640,23,0.9209486166007905,4.504909799581928e-08,1.851148806779751e-07,15
642,2,1.0,0.0,1.5630715094098043e-07,11
643,24,0.8804347826086957,7.048574939988723e-07,1.8612678981788632e-07,15
644,25,0.58,2.6155971256853535e-06,4.2700033729011874e-07,11
647,19,0.8128654970760234,9.685556069101143e-07,2.0924804677025346e-07,15
648,2,1.0,0.0,1.56977140846401e-07,11
650,22,0.8917748917748918,0.0,1.8373287657742881e-07,15
653,28,0.5582010582010583,1.0602919100620504e-05,4.5896881089555286e-07,11
654,33,0.49053030303030304,6.3483557757111225e-06,3.632221864493042e-07,11
655,6,0.8,2.833362232539648e-07,3.323758985606085e-07,11
657,7,0.6190476190476191,8.447869933595851e-08,1.8718014565945447e-07,11
658,24,0.9021739130434783,4.504909799581928e-08,1.8638518051844798e-07,15
659,24,0.9021739130434783,4.504909799581928e-08,1.8638518051844798e-07,15
660,3,1.0,0.0,1.6282726670269667e-07,11
661,24,0.8804347826086957,7.048574939988723e-07,1.8612678981788632e-07,15
662,24,0.894927536231884,6.340660542911562e-07,1.8636620411930394e-07,15
663,9,0.7222222222222222,7.0135977491444e-07,3.3914257094519343e-07,11
664,17,0.7352941176470589,4.6588275510676435e-07,2.1907401191246665e-07,11
665,18,0.9215686274509803,3.829173329644638e-07,1.7793959538126965e-07,15
667,3,1.0,0.0,4.004416078846785e-06,1
668,1,0.0,0.0,1.5518549075742382e-07,11
670,23,0.932806324110672,4.504909799581928e-08,1.8515363271117009e-07,15
671,5,0.9,1.332005935722288e-07,6.660842231663699e-07,11
672,8,0.8928571428571429,3.8118467534924e-08,1.8128267260403004e-07,11
674,1,0.0,0.0,1.5518549075742382e-07,11
675,23,0.9011857707509882,0.0,1.8507314205940696e-07,15
677,22,0.6536796536796536,7.152648198082515e-06,3.426568817352382e-07,11
679,7,0.8571428571428571,6.798104802449804e-07,4.6581625129684744e-07,11
681,23,0.8814229249011858,7.048574939988723e-07,1.8501520653717485e-07,15
682,13,0.5769230769230769,1.8230910434489099e-06,2.1213767621787295e-07,11
684,20,0.7315789473684211,6.7309622976171e-07,1.9727250962246873e-07,11
685,17,0.7647058823529411,3.4238211776002416e-07,2.11148257862893e-07,11
1967,2,1.0,0.0,0.0005916005122181293,11
3437,547,0.032230414314509376,0.22638938452858093,4.387391304091236e-07,12
3454,14,0.26373626373626374,0.00037458498481556695,8.775257452830898e-08,12
3487,10,0.5555555555555556,0.00022846825030746378,8.64290722425444e-08,12
3723,8,0.6785714285714286,0.00019223945526752604,8.632779112354613e-08,12
3861,16,0.2,0.000971997779506165,1.0244866866566647e-07,12
3961,7,0.7142857142857143,0.00017389788737747316,8.628749413146171e-08,12
3980,59,0.0853302162478083,0.027927884274726526,4.952911145488076e-08,1
3989,6,0.4666666666666667,0.0009012222217723615,4.910986964783947e-08,1
4011,4,0.8333333333333334,0.0,4.939762327835761e-08,1
4031,11,0.43636363636363634,0.0024976045829012087,4.9130059136698855e-08,1
686,170,0.11562826313957536,0.03525810079386821,4.96968100742037e-11,2
687,28,0.5370370370370371,2.8831348304884804e-06,4.190067681249865e-12,2
688,45,0.45151515151515154,1.6754313861367156e-05,5.896445773622371e-12,2
689,8,0.8571428571428571,3.468780545678084e-07,3.9510765142225924e-13,2
690,9,0.8611111111111112,1.982160311816048e-08,9.303012508585948e-13,2
691,6,0.5333333333333333,0.0,3.991832742853742e-13,2
692,1,0.0,0.0,3.7188617746823905e-13,2
693,14,0.7252747252747253,7.549908637078018e-07,2.00992102294053e-12,2
694,54,0.46331236897274636,1.1395315249707282e-05,6.0751970851766824e-12,2
695,41,0.5146341463414634,6.3945889094448685e-06,3.926753118754585e-12,2
696,31,0.6365591397849463,2.042179641677205e-06,4.659490959319837e-12,2
697,52,0.4193061840120664,0.0022429284782056642,4.570488907988959e-11,2
698,68,0.13125548726953468,0.10415194848718755,5.285561982015351e-09,2
699,2,1.0,0.0,3.778068543561503e-13,2
700,7,0.8095238095238095,0.0,8.199931162583724e-13,2
701,21,0.5857142857142857,8.163885408018506e-07,2.4977481895559405e-12,2
702,8,0.8214285714285714,0.0,3.945267584503796e-13,2
703,43,0.4141749723145072,0.002827247563765474,4.263230293557266e-11,2
704,5,0.6,2.9791397543663814e-07,4.37188606599651e-13,2
705,69,0.3269394714407502,3.8721044322350414e-05,6.609221732278718e-12,2
706,18,0.9411764705882353,0.0,2.788308334265692e-12,2
707,10,0.6222222222222222,1.3509366410889138e-06,4.1720446630222276e-13,2
708,29,0.5073891625615764,0.00030376035002888265,4.4998927611846895e-11,2
709,17,0.7205882352941176,1.3020153561319446e-06,3.267512774140222e-12,2
710,8,0.75,9.91080155908024e-08,1.4570047841627896e-12,2
711,20,0.7105263157894737,4.5491908497693166e-07,1.8014265775832503e-12,2
712,13,0.5,1.891311297524479e-06,4.2690125089635823e-13,2
713,71,0.3235412474849095,0.0050506885476165764,4.5356044055936257e-11,2
714,14,0.6153846153846154,2.0647503248083836e-06,4.219473768450486e-13,2
715,10,0.9333333333333333,0.0,1.2949521078833603e-12,2
716,12,0.5909090909090909,4.276982815674508e-07,9.21965204961528e-13,2
717,4,1.0,0.0,6.753101441817259e-13,2
718,30,0.5011494252873563,1.1531372728100177e-06,3.5658944945187128e-12,2
719,64,0.3998015873015873,0.003066859503014411,4.565515288734479e-11,2
720,18,0.49673202614379086,5.335829136089064e-07,1.935354319693838e-12,2
721,5,0.8,3.849965221027324e-07,1.08382892420991e-12,2
722,14,0.7142857142857143,3.3803606494157013e-07,1.6505637291333138e-12,2
723,12,0.7272727272727273,7.982674254607452e-07,1.5987153241147487e-12,2
724,47,0.484736355226642,1.730164584190235e-05,4.716381187909569e-12,2
725,8,0.8928571428571429,0.0,4.0280688836943094e-13,2
726,36,0.6190476190476191,2.951504768813916e-06,3.917171385942977e-12,2
727,26,0.5415384615384615,2.9254153455289382e-06,2.9201487778229533e-12,2
728,38,0.45376955903271693,7.2355358198775575e-06,4.401644588938974e-12,2
729,13,0.7307692307692307,1.1334762062829656e-05,4.251724972768834e-11,2
730,15,0.6190476190476191,2.2536824504823535e-07,1.8891951030593122e-12,2
731,26,0.803076923076923,0.0,3.9577562941061755e-12,2
732,14,0.6043956043956044,9.580441507110897e-07,4.214426497744312e-13,2
733,8,0.5357142857142857,0.0,7.635355503558604e-13,2
734,23,0.4308300395256917,6.279270105446672e-07,2.115953031877193e-12,2
735,5,0.8,0.0,1.723917858016592e-12,2
736,14,0.4175824175824176,1.5491526722705186e-06,8.135518395115857e-13,2
737,16,0.7083333333333334,9.55684436054166e-07,2.395702326172336e-12,2
738,25,0.61,2.0946560599589154e-06,2.236307174683932e-12,2
739,29,0.49014778325123154,2.680769924961929e-06,3.5771522233617406e-12,2
740,8,0.42857142857142855,3.592665565166587e-07,5.226853499897072e-13,2
741,17,0.5955882352941176,7.680871208287185e-07,2.362617026135613e-12,2
742,12,0.4393939393939394,1.999858171742977e-06,8.115253391614738e-13,2
743,3,1.0,0.0,3.861579255240852e-13,2
744,2,1.0,0.0,3.9772332327441193e-13,2
745,57,0.41040100250626566,0.0023615161603665145,4.389711828400752e-11,2
746,9,0.6944444444444444,3.303600519693413e-07,7.492925246750414e-13,2
747,57,0.34523809523809523,0.0025317366005226335,4.682838737946208e-11,2
748,19,0.5321637426900585,9.007574448116953e-07,2.3197315860083813e-12,2
749,2,1.0,0.0,3.749912035380108e-13,2
750,2,1.0,0.0,3.88386020959245e-13,2
751,12,0.7424242424242424,3.8118467534924e-08,1.9121953899254644e-12,2
752,38,0.6586059743954481,1.1717838151830694e-06,4.919287256954081e-12,2
753,13,0.6153846153846154,3.854992231165324e-06,4.267954255936489e-11,2
754,30,0.5977011494252874,2.310191725678326e-06,3.710328394625239e-12,2
755,19,0.6023391812865497,1.1940316325663062e-06,1.7007153076536982e-12,2
756,10,0.6888888888888889,8.696531725204834e-07,1.2646434547492602e-12,2
757,4,0.5,4.95540077954012e-07,4.0501417142375353e-13,2
758,20,0.6157894736842106,8.887832252301549e-07,1.7318874261040914e-12,2
759,10,0.6222222222222222,0.0,1.573688232267767e-12,2
760,30,0.7126436781609196,1.0906988418695512e-06,4.37000204050596e-12,2
761,8,0.75,3.8604388208414783e-07,1.5109367910837293e-12,2
762,13,0.8717948717948718,2.532760398431617e-07,2.2765544945430182e-12,2
763,14,0.6043956043956044,0.0,1.5477173255937235e-12,2
764,28,0.582010582010582,4.029665192852588e-06,2.948824557269577e-12,2
765,14,0.7362637362637363,1.5898824092811083e-06,2.2894109160272126e-12,2
766,35,0.5899159663865546,5.008753916097726e-06,4.1568341795166175e-12,2
767,8,0.7142857142857143,1.6518002598467065e-07,3.974928734607617e-13,2
768,14,0.4065934065934066,2.234649780106902e-06,7.724466503312389e-13,2
769,15,0.6,4.944391799913286e-05,4.299749345338112e-11,2
770,27,0.3504273504273504,1.68614631329804e-05,2.1460107924988404e-12,2
771,15,0.4380952380952381,2.19689434559612e-06,4.976615072106279e-13,2
772,18,0.6797385620915033,0.0005765499752058552,4.17744672064076e-11,2
773,36,0.580952380952381,4.0740473551790557e-07,3.908526273493221e-12,2
774,37,0.481981981981982,0.0012193629323225977,4.5277723007301234e-11,2
775,2,1.0,0.0,3.749912035380108e-13,2
776,9,0.6666666666666666,2.0430704463978955e-05,4.1151603095662264e-11,2
777,18,0.5490196078431373,3.5672862564788322e-06,1.7680271202820108e-12,2
778,16,0.6583333333333333,1.1107205984892574e-06,2.0283374978681116e-12,2
779,18,0.6666666666666666,1.670713730354475e-06,2.057531984293553e-12,2
780,34,0.5757575757575758,3.29606446380255e-06,4.450221379220088e-12,2
781,52,0.4411764705882353,6.264137095705642e-06,5.69819360409644e-12,2
782,13,0.38461538461538464,4.763673963665056e-06,1.0941776803758983e-12,2
783,18,0.6405228758169934,0.0,1.0996259380765276e-12,2
784,40,0.5128205128205128,7.707163330368679e-06,3.5526986384310835e-12,2
785,3,1.0,0.0,3.9656977325650564e-13,2
786,9,0.5555555555555556,0.0,4.703180060153461e-13,2
787,29,0.5172413793103449,2.6317872305537855e-06,2.8128992273693117e-12,2
788,4,0.6666666666666666,4.2946806756014376e-07,3.846754984176999e-13,2
789,13,0.5641025641025641,1.1362026073088418e-06,4.271841802087144e-13,2
790,4,0.8333333333333334,0.0,7.195506729359725e-13,2
791,7,0.8571428571428571,9.91080155908024e-08,3.998885684636202e-13,2
792,23,0.6403162055335968,7.329059204891264e-07,3.432669264896832e-12,2
793,20,0.5894736842105263,1.0901757953730034e-06,1.3425721955249237e-12,2
794,14,0.7912087912087912,1.2070848052725934e-07,1.630643242355994e-12,2
795,18,0.5424836601307189,5.368350844501797e-07,1.0523274665202997e-12,2
796,7,0.6666666666666666,8.589361351202875e-07,4.1703335180330786e-13,2
797,26,0.5046153846153846,1.296701618043195e-06,2.1493315460547784e-12,2
798,7,0.47619047619047616,0.0004979181128500235,3.943089275669262e-11,2
799,12,0.45454545454545453,2.4906788203831413e-06,1.2186135187156256e-12,2
800,37,0.5345345345345346,0.0011496460636543364,4.501283979938812e-11,2
801,1,0.0,0.0,3.7188617746823905e-13,2
802,5,1.0,0.0,3.932322870446657e-13,2
803,20,0.3368421052631579,0.0014414041693149038,4.036493574923957e-11,2
804,16,0.5083333333333333,0.0001823369485356492,4.2593744167273247e-11,2
805,66,0.37435897435897436,0.0036665825385980904,4.570183594098244e-11,2
806,15,0.49523809523809526,1.3875122182712336e-06,4.305408686228092e-13,2
807,20,0.7210526315789474,1.7743516555772337e-06,3.397986067603055e-12,2
808,9,0.8611111111111112,0.0,5.230019574620243e-13,2
809,18,0.7320261437908496,1.6298670146381198e-07,1.3902690610825319e-12,2
810,32,0.6532258064516129,0.0006697917576828035,4.311723563520128e-11,2
811,9,0.8333333333333334,1.7756317442681558e-06,4.1344611309455623e-11,2
812,8,0.7857142857142857,1.1584053770353527e-07,9.199061187599422e-13,2
813,10,0.5333333333333333,1.708524169868915e-07,1.1182012399710025e-12,2
814,26,0.6276923076923077,1.7395817389952566e-06,3.821774747606905e-12,2
815,39,0.5425101214574899,8.32429636122416e-06,5.510458175455403e-12,2
816,9,0.6666666666666666,7.232525423471651e-07,7.469611683956684e-13,2
817,24,0.5579710144927537,1.6692420931941096e-06,3.371193856385291e-12,2
818,16,0.44166666666666665,7.0552474811824555e-06,1.4353531483707712e-12,2
819,37,0.5165165165165165,0.0011442962016901554,4.473105960620098e-11,2
820,38,0.43812233285917496,4.716451631598244e-06,4.419662715553741e-12,2
821,9,0.75,1.1173942934257132e-07,6.127335772500212e-13,2
822,15,0.41904761904761906,4.856292763949317e-06,4.4795084488163716e-13,2
823,56,0.45324675324675323,0.0023104243778610334,4.6191353555063785e-11,2
824,58,0.42710223835450695,2.3115937378013367e-05,5.972676361675404e-12,2
825,6,0.6,5.9437157306827e-06,4.031795886317553e-11,2
826,11,0.6363636363636364,0.0,1.2683396230565283e-12,2
827,45,0.4777777777777778,4.884502513546516e-06,5.847366741240387e-12,2
828,79,0.32684193443687115,0.004428639013505692,4.692000306036553e-11,2
829,34,0.5098039215686274,3.6002053249547553e-06,2.760801731454312e-12,2
830,55,0.4356902356902357,0.003299802293333621,4.495665564679949e-11,2
831,15,0.6095238095238096,1.1506602816952947e-06,1.9999735096720262e-12,2
832,4,0.8333333333333334,0.0,6.9254664743943e-13,2
833,15,0.3619047619047619,2.061210752822998e-06,7.734094621957979e-13,2
834,43,0.6090808416389811,3.6205134037287417e-06,5.0625181752305446e-12,2
835,20,0.6368421052631579,4.304150583106198e-07,2.452950543377219e-12,2
836,12,0.5454545454545454,0.0,6.255217200737942e-13,2
837,13,0.5897435897435898,2.9112979579798205e-07,2.2144982877187967e-12,2
838,22,0.7489177489177489,1.0966361784090735e-06,3.785276121977275e-12,2
839,15,0.5714285714285714,2.47770038977006e-06,4.3043977502826147e-13,2
840,27,0.6182336182336182,0.0005295136125614167,4.382064796329647e-11,2
841,2,1.0,0.0,3.7592864643444e-13,2
842,37,0.5690690690690691,6.173366259970115e-06,3.830887703050475e-12,2
843,13,0.717948717948718,1.7068602685082637e-07,1.953449038191289e-12,2
844,14,0.8351648351648352,3.7686031138519397e-07,2.332097398354311e-12,2
845,23,0.5612648221343873,1.9333465181051657e-06,3.454217089151146e-12,2
846,6,0.6,3.776785406160778e-07,1.0998649620841612e-12,2
847,27,0.7008547008547008,1.4708054544831282e-06,3.310266118165867e-12,2
848,21,0.49047619047619045,7.845127830109714e-06,3.3808320596102484e-12,2
849,30,0.4482758620689655,8.90673147554214e-06,3.2670345333545555e-12,2
850,10,0.35555555555555557,2.8664633794982674e-06,7.954969141347206e-13,2
851,4,1.0,0.0,1.3969895100190222e-12,2
852,4,1.0,0.0,6.753101441817259e-13,2
853,44,0.5602536997885835,3.8283430344724575e-06,4.6846283804284235e-12,2
854,3,1.0,0.0,4.2170493916201763e-13,2
855,4,1.0,0.0,6.753101441817259e-13,2
856,39,0.31713900134952766,0.00046587613976905505,4.8568925233199954e-11,2
890,7,0.8095238095238095,6.005529030472475e-08,4.0601344608006315e-11,2
857,12,0.42424242424242425,0.00024659573018310664,8.289782849415252e-09,12
858,5,1.0,0.0,4.036466342519944e-11,2
859,2,1.0,0.0,3.8982252132292487e-11,2
860,2,0.0,0.041949649301419485,1.3528149138771158e-07,2
861,10,0.8888888888888888,0.0,4.154451921694763e-11,2
862,24,0.4492753623188406,0.010786274726767119,1.4652050757147122e-07,12
863,11,0.8909090909090909,8.802356647867319e-08,4.183280961541353e-11,2
864,5,0.8,1.6200348702342702e-07,3.992778119793514e-11,2
865,4,1.0,0.0,1.2542110856366891e-09,12
866,5,0.7,0.0,3.9880513718876143e-11,2
867,8,0.8214285714285714,0.0,4.0782536284415356e-11,2
868,4,1.0,0.0,1.2542110856366891e-09,12
869,7,0.9047619047619048,1.1650934721778922e-07,4.0642287572591006e-11,2
870,7,0.7142857142857143,0.0,4.0956793813951297e-11,2
871,7,0.6666666666666666,6.19425097442515e-07,1.0276486594854988e-10,2
872,7,0.9523809523809523,0.0,4.049043639785411e-11,2
873,6,1.0,0.0,4.0193826034417264e-11,2
874,7,0.9523809523809523,0.0,4.049043639785411e-11,2
875,1,0.0,0.0,3.86767930290516e-11,2
876,11,0.8909090909090909,8.802356647867319e-08,4.183280961541353e-11,2
877,4,1.0,0.0,3.959165242255568e-11,2
878,10,0.9333333333333333,8.802356647867319e-08,4.153077287197868e-11,2
879,6,0.7333333333333333,0.0,4.065293448992043e-11,2
880,8,0.8214285714285714,0.0,4.101506195745766e-11,2
881,7,0.7619047619047619,0.0,4.0959042464268066e-11,2
882,8,0.9642857142857143,8.802356647867319e-08,4.091500760721198e-11,2
883,1,0.0,0.0,3.86767930290516e-11,2
884,4,0.8333333333333334,0.0,3.9568084923271726e-11,2
885,9,0.6666666666666666,0.0,4.1070070084163186e-11,2
886,8,0.9642857142857143,0.0,4.0861962807224754e-11,2
887,6,1.0,0.0,4.0193826034417264e-11,2
888,9,1.0,0.0,4.122914591591973e-11,2
889,13,0.7051282051282052,8.802356647867319e-08,4.2445770106192556e-11,2
891,1,0.0,0.0,3.86767930290516e-11,2
892,1,0.0,0.0,3.86767930290516e-11,2
893,4,0.8333333333333334,1.6200348702342702e-07,3.963019400818401e-11,2
894,4,0.8333333333333334,0.0,3.95803340918484e-11,2
895,6,0.8,0.0,4.065892583856033e-11,2
3456,51,0.47215686274509805,0.0014542800966767322,1.5592825224880373e-07,12
3495,56,0.38896103896103895,0.0012600011618392898,1.6044354961335e-07,12
3586,44,0.4788583509513742,3.366469868256185e-05,2.7247327158230904e-08,12
3621,11,0.4727272727272727,0.0,1.0574327551150691e-08,12
3626,8,0.4642857142857143,0.0,4.348417595535182e-09,12
3797,43,0.4983388704318937,0.00041349361779434104,1.5971222447393006e-07,12
3501,50,0.5289795918367347,0.0003971203402889578,1.6271593142763589e-07,12
3517,17,0.7132352941176471,2.5598372110286132e-06,1.7647487541578234e-08,12
3550,19,0.4502923976608187,0.0003892309992869312,1.375946938139271e-07,12
3577,52,0.5,0.0005254736116506425,1.6191211398290393e-07,12
3592,13,0.3333333333333333,0.0008124372599461867,1.318864786669466e-07,12
3609,27,0.7094017094017094,8.584579983722793e-05,1.5347419655032041e-07,12
3633,65,0.40240384615384617,0.000673588600549704,1.6520330915593478e-07,12
3677,50,0.4,0.0008385312775956725,1.557380854120135e-07,12
3684,67,0.34780642243328813,0.0011648096393418678,1.6227754838914723e-07,12
3721,30,0.5678160919540229,0.00034770577594710395,1.4979087476338023e-07,12
3779,19,0.30409356725146197,7.052050242969834e-06,9.426084215315e-09,12
3872,14,0.43956043956043955,0.0003628994008433047,1.354991904437423e-07,12
3948,59,0.4091174751607247,0.0007474332122152435,1.6464650170597178e-07,12
2678,9,0.8055555555555556,4.454296145495707e-07,4.958929824702674e-07,6
2760,11,0.4909090909090909,1.7661313802528288e-06,3.833725311548291e-07,6
2822,14,0.5934065934065934,8.957869229222872e-06,7.798431733639168e-07,6
2883,15,0.3523809523809524,1.6767695127503468e-05,1.293442925745708e-06,6
2941,11,0.5454545454545454,3.689020580324311e-07,3.6141183441835305e-07,6
2968,13,0.3333333333333333,2.822845410156666e-05,8.54584705789477e-07,6
3005,43,0.27464008859357697,4.281098955557649e-05,4.561982797096257e-07,6
3057,17,0.35294117647058826,1.1697937505051933e-05,5.263279622099427e-07,6
3136,62,0.23426758328926495,5.233734613161129e-05,3.47685472307122e-07,6
3164,10,0.6222222222222222,1.4778990241107651e-06,6.234179458877295e-07,6
3222,15,0.5333333333333333,7.0215264813025e-06,1.1704819812249807e-06,6
3245,14,0.4945054945054945,1.0004495016431548e-05,1.2766653603263185e-06,6
3248,31,0.23870967741935484,8.775074647985383e-05,6.571115921732024e-07,6
3263,58,0.17604355716878403,0.0003527113774673309,1.6056722276293737e-06,6
3278,19,0.4619883040935672,9.905016658774079e-06,1.436591771941322e-06,6
3328,18,0.1830065359477124,9.434335841269697e-06,2.430900311317164e-07,6
3361,14,0.42857142857142855,5.679955542098679e-06,7.661429513546395e-07,6
3440,26,0.5230769230769231,0.0005512215610038807,1.4361235310779282e-07,12
3525,36,0.42698412698412697,0.0008308649318095344,1.5114329861636466e-07,12
3540,34,0.47771836007130125,0.0005591085099789991,1.476855759563725e-07,12
3556,13,0.47435897435897434,0.0001475389114919176,1.3373220277039046e-07,12
3561,14,0.31868131868131866,0.0008165553068118087,1.297687455605142e-07,12
3651,32,0.5766129032258065,0.0002517562393988964,1.5008346355587045e-07,12
3674,38,0.5092460881934566,0.00042962307432304226,1.529518475100514e-07,12
3692,38,0.65149359886202,0.0002208286462007668,1.5672552239648557e-07,12
3741,18,0.6928104575163399,0.00028492430332808616,1.4353241937361316e-07,12
3750,29,0.5147783251231527,0.00022607665390569977,1.4826551597391168e-07,12
3756,61,0.3737704918032787,0.0009703501656594312,1.6112038712568828e-07,12
3830,108,0.1806853582554517,0.006166659752028287,1.6496829956947314e-07,12
3851,59,0.44535359438924604,0.0007278313802092746,1.6337833956982906e-07,12
3877,55,0.37575757575757573,0.0010280593299091996,1.5659611062018803e-07,12
3886,29,0.5517241379310345,0.00047584255357765916,1.4909675354792344e-07,12
3943,25,0.7533333333333333,0.00021892084754545442,1.462326630677082e-07,12
3962,39,0.5519568151147098,0.0005250471989670809,1.5482755634445494e-07,12
2677,15,0.2571428571428571,2.0667564057089997e-05,8.095809094559223e-07,6
2826,10,0.3111111111111111,1.3423615960209704e-05,8.147513483068334e-07,6
2724,70,0.282815734989648,0.0003826524068722056,9.524396618157809e-07,6
2752,7,0.42857142857142855,5.980893440861616e-06,7.688060341211858e-07,6
2775,27,0.5270655270655271,9.147016436210404e-06,8.604480949072674e-07,6
2869,70,0.484472049689441,0.00022988219118406933,1.3108951920242136e-06,6
2892,29,0.45073891625615764,1.3353158388563616e-05,8.577664001525589e-07,6
2962,19,0.3684210526315789,2.775425835556661e-05,8.007752859079598e-07,6
3001,35,0.3563025210084034,2.1555994199896637e-05,8.762059668080145e-07,6
3019,70,0.27867494824016564,0.00035131459380388245,1.083409804588003e-06,6
3100,34,0.36185383244206776,9.933915443589679e-05,1.2538494071103605e-06,6
3162,57,0.3508771929824561,0.00013368413897923734,9.238830035366939e-07,6
3168,48,0.41843971631205673,4.163648903457153e-05,1.0382772679769776e-06,6
3233,63,0.31131592421915005,0.00019918544980860467,9.316915195979599e-07,6
3295,46,0.41545893719806765,3.417651043867617e-05,9.109634108123728e-07,6
3304,35,0.453781512605042,4.546266088528245e-05,8.320175303828034e-07,3
3331,36,0.2,2.4550288318109032e-05,8.552719012559155e-07,6
3366,62,0.3157059756742464,0.00018739809876283753,9.322798732901966e-07,6
3404,18,0.41830065359477125,2.555266727022065e-05,7.871339190411798e-07,6
3406,70,0.38343685300207037,0.0001022757247570944,9.340306996516508e-07,6
3412,45,0.4626262626262626,0.00011231058288778849,8.828951689798715e-07,6
2813,27,0.19943019943019943,3.7749934010416075e-05,4.746392510931314e-07,6
2971,4,0.6666666666666666,5.5060008661556886e-08,2.801013495683401e-07,6
3034,43,0.24141749723145073,4.227721976459633e-05,3.8138520331333667e-07,6
3178,25,0.2833333333333333,1.4630624158704127e-05,3.2272570764696977e-07,6
3410,16,0.7416666666666667,1.5169032386258925e-06,3.0155718647480884e-07,6
3420,23,0.541501976284585,4.4385490331791706e-05,3.225907967560757e-07,6
2976,41,0.4097560975609756,3.287352849430594e-05,4.745916253519355e-07,6
3011,42,0.3333333333333333,4.719359602002883e-05,4.913810118875535e-07,6
3179,68,0.4363476733977173,2.3588830566018805e-05,5.374035877080859e-07,6
3289,19,0.30994152046783624,3.180377992036628e-05,6.684172013050191e-07,6
1920,123,0.6418765827002533,6.725459420262801e-05,0.0062613530288454,5
1941,223,0.3705813436755141,0.001390723924755843,0.0516959407972868,5
1948,108,0.7114918656974731,3.0813303741980404e-05,0.00552428431215894,5
1959,120,0.5438375350140056,0.00012715151768426304,0.006321877583680429,5
2028,106,0.6975741239892184,1.9113377881480963e-05,0.005298921090490633,5
2047,205,0.30636059301769486,0.0016775572900588475,0.007541027794660631,5
2053,115,0.6006102212051869,6.23373671118133e-05,0.005927192566712982,5
2065,26,0.6123076923076923,3.3638283954040706e-05,0.0042725128182899445,5
2087,156,0.5621174524400331,0.00037416668845188116,0.007228699511451352,5
2125,121,0.6260330578512396,3.710147139333737e-05,0.005732582074472253,5
2132,94,0.5616563715396934,0.0002297833290151166,0.003924170432950402,5
2134,85,0.6988795518207283,0.00010541885542379466,0.004423054928833191,5
2148,90,0.7176029962546816,2.5834222471268594e-05,0.0048943919124721826,5
2149,128,0.6122047244094488,4.1151541373082986e-05,0.005556628012064134,5
2169,109,0.6591913013931363,4.469074723937239e-05,0.004901867073760785,5
2191,88,0.7567920585161965,2.436936026812317e-05,0.005406438946684315,5
2194,109,0.655113829425756,4.9280952738978885e-05,0.005626800366336916,5
2196,110,0.7095913261050876,1.7006958579107844e-05,0.005575302807338945,5
2198,55,0.7185185185185186,5.30946737024187e-06,0.002415184851861345,5
2239,44,0.6035940803382663,1.8465271338490898e-05,0.003218207947181113,5
2266,234,0.5933017864348337,0.0014674925295245762,0.08698050347554885,14
2282,154,0.5317884729649436,0.00019998370430609862,0.006469474983812977,5
2285,55,0.6841750841750842,2.1358486773710052e-05,0.003171491245984756,5
2293,54,0.8190076869322153,7.1566005166637155e-06,0.0044713006488189015,5
2315,73,0.7941400304414004,3.01965323357878e-06,0.004315999653567553,5
2328,166,0.48258488499452357,0.0004356877150087496,0.007814548335082017,5
2332,103,0.6632400533028745,3.0067628784028394e-05,0.005226249456966868,5
2333,160,0.48907232704402515,0.0003943612088440644,0.007606100509564052,5
2338,109,0.6751613999320422,9.229456086156271e-06,0.0059052123277549265,5
2347,291,0.3996445076430857,0.0026791212093800246,0.08033479078575742,14
2351,110,0.678231859883236,1.5703917734786767e-05,0.006095866622197127,5
2368,79,0.6075949367088608,0.00024915935164032405,0.0034737751752899446,5
2372,105,0.6600732600732601,4.5389472053065455e-05,0.005032408192225899,5
2385,57,0.62468671679198,0.00015103228719559616,0.0037669405240543137,5
2399,77,0.6114149008885851,8.149157414886003e-05,0.0033931458829499985,5
2420,81,0.7759259259259259,1.3414042048946399e-05,0.005569006878529638,5
2496,22,0.9090909090909091,0.0,0.001797655028387999,5
2501,76,0.4792982456140351,0.0001414751195544864,0.00722612149986931,5
2509,134,0.5461788800359106,0.00019815221630404778,0.0051253623392625534,5
2512,105,0.5124542124542124,0.0007878415415105282,0.008982776798927582,5
2516,88,0.6442006269592476,1.684462170116718e-05,0.004730218046424104,5
2530,29,0.5714285714285714,2.3157503879176954e-05,0.004001059227838602,5
2542,196,0.6961276818419676,0.0010800688002484174,0.07898845960058265,14
2555,135,0.6121614151464898,3.506712235691553e-05,0.006587665015638082,5
2567,116,0.6353823088455772,4.318270927655395e-05,0.0073143523151421724,5
2592,125,0.5849032258064516,0.00010322189860114279,0.006572111552169775,5
2597,105,0.6424908424908425,3.499969817969449e-05,0.0065691711458989175,5
2608,99,0.5662749948464234,8.173845387109943e-05,0.004344447480949728,5
2642,127,0.4360704911886014,0.0004882968493182222,0.005239834499368692,5
2725,8,0.35714285714285715,7.80718387361213e-06,3.7669598838126e-07,6
2734,26,0.15692307692307692,2.860813728509691e-05,3.1570353832670847e-07,6
2764,25,0.31333333333333335,5.614527596689733e-05,1.125495107672663e-06,6
2964,18,0.21568627450980393,2.938363597680821e-05,4.4565224740770594e-07,6
3020,37,0.17717717717717718,0.00012117661332066408,7.346885748293032e-07,6
3062,32,0.37298387096774194,2.3914826794964048e-05,3.859902782669703e-07,6
3079,39,0.5384615384615384,2.118578293900661e-05,3.697870609736895e-07,6
3165,7,0.6666666666666666,5.723380640611706e-06,4.0974483559130404e-07,6
3205,15,0.21904761904761905,2.291539108362248e-05,4.544932352518735e-07,6
3258,47,0.44680851063829785,0.0001670689641864067,7.718872371346367e-07,6
3386,52,0.43137254901960786,3.935760732777318e-05,4.1563213581809527e-07,6
3409,16,0.3,1.092894132436129e-05,3.0101346596708556e-07,6
2693,18,0.3202614379084967,5.571443815157063e-05,6.865084448351894e-07,6
2979,18,0.24183006535947713,2.9130771236490247e-05,7.201897657723504e-07,6
3101,122,0.3838233301720634,0.00026538279797343027,8.592299464423507e-07,6
3265,48,0.7375886524822695,9.569537515281364e-05,6.503135716473957e-07,6
3385,53,0.2656023222060958,0.00012665496277610095,7.531532645225911e-07,6
1913,19,0.7192982456140351,8.92969293296086e-06,0.0009652182311328136,5
1916,79,0.6806231742940604,3.624591415614254e-05,0.0030233756096254604,5
1940,93,0.6979897148200094,1.1465165142090686e-05,0.004658740508218483,5
1947,120,0.5686274509803921,0.0001579157111878457,0.004893297532284188,5
1954,93,0.5046750818139317,0.0007412964310193533,0.003470709068825865,5
1994,64,0.808531746031746,2.596026168434584e-06,0.0046011907562863285,5
2002,85,0.6112044817927171,1.474119022122618e-05,0.0045817642763161135,5
2010,84,0.8029259896729777,2.632194918405109e-06,0.003940278976296496,5
2026,96,0.5114035087719299,0.0001343550269806884,0.010413747125198738,5
2052,106,0.72848158131177,1.3824098370697247e-05,0.005332420633080338,5
2062,76,0.5470175438596491,0.00013061504557439538,0.006209398227279324,5
2101,71,0.6366197183098592,6.246174233536741e-05,0.0028282811738885786,5
2137,49,0.6632653061224489,1.642755610436266e-05,0.005909796153255096,5
2144,78,0.7718947718947718,2.419306291455258e-05,0.004051803075287744,5
2151,86,0.7493844049247605,9.033930273201597e-06,0.004739946059975656,5
2163,31,0.6129032258064516,1.317820091160791e-05,0.0026027235723081747,5
2176,117,0.48320070733863835,0.00030930771085077065,0.004169906750521298,5
2215,58,0.6388384754990926,4.096844360556445e-05,0.003928541975885761,5
2241,119,0.6621563879789204,1.9166054501887767e-05,0.005420710515105646,5
2246,95,0.6777155655095185,2.0336792302936092e-05,0.004778901095498641,5
2273,91,0.7032967032967034,1.564446303874311e-05,0.004002819460993689,5
2294,122,0.5829833355913833,0.00010795205449377684,0.004278896880129926,5
2295,23,0.758893280632411,2.3230839986066277e-06,0.0016800571269841224,5
2298,17,0.5,2.5384810844595094e-05,0.0013174086035335126,5
2343,79,0.7445634534242129,2.7061436943378093e-05,0.0039060254681156604,5
2344,121,0.5410468319559228,0.00019292185748450035,0.004868188779534829,5
2355,30,0.5471264367816092,1.5029374790319015e-05,0.0019590657353230757,5
2377,94,0.6250285975749257,5.6422547170871976e-05,0.003875676349866571,5
2389,28,0.42592592592592593,4.991969904662044e-05,0.0010525094843969406,5
2394,95,0.6047032474804032,0.00013965939426302822,0.0038959338216519135,5
2413,17,0.7941176470588235,9.88390860255239e-06,0.0009037778676362434,5
2419,109,0.5341488277268094,0.00014737246626552833,0.0041272874878727885,5
2465,60,0.8576271186440678,2.7078137768771693e-06,0.0034323743428869855,5
2468,177,0.553030303030303,0.0010910511874438202,0.06282707517542123,14
2519,35,0.7647058823529411,7.62063765342905e-07,0.002093436180834063,5
2544,30,0.6275862068965518,8.185376331982665e-06,0.0023408151708093194,5
2582,101,0.7106930693069307,1.5636505380150896e-05,0.004858758580888059,5
2588,91,0.7028083028083028,3.48938840765407e-05,0.004065067776271635,5
2594,94,0.5099519560741249,0.0001176492756679391,0.004863538235429326,5
2605,17,0.5588235294117647,6.7985978724018734e-06,0.0019101715896643213,5
2609,49,0.9379251700680272,9.562451063689091e-08,0.003535029893811654,5
2616,100,0.616969696969697,4.9817247879689825e-05,0.004368443275025996,5
2903,8,0.6071428571428571,1.65873281548273e-06,2.6480747075244884e-07,6
2938,20,0.32105263157894737,1.1231988692852541e-05,2.8655395439635904e-07,6
2999,30,0.28045977011494255,1.5026257273389206e-05,3.2707460648609904e-07,6
3201,92,0.5212613473483039,4.77332611409474e-05,5.001583406163362e-07,6
3319,26,0.3323076923076923,2.2333806245724376e-05,3.02547303160968e-07,6
3355,54,0.6009783368273934,2.1165127389680772e-05,3.8864698733564713e-07,6
3097,41,0.22439024390243903,3.630652964973677e-05,3.529794422084496e-07,6
2707,15,0.3619047619047619,1.4843967969703625e-05,5.653962666321722e-07,6
3111,52,0.36048265460030166,0.0001913862081666708,6.393503156223501e-07,6
3186,23,0.3557312252964427,7.035000143433131e-05,5.926548087634694e-07,6
2661,99,0.4683570397856112,7.666532119877394e-06,3.972091632347804e-07,6
2662,37,0.4114114114114114,5.49664261764221e-06,2.499114716491776e-07,6
2663,26,0.5076923076923077,1.6137498610038091e-06,1.7636648849552958e-07,3
2664,83,0.5548045841904202,5.529075853298819e-06,3.296823254380922e-07,3
2665,50,0.2710204081632653,1.69276615315305e-05,2.5516658912531507e-07,6
2666,61,0.6338797814207651,7.30468579155878e-06,2.752317308391669e-07,3
2667,20,0.3157894736842105,5.219688821115593e-06,1.633742857233745e-07,6
2668,34,0.23885918003565063,2.615352199086571e-05,1.8964077720570395e-07,6
2669,97,0.5375859106529209,3.518289947337042e-05,3.5673457444268087e-07,3
2670,19,0.7953216374269005,4.1862245596389743e-07,1.5521817283866675e-07,8
2671,6,1.0,0.0,1.4696510155183002e-07,6
2672,37,0.5885885885885885,1.0317832593136092e-06,2.3387442098724947e-07,6
2673,29,0.6477832512315271,9.936670574310101e-07,1.972034680191248e-07,3
2674,70,0.631055900621118,1.083855331576481e-06,3.190561353550819e-07,6
2675,38,0.41963015647226176,8.179323801184884e-06,2.095779909052592e-07,6
2676,83,0.5642080517190714,1.1447648587277414e-05,3.2726347095329865e-07,3
2679,93,0.47007947639083686,1.7084853668707356e-05,3.386978203841346e-07,3
2680,53,0.6088534107402032,2.492479067980078e-06,2.608550176302411e-07,3
2681,45,0.5606060606060606,1.4572084646592684e-06,2.3363432870618898e-07,3
2682,16,0.5916666666666667,0.0,2.1205129946580226e-07,6
2683,78,0.43356643356643354,2.5450612328892522e-05,2.934119636412865e-07,3
2684,28,0.708994708994709,9.815287617929637e-07,2.1904751989324417e-07,6
2685,12,0.5454545454545454,9.704326526599402e-07,1.708790465792065e-07,6
2686,24,0.45652173913043476,9.611780607944987e-07,1.8296382416990257e-07,6
2687,21,0.7619047619047619,9.268686897628841e-08,1.882784224682812e-07,6
2688,11,0.36363636363636365,1.189296187089629e-06,1.704561953531318e-07,6
2689,67,0.5707824513794663,8.076559014453195e-06,2.873621882697259e-07,3
2690,31,0.22580645161290322,1.5409526638377084e-05,1.9226743168218685e-07,6
2691,3,1.0,0.0,1.3724864450147688e-07,6
2692,5,0.8,3.303600519693413e-08,1.5441342544147434e-07,6
2694,93,0.5081813931743806,2.4611945616239167e-05,3.516280622798945e-07,3
2695,11,0.8181818181818182,0.0,1.555966158092699e-07,3
2696,19,0.39766081871345027,6.568115373574349e-06,1.7985442250697875e-07,6
2697,16,0.5166666666666667,0.0,1.756674948479369e-07,6
2698,69,0.6197783461210571,3.785558305714378e-06,2.9770097495739066e-07,3
2699,13,0.9358974358974359,8.259001299233534e-08,1.4869664336009184e-07,8
2700,15,0.20952380952380953,4.2994001049152846e-06,1.5755182081227396e-07,6
2701,26,0.8246153846153846,4.002269657023399e-07,2.0891458252004883e-07,6
2702,24,0.3333333333333333,1.5005516261634906e-06,1.746935497352475e-07,6
2703,18,0.8562091503267973,2.5344242997922683e-07,1.5419559607374875e-07,8
2705,27,0.6837606837606838,1.2652816962371483e-06,1.999871149084095e-07,3
2706,67,0.47715965626413387,7.193236169740883e-06,2.7694632353802125e-07,3
2708,34,0.6541889483065954,2.083226198502969e-06,2.3524075444043224e-07,6
2709,12,0.4090909090909091,2.865873450834036e-06,1.5124476006414242e-07,6
2710,13,0.5256410256410257,0.0,1.5359851453836465e-07,3
2711,31,0.34623655913978496,8.279703161937288e-05,2.248731394505888e-07,6
2712,44,0.5126849894291755,1.2576706561028405e-06,2.421950052701829e-07,6
2713,31,0.4860215053763441,4.3148743875693445e-06,2.093522071271468e-07,6
2714,3,0.6666666666666666,2.47770038977006e-07,1.4201021547556114e-07,6
2715,32,0.3024193548387097,9.28278126443307e-06,1.887549907561633e-07,6
2716,95,0.29720044792833145,8.387522810239389e-05,3.676452742505147e-07,6
2717,54,0.7638015373864431,1.9156073790696415e-06,2.641191456990515e-07,3
2718,37,0.3303303303303303,1.0823049265702508e-05,2.4786087216400245e-07,6
2719,100,0.42363636363636364,2.743379458327812e-05,4.1223646333140235e-07,6
2720,49,0.4574829931972789,7.65261563904919e-06,2.718976176059796e-07,6
2721,6,1.0,0.0,1.4696510155183002e-07,6
2722,3,1.0,0.0,1.4270411386867725e-07,6
2723,12,0.45454545454545453,1.2099436903377128e-06,1.5461939080134667e-07,6
2726,17,0.5955882352941176,0.0,1.6027975860351502e-07,3
2727,13,0.4230769230769231,2.064750324808383e-06,1.6379150544732752e-07,6
2728,38,0.5064011379800853,1.0138586854015002e-05,2.487928832418552e-07,6
2729,63,0.46953405017921146,1.75560610886395e-05,2.5840446942503255e-07,3
2730,89,0.20250255362614913,7.574308866066836e-05,3.5292353053815334e-07,6
2731,29,0.6527093596059114,1.1841662775087182e-06,1.891807088291162e-07,3
2732,8,0.9642857142857143,0.0,1.425318297033997e-07,6
2733,24,0.6666666666666666,9.355535527545354e-07,2.0462915216126403e-07,6
2735,19,0.23391812865497075,0.0,1.9183521139478998e-07,6
2736,5,1.0,0.0,1.440869071648836e-07,6
2737,21,0.4095238095238095,7.250580815922356e-07,2.1092048594592738e-07,6
2738,83,0.4025859535703791,2.6062408728835617e-05,3.085487042473509e-07,3
2739,31,0.3741935483870968,1.3578412765767566e-05,2.2654220680021238e-07,6
2741,57,0.4692982456140351,8.438786720468682e-06,2.5474437096943073e-07,3
2742,116,0.4058470764617691,3.8943619948138035e-05,4.314259417754884e-07,6
2743,51,0.4949019607843137,4.733558857213964e-06,2.384643785741546e-07,3
2744,13,0.5897435897435898,2.5343335415362325e-06,2.7416836699763104e-07,6
2745,33,0.4375,1.2932440258883763e-05,2.0291786692473213e-07,3
2746,15,0.7904761904761904,1.7534495066065042e-08,1.7542414284415924e-07,3
2747,13,0.5769230769230769,3.8404356041435924e-07,1.7847834476279245e-07,6
2748,75,0.34954954954954953,5.1796615930934765e-05,3.2414400336397324e-07,6
2749,53,0.5616835994194485,4.826738996538792e-06,2.559194810585309e-07,3
2750,85,0.5834733893557423,5.286120152485701e-06,3.331708715409858e-07,3
2751,35,0.32100840336134456,1.073666236042598e-05,2.0311883490595302e-07,6
2753,52,0.555052790346908,2.880166167708414e-06,2.9660092656866634e-07,6
2754,122,0.4083457526080477,4.1125780272916696e-05,3.9832976424981605e-07,3
2755,89,0.559244126659857,1.0680830316943373e-05,3.3964025451898816e-07,3
2756,45,0.6404040404040404,3.935234370412664e-06,2.297077468890049e-07,3
2757,83,0.5480458419042021,1.703706347290114e-05,3.2876166470090943e-07,3
2758,47,0.3367252543940796,0.00039680147876894843,2.5658795191487714e-07,6
2759,22,0.26406926406926406,6.431009011669844e-06,1.709574344053612e-07,3
2761,28,0.582010582010582,1.2242682307262874e-06,1.895028469100621e-07,3
2762,21,0.319047619047619,1.7947596394786773e-06,1.7597464325222152e-07,6
2763,63,0.463389656938044,1.0373139265533464e-05,2.654222508370812e-07,3
2765,47,0.7955596669750231,5.098822508599675e-07,2.533428126621915e-07,6
2766,13,0.5512820512820513,0.0,1.5618078717024177e-07,3
2767,6,1.0,0.0,1.409013683072146e-07,8
2768,28,0.31216931216931215,9.096737818381523e-06,2.0528511255614464e-07,6
2769,12,0.5303030303030303,0.0,1.5314032033020622e-07,3
2770,41,0.8439024390243902,9.379981898433639e-08,2.4283768320556667e-07,6
2771,14,0.6483516483516484,1.1397421792942276e-06,1.5546294073212987e-07,6
2772,34,0.17825311942959002,2.7541311013728883e-05,1.9554037970049883e-07,6
2773,57,0.5344611528822055,5.058817836690273e-06,2.565640740886554e-07,3
2774,6,0.9333333333333333,0.0,1.403580441214104e-07,6
2776,6,0.7333333333333333,0.0,1.408474143389656e-07,6
2777,83,0.5633264766382604,8.986453480094813e-06,3.286156314861834e-07,3
2778,95,0.4311310190369541,4.031424346517205e-05,3.940991934266862e-07,6
2779,20,0.7052631578947368,0.011569119681449273,2.029341803106846e-07,6
2780,59,0.2863822326125073,4.615756063890837e-05,2.6553729558742414e-07,6
2781,66,0.4027972027972028,2.0654712458083363e-05,3.183259099984971e-07,6
2782,98,0.4965285083105407,2.2448413687173418e-05,3.5892872324282997e-07,3
2783,33,0.36553030303030304,2.9518813446721267e-06,2.039531478263989e-07,6
2784,28,0.2671957671957672,7.046304608462741e-06,1.8999712697900027e-07,6
2785,44,0.3488372093023256,2.2144697692110818e-05,2.2772366675836404e-07,6
2786,102,0.45466899631139585,3.2816752570424244e-05,3.567994512475266e-07,3
2787,49,0.28316326530612246,2.085788086592956e-05,2.5542367791615157e-07,6
2788,2,1.0,0.0,1.3626276087879505e-07,6
2789,19,0.43859649122807015,1.2862411309115845e-06,1.6238117781337002e-07,3
2790,9,0.4722222222222222,1.292533703330048e-06,1.5370238649749517e-07,6
2791,12,0.2878787878787879,0.0,1.5329920021009018e-07,6
2792,3,1.0,0.0,1.3724864450147688e-07,6
2793,99,0.4444444444444444,2.7551980397445628e-05,3.870674114178927e-07,6
2794,19,0.7660818713450293,3.8904517488059337e-07,1.700405926160645e-07,3
2795,24,0.2753623188405797,2.5396428995143113e-06,1.8060550718523452e-07,6
2796,60,0.5485875706214689,9.056133092694288e-06,3.0022174929459013e-07,6
2797,27,0.6638176638176638,2.707196376768055e-06,2.0854268202732738e-07,6
2798,3,0.6666666666666666,0.0,1.3910336718352333e-07,3
2799,8,0.9642857142857143,0.0,1.559442133343118e-07,6
2800,82,0.5597711532670883,1.9862336680150804e-05,3.246031197033092e-07,3
2801,10,0.8,1.6518002598467065e-07,1.5027372794162604e-07,6
2802,10,0.6888888888888889,1.8361859441674003e-07,1.6148999772604333e-07,6
2803,22,0.2510822510822511,0.0,1.788727985011657e-07,6
2804,9,0.4722222222222222,0.0,1.4944370854637627e-07,6
2805,8,0.4642857142857143,0.0,1.4355868692223861e-07,6
2806,50,0.4595918367346939,6.932349027153667e-06,2.369160013371993e-07,3
2807,22,0.4025974025974026,1.282360042565252e-06,1.6507817339454605e-07,3
2808,3,1.0,0.0,1.3864139674986113e-07,6
2809,19,0.49707602339181284,4.216566875719276e-06,1.6438852488317912e-07,3
2810,58,0.5160314579552329,4.970734450273123e-06,2.574758592532764e-07,3
2811,7,0.47619047619047616,5.533530870486467e-07,1.5714154399566637e-07,6
2812,25,0.18666666666666668,1.4445601077649869e-05,1.884518257098157e-07,6
2815,57,0.6804511278195489,3.103277140675342e-06,2.7218680492478724e-07,3
2816,11,0.8363636363636363,0.0,1.5343646332610034e-07,6
2817,5,1.0,0.0,1.3934703034201807e-07,6
2818,16,0.21666666666666667,4.410306693790707e-06,1.6883688727119285e-07,6
2819,24,0.27898550724637683,2.621446340954338e-06,1.8364684385206947e-07,6
2820,15,0.5428571428571428,2.7667654352432336e-06,1.754815537661895e-07,6
2821,13,0.5897435897435898,9.857712463403012e-07,1.5563547622894497e-07,3
2823,38,0.6372688477951636,4.588954404635368e-06,2.3743246217016388e-07,6
2824,6,1.0,0.0,1.4696510155183002e-07,6
2825,20,0.3,3.6019256575323945e-06,3.126288517919336e-07,6
2827,75,0.6018018018018018,6.407844941651322e-06,3.0885967617707395e-07,3
2828,78,0.5547785547785548,5.050492675560486e-06,3.534082305153711e-07,6
2829,28,0.6772486772486772,1.5609570252071738e-05,2.3572126721777398e-07,6
2830,22,0.6363636363636364,1.276751677164145e-06,2.1378237324777985e-07,6
2831,18,0.5098039215686274,6.89626608486e-07,1.6654217894478817e-07,6
2832,30,0.2988505747126437,1.424854702717054e-05,1.874604706501458e-07,6
2833,82,0.49262270400481784,3.425048048284977e-06,3.687421599991675e-07,6
2834,9,0.8055555555555556,0.0,1.4483823513027424e-07,8
2835,44,0.572938689217759,1.6711954641578355e-06,2.370955121725637e-07,3
2836,31,0.2645161290322581,2.2543337332034082e-05,1.9458672408791077e-07,6
2837,14,0.6153846153846154,1.7548108804470367e-06,1.5316843122825377e-07,3
2839,137,0.3992056676685273,6.286910341823608e-05,4.3150835722092626e-07,3
2840,33,0.42803030303030304,9.538189369496733e-06,2.1800497619518015e-07,6
2841,31,0.24946236559139784,1.8177668573836852e-05,1.8372356897612173e-07,6
2842,1,0.0,0.0,1.3524281459468254e-07,6
2843,29,0.5886699507389163,0.0,1.8667560832117886e-07,6
2844,29,0.29064039408866993,6.2158514393616075e-06,1.9618522020307285e-07,6
2845,26,0.4676923076923077,2.0040892903283175e-06,2.2804560909235697e-07,6
2846,27,0.6780626780626781,2.315470845805129e-06,1.9539128745958413e-07,6
2847,12,0.2878787878787879,8.925620689814526e-07,1.908435952242625e-07,6
2848,21,0.23333333333333334,4.798479754854683e-06,1.7287697460232553e-07,6
2849,81,0.5540123456790124,2.4927849220281116e-06,3.4817399007030214e-07,6
2850,33,0.678030303030303,7.455681530052047e-07,2.1244706826926993e-07,3
2851,22,0.4935064935064935,1.335251478957596e-06,1.6625271412343792e-07,3
2852,11,0.8363636363636363,1.32697371124535e-07,1.6030253776482257e-07,3
2853,62,0.6599682707562137,1.1178199327830868e-06,3.0812943251682694e-07,6
2854,36,0.37936507936507935,2.1030331197917352e-06,2.0255011615108103e-07,3
2855,4,1.0,0.0,1.4218708006164076e-07,6
2856,18,0.33986928104575165,5.646993816906889e-06,1.687452486823423e-07,6
2857,5,0.1,0.006758534131699344,0.00033677699610406203,6
2858,17,0.33088235294117646,1.128533534673839e-06,1.674250914251108e-07,6
2859,20,0.39473684210526316,1.6174056310594225e-06,1.8171813394602954e-07,6
2860,3,1.0,0.0,1.516959481396057e-07,6
2861,11,0.6727272727272727,4.501155708082276e-07,1.59062434121383e-07,6
2862,71,0.5597585513078471,8.150495023481341e-06,2.9504808397162463e-07,3
2863,104,0.34820761762509334,0.00010308225867697792,3.9092132035838756e-07,6
2864,75,0.5297297297297298,1.350886655990009e-05,3.0558607902427627e-07,3
2865,39,0.3522267206477733,2.959212541641198e-05,2.181850813675642e-07,6
2866,78,0.5870795870795871,9.736913940376663e-06,3.1776445085043876e-07,3
2867,80,0.5104430379746835,1.000893076020774e-05,3.138329826946512e-07,3
2868,21,0.3047619047619048,9.305111211051103e-06,1.7020306204855046e-07,6
2870,22,0.36363636363636365,1.6936851950071053e-06,1.901406276628677e-07,6
2871,42,0.32752613240418116,4.7418094747110405e-06,2.195619626258802e-07,6
2872,76,0.6207017543859649,7.367776897399178e-06,3.1160372137376457e-07,3
2873,73,0.5026636225266362,1.1804069205631649e-05,2.9003954575194324e-07,3
2874,47,0.5402405180388529,3.632821717448313e-06,2.313676325304763e-07,3
2875,52,0.4803921568627451,1.3287435127610604e-05,2.798042775882723e-07,6
2876,14,0.5054945054945055,1.3875122182712338e-06,1.6629927290753543e-07,6
2877,104,0.4772218073188947,1.4799827262020536e-05,3.6578666466261854e-07,3
2878,11,0.38181818181818183,0.0,1.5608412717177515e-07,6
2879,16,0.9333333333333333,8.259001299233534e-08,1.520634152252669e-07,8
2880,66,0.5710955710955711,4.88625792742914e-06,2.85524001308779e-07,3
2881,45,0.29797979797979796,2.9211035685308887e-05,2.60344649999017e-07,6
2882,10,0.28888888888888886,9.586340793753208e-07,1.57466488231583e-07,6
2884,6,0.4666666666666667,8.259001299233533e-07,1.4360486908451292e-07,3
2886,10,0.7777777777777778,0.0,1.4632260072203657e-07,6
2887,40,0.5525641025641026,3.3308691062819727e-06,2.1579400258957812e-07,3
2888,15,0.6190476190476191,0.0,1.565559961944796e-07,3
2889,19,0.6374269005847953,1.5692102468543715e-06,1.5567799158769977e-07,8
2890,88,0.45480668756530823,2.6939562877574534e-05,3.2258615338218455e-07,3
2891,22,0.6060606060606061,4.729048620015907e-07,1.7978889560152983e-07,3
2893,8,0.42857142857142855,1.3214402078773652e-06,1.4508950419854483e-07,6
2894,61,0.419672131147541,6.9986353992240914e-06,3.15410111222679e-07,6
2895,9,0.5277777777777778,4.1295006496167666e-07,1.5434267849843722e-07,6
2896,50,0.5469387755102041,2.2757020400226004e-06,2.51218377014541e-07,3
2897,54,0.6345213137665968,1.774557194069958e-06,2.6074547717368364e-07,3
2898,8,0.8928571428571429,0.0,1.484773534577376e-07,6
2899,6,0.9333333333333333,0.0,1.4125030636215994e-07,3
2900,11,0.8727272727272727,3.303600519693413e-08,1.824614601220376e-07,6
2901,77,0.37867395762132605,2.8301959949914124e-05,3.369298984199998e-07,6
2902,7,1.0,0.0,1.4150486693251664e-07,6
2904,72,0.2871674491392801,4.3557246995099303e-05,2.89191725783775e-07,6
2905,74,0.5664568678267309,4.91315808629569e-06,3.0983515241922823e-07,3
2906,92,0.5441949354992833,8.384391213176334e-06,3.4725449116563155e-07,3
2907,32,0.6895161290322581,8.171689453176277e-07,2.0127159804036125e-07,3
2908,27,0.8290598290598291,4.774921192156028e-07,1.9975112417418327e-07,3
2909,77,0.518796992481203,8.815358878298004e-06,3.0647445257908844e-07,3
2910,83,0.5809579782544814,1.3544212995989931e-05,3.2957000910608223e-07,3
2911,69,0.6462063086104007,4.343707576144874e-06,2.956230379349529e-07,3
2912,61,0.6551912568306011,2.8471678691130635e-06,2.7850396352347816e-07,3
2913,75,0.5693693693693693,1.9506412432660895e-05,3.0835354692057757e-07,3
2914,41,0.32439024390243903,3.3266153007864227e-06,2.3908230503370296e-07,6
2915,91,0.41684981684981687,1.8621116530802894e-05,3.321930290857636e-07,3
2916,87,0.5707030205827319,1.0922316460560737e-05,3.3824611310923933e-07,3
2917,18,0.7189542483660131,5.712475898636527e-08,1.7329123654677347e-07,3
2918,20,0.7526315789473684,2.339762966972055e-06,1.916878803181621e-07,6
2919,70,0.5652173913043478,9.633272669186608e-06,3.0092145454461503e-07,3
2920,74,0.5438726397630507,9.289100824847778e-06,3.066686707190928e-07,3
2921,40,0.2602564102564103,3.105777774287963e-06,2.3184265046240814e-07,6
2922,3,1.0,0.0,1.3738061063392697e-07,6
2923,16,0.20833333333333334,2.122563333903018e-06,1.8072778401728547e-07,6
2924,40,0.5,4.592511086521097e-06,2.2317149023723824e-07,3
2925,79,0.5410580980201234,8.437600416866242e-06,3.170570870152655e-07,3
2926,10,0.7333333333333333,0.0,1.4615644096727164e-07,6
2927,92,0.4947443860487339,1.411391975728993e-05,3.424645543296086e-07,3
2928,86,0.46812585499316006,1.982811539716357e-05,3.238201084558403e-07,3
2929,48,0.6072695035460993,4.874825699393582e-06,2.383894744298295e-07,3
2930,8,0.9642857142857143,0.0,1.425318297033997e-07,6
2931,53,0.4448476052249637,1.0740100793388175e-05,2.4438548993661036e-07,3
2932,40,0.4269230769230769,2.2058972895698263e-06,2.1385476817971502e-07,6
2933,14,0.6593406593406593,3.8935291839243796e-07,1.5795787355706237e-07,6
2934,20,0.43157894736842106,4.745386175073896e-06,1.966886267390073e-07,6
2935,12,0.7121212121212122,2.0116567450275966e-06,1.5468249025882962e-07,6
2936,60,0.4378531073446328,1.3276179129210688e-05,2.925724767762794e-07,6
2937,63,0.5135688684075781,8.445439575119163e-06,3.1464990563941014e-07,6
2939,69,0.6436487638533674,1.027410795540489e-06,3.180062595211856e-07,6
2940,64,0.6036706349206349,6.069074488864799e-06,2.84219616872502e-07,3
2942,10,0.4888888888888889,0.0,1.6748325278954504e-07,6
2943,82,0.5073772959951822,1.2278955581134078e-05,3.1519075726267916e-07,3
2944,106,0.43090745732255165,3.9585189856792994e-05,3.6470246570274843e-07,3
2945,54,0.5443745632424878,4.466286477301759e-06,2.50406400251249e-07,3
2946,59,0.30391583869082406,3.095593341149734e-05,2.9491806379550985e-07,3
2947,17,0.7352941176470589,5.5060008661556886e-08,2.245122023791669e-07,6
2948,21,0.6238095238095238,6.192923649877642e-07,1.7344493987358938e-07,3
2949,20,0.45789473684210524,1.2642171274469616e-06,1.6516818728568675e-07,6
2950,48,0.3342198581560284,1.4392000408161557e-05,2.661076726680618e-07,6
2951,102,0.21840419336051253,0.0006552375229391047,4.240745536364319e-07,6
2952,3,0.6666666666666666,0.0,1.3848633452116577e-07,3
2953,34,0.6452762923351159,2.0955929609197903e-06,2.0899575494721255e-07,3
2954,13,0.5128205128205128,4.919415131022032e-06,1.5493571061781939e-07,6
2955,44,0.36469344608879495,0.0,2.239727294025352e-07,6
2956,96,0.4826754385964912,2.3093190645744777e-05,3.4755475825425437e-07,3
2957,14,0.4065934065934066,1.9739013105168143e-06,1.7627504607272735e-07,6
2958,42,0.25435540069686413,1.5510468771899638e-06,2.5162817001360564e-07,6
2959,17,0.875,2.363344987165288e-07,1.531021302291176e-07,8
2960,92,0.5212613473483039,1.2094562508557215e-05,3.4377802036444825e-07,3
2961,11,0.36363636363636365,2.051562875181402e-06,1.563130429574878e-07,3
2963,4,0.6666666666666666,0.0,1.4031860707870961e-07,3
2965,17,0.34558823529411764,6.179720352845611e-06,1.7481623992615052e-07,6
2966,107,0.47804619996473285,2.4537723075347328e-05,3.728493407409636e-07,3
2967,22,0.6060606060606061,2.894364757238282e-07,1.794493415878065e-07,3
2969,72,0.5230829420970265,0.0009164133784126029,3.052100629756759e-07,3
2970,44,0.8128964059196617,4.7003862301280806e-07,2.5008811634175083e-07,6
2972,17,0.8602941176470589,1.000609772791755e-07,1.53098553058146e-07,8
2973,73,0.523972602739726,1.6924875749783617e-05,3.3113743108063064e-07,6
2974,59,0.6165984804208066,3.2663762887867697e-06,2.71648181777376e-07,3
2975,3,0.6666666666666666,2.47770038977006e-07,1.3753960992623446e-07,6
2977,33,0.7064393939393939,9.026968521122805e-07,2.016402028919335e-07,3
2978,25,0.44,0.0,1.7145685557249933e-07,3
2980,5,1.0,0.0,1.5143852432040364e-07,6
2981,23,0.541501976284585,5.779597705328469e-07,1.8093346129132785e-07,3
2982,15,0.9523809523809523,3.8118467534924e-08,1.5096675341427183e-07,8
2983,17,0.6029411764705882,5.091084372313242e-07,1.590813644113371e-07,6
2984,24,0.4057971014492754,2.0451323049155257e-06,1.901363183003246e-07,6
2985,60,0.7056497175141243,2.0825478331359354e-06,2.781505949814428e-07,3
2986,100,0.5127272727272727,1.3333309110168737e-05,3.600703570431995e-07,3
2987,27,0.603988603988604,1.5346289741876417e-06,1.9035114923200197e-07,3
2988,63,0.5130568356374808,8.041782192176242e-06,2.707521297064926e-07,3
2989,58,0.5021173623714459,1.0686531685263474e-05,2.914472338939046e-07,6
2990,13,0.6923076923076923,0.0,1.6407525664971402e-07,6
2991,61,0.6775956284153005,2.1376353961107734e-06,3.106626395462579e-07,6
2992,72,0.47300469483568075,2.1394115877087818e-05,3.2541411854054155e-07,6
2993,56,0.5512987012987013,7.71157936990424e-06,2.537896050387858e-07,3
2994,65,0.4793269230769231,1.287866922593909e-05,2.7320494100975625e-07,3
2995,15,0.3619047619047619,2.353815370281557e-06,1.852144433751118e-07,6
2996,39,0.26720647773279355,1.0066149440661063e-05,2.192102314332703e-07,6
2997,14,0.5714285714285714,3.4528524717438483e-06,1.5604414205839999e-07,6
2998,3,0.6666666666666666,3.303600519693413e-07,1.3870453128622103e-07,6
3000,91,0.47692307692307695,1.726103071478942e-05,3.3434531737212395e-07,3
3002,72,0.24804381846635368,4.251519145459925e-05,3.5294764909156854e-07,6
3004,53,0.6015965166908563,8.150815741330894e-07,2.584148547249823e-07,3
3006,2,1.0,0.0,1.3816386331739132e-07,6
3007,24,0.4673913043478261,2.5943820479789485e-06,1.9673527189943363e-07,6
3008,16,0.95,7.115447273185813e-08,1.5207955346419961e-07,8
3009,19,0.3391812865497076,2.1731184327649935e-06,1.7655768256841016e-07,6
3010,32,0.36693548387096775,1.0968780507635642e-05,1.894375181117688e-07,3
3012,11,0.7636363636363637,2.5661896894047047e-07,1.512558268315632e-07,6
3013,24,0.677536231884058,1.2070895671221746e-06,1.7827175723284021e-07,6
3014,43,0.5902547065337763,2.4379998666545684e-06,2.2868441427251787e-07,3
3015,10,0.3111111111111111,1.232619907544238e-06,1.5088223756618843e-07,6
3016,29,0.4187192118226601,2.7935088680217035e-06,2.032427842271384e-07,6
3017,70,0.3370600414078675,3.851511170847602e-05,3.1094309825679833e-07,6
3018,30,0.4160919540229885,6.221602212494041e-06,2.5151502065302826e-07,6
3021,50,0.7493877551020408,2.492216146059124e-07,2.803563821363783e-07,6
3022,80,0.5936708860759494,4.699449866196976e-06,3.2076387583320476e-07,3
3023,35,0.5983193277310924,2.3977821347870816e-06,2.0593192516059005e-07,3
3024,14,0.32967032967032966,0.0,1.779366025703265e-07,6
3025,54,0.4703004891684137,1.1483162437096898e-05,2.408235227506665e-07,3
3026,96,0.4456140350877193,1.853319548845047e-05,3.409054284208364e-07,3
3027,66,0.2522144522144522,3.722192613368376e-05,2.773971338925473e-07,6
3028,12,0.5606060606060606,0.0,1.485245763562179e-07,6
3029,52,0.5957767722473605,4.837807348802891e-06,2.4823198236898606e-07,3
3030,8,0.7857142857142857,2.9149416350236e-08,1.4519414896678305e-07,3
3031,4,0.0,0.012097964146023783,4.1055194269634405e-06,7
3032,22,0.6493506493506493,5.393185603653337e-07,1.7470435069627546e-07,6
3033,88,0.5433646812957158,1.497566864425483e-05,3.389113766896018e-07,3
3035,90,0.4991260923845193,2.4555383192188258e-05,3.700476516956499e-07,6
3036,38,0.45803698435277385,6.200414849644514e-06,2.1461136524504239e-07,3
3037,3,1.0,0.0,1.3724864450147688e-07,6
3038,88,0.3725182863113898,5.308842080432906e-05,3.556559516069493e-07,6
3039,22,0.8008658008658008,4.3927741257878135e-07,1.9490182308704685e-07,6
3040,51,0.7349019607843137,1.2959895339589984e-06,2.5566990525001134e-07,3
3041,27,0.5754985754985755,2.7223317057258377e-06,1.891590097626305e-07,6
3042,20,0.45263157894736844,1.3946158006490198e-06,1.7229460378904995e-07,3
3043,17,0.3235294117647059,3.560809417298115e-06,1.745155311758692e-07,6
3044,6,0.7333333333333333,0.0,1.4640849323226928e-07,3
3045,8,0.5,1.131483177994994e-06,1.4314722847803494e-07,3
3046,37,0.43843843843843844,2.426180050761123e-05,2.1452296548226416e-07,6
3047,50,0.7395918367346939,1.6838159137423637e-06,2.535135444671717e-07,3
3048,15,0.41904761904761906,2.812779871053249e-06,1.5772294257596784e-07,6
3049,76,0.5894736842105263,2.156826089014128e-05,3.330417414660742e-07,6
3050,16,0.4666666666666667,3.363183314780741e-06,1.596632940474824e-07,6
3051,101,0.3724752475247525,3.868545152259325e-05,4.2566267209864855e-07,6
3052,50,0.4555102040816327,8.503351906478433e-06,2.3737784948951887e-07,3
3053,10,0.8444444444444444,1.6105052533505392e-07,1.581919547717927e-07,6
3054,83,0.5022039377020276,1.4495244143148265e-05,3.2070150723234677e-07,3
3055,6,0.9333333333333333,0.0,1.403580441214104e-07,6
3056,78,0.5347985347985348,1.1351239194551014e-05,3.13434555248021e-07,3
3058,15,0.9333333333333333,2.6081056734421682e-08,1.623255223719309e-07,6
3059,5,1.0,0.0,1.3991436315296394e-07,3
3060,78,0.4325674325674326,1.788122696635779e-05,3.458397520935574e-07,6
3061,14,0.5824175824175825,4.1295006496167666e-07,1.7356521505522185e-07,6
3063,11,0.8363636363636363,2.035253891596835e-07,1.5129432020040117e-07,6
3064,64,0.7118055555555556,2.573461774042262e-06,2.8551816220684347e-07,3
3065,53,0.6734397677793904,6.15515372911767e-06,2.5896755645171767e-07,3
3066,14,0.6043956043956044,8.630656357699043e-07,1.515682855391668e-07,6
3067,13,0.2692307692307692,4.005615630128264e-06,1.5970464842760355e-07,6
3068,16,0.6916666666666667,1.2935180440166847e-05,1.9789006414096105e-07,6
3069,16,0.5166666666666667,2.494410592384196e-05,1.90486765976792e-07,6
3070,62,0.6187202538339502,1.2017939299484084e-06,2.9276489741020986e-07,6
3071,1,0.0,0.0,1.3524281459468254e-07,6
3072,46,0.22415458937198068,3.845458592321378e-05,2.395025134301016e-07,6
3073,62,0.5044949762030672,5.878198699817299e-06,2.675034322500279e-07,3
3074,6,0.9333333333333333,0.0,1.403580441214104e-07,6
3075,23,0.2648221343873518,2.267310376153871e-06,1.7800167190890837e-07,6
3076,86,0.37400820793433653,2.8075277983894477e-05,3.5760139768052815e-07,6
3077,55,0.298989898989899,0.0003814407257902643,3.028097549732174e-07,6
3078,99,0.5584415584415584,1.3704505562985557e-05,3.6514310698598165e-07,3
3080,28,0.42592592592592593,6.561075167356165e-06,1.806064849680923e-07,3
3081,25,0.2833333333333333,6.790275568186503e-06,1.9212586973593103e-07,6
3082,116,0.4158920539730135,2.666744834437043e-05,4.355176971864457e-07,6
3083,10,0.7777777777777778,0.0,1.5054584410590013e-07,6
3084,76,0.44456140350877194,3.429355778794003e-05,2.874186255209525e-07,3
3085,52,0.5874811463046757,2.869124453346145e-06,2.564492362226024e-07,3
3086,37,0.5330330330330331,0.00010861750308304848,2.6305705593778357e-07,6
3087,51,0.3027450980392157,0.0,2.3646237976349767e-07,6
3088,10,0.5111111111111111,1.0819291701995928e-06,1.538981282570229e-07,6
3089,52,0.40271493212669685,2.115759649227535e-05,2.639870881682222e-07,6
3090,108,0.3679473866389754,5.1305249698619485e-05,3.5347882582967193e-07,3
3091,6,1.0,0.0,1.4696510155183002e-07,6
3092,11,0.5636363636363636,0.0,1.5546158983054218e-07,3
3093,16,0.5083333333333333,2.7685512373987565e-06,1.6388256627851558e-07,6
3094,7,0.8095238095238095,0.0,1.4931046370537142e-07,6
3095,15,0.42857142857142855,4.5328953747665316e-06,1.5753204732627132e-07,3
3096,76,0.6231578947368421,4.038560993982602e-06,3.1210036416259877e-07,3
3098,65,0.6038461538461538,6.225439449490346e-06,2.8510763067834493e-07,3
3099,10,0.7111111111111111,6.19425097442515e-07,1.4679387453997506e-07,6
3102,49,0.7899659863945578,2.488899985377928e-07,2.7614271129755497e-07,6
3103,20,0.5578947368421052,9.05313603954445e-07,1.828889759634008e-07,6
3104,83,0.4346165148398472,2.095041795193567e-05,3.0939059760921377e-07,3
3105,12,0.48484848484848486,1.6724477630947906e-06,1.6205063514085104e-07,6
3106,62,0.5668958223162348,7.962357017561588e-06,3.033502675827896e-07,6
3107,51,0.1984313725490196,4.955462660169235e-05,2.3584638445816094e-07,6
3108,63,0.7204301075268817,3.393417560767059e-06,2.8471367199635775e-07,3
3109,18,0.6601307189542484,5.336585454889359e-07,1.6761918691038236e-07,6
3110,17,0.35294117647058826,5.597064399961524e-06,1.6845676679758068e-07,6
3112,12,0.7727272727272727,3.989855700112818e-08,1.6040657218482378e-07,6
3113,68,0.4666374012291484,1.5322218620525708e-05,3.3480587606747056e-07,6
3114,46,0.4270531400966184,6.313841141285067e-06,2.2158514947953314e-07,3
3115,61,0.5109289617486339,1.3786242271143007e-05,2.8866498059714886e-07,6
3116,103,0.4401294498381877,2.824945932407697e-05,4.0003424058029326e-07,6
3117,63,0.3143881208397337,4.0649136996657105e-05,3.003976151416683e-07,3
3118,44,0.346723044397463,9.822445595491227e-06,3.0163773502617425e-07,6
3119,69,0.4812446717817562,8.245883991708255e-06,2.8062644464900994e-07,3
3120,71,0.6012072434607646,1.0005651770264505e-06,3.2823552553692455e-07,6
3121,4,0.6666666666666666,2.47770038977006e-07,1.3968420296704988e-07,6
3122,9,0.9444444444444444,6.19425097442515e-08,1.5708435178581055e-07,6
3123,33,0.5946969696969697,2.2524549904974803e-06,1.9763353006926673e-07,3
3124,30,0.25057471264367814,1.0011876003551813e-05,2.1265273105959684e-07,6
3125,2,1.0,0.0,1.375106542439806e-07,6
3126,8,0.9642857142857143,0.0,1.4288479635421605e-07,6
3127,6,0.9333333333333333,0.0,1.403580441214104e-07,6
3128,10,0.8222222222222222,0.0,1.464293352963801e-07,6
3129,35,0.4907563025210084,3.202872764036201e-06,2.078812953728184e-07,3
3130,13,0.6410256410256411,0.0,1.519182553176851e-07,3
3131,8,0.9642857142857143,0.0,1.425318297033997e-07,6
3132,84,0.5720022948938611,2.157802758525793e-06,3.630064399197559e-07,6
3133,10,0.6444444444444445,0.0,1.7565538178529952e-07,6
3134,2,1.0,0.0,1.366429861541155e-07,6
3135,35,0.6033613445378151,1.7393791089721548e-06,2.0625368476211965e-07,3
3137,49,0.39540816326530615,1.2213674602938816e-05,2.2402734313394735e-07,3
3138,19,0.42105263157894735,5.820432844190794e-06,1.6309464110644754e-07,6
3139,21,0.49523809523809526,1.3184905645562104e-06,1.6483627758352535e-07,3
3140,71,0.2414486921529175,3.530151743167925e-05,3.0184243560033423e-07,6
3141,11,0.6909090909090909,3.881730610639761e-07,1.591092233473297e-07,6
3142,56,0.674025974025974,2.5950243723294577e-06,2.667978996541501e-07,3
3143,4,0.8333333333333334,0.0,1.390390534116548e-07,3
3144,16,0.26666666666666666,4.1790546574121684e-06,1.6517961147433715e-07,6
3145,69,0.44714407502131287,1.3930115511024457e-05,3.305898107808285e-07,6
3146,61,0.6480874316939891,1.6347324585963513e-05,2.8555522762852457e-07,6
3147,5,1.0,0.0,1.3934703034201807e-07,6
3148,30,0.3701149425287356,1.4191418322689377e-05,2.0093092134671837e-07,6
3149,66,0.593006993006993,4.397206806861495e-06,2.8560978723935086e-07,3
3150,89,0.40551583248212464,1.5247530071564043e-05,3.6568673313925973e-07,6
3151,14,0.3956043956043956,2.6593984183531982e-06,1.6699653056968309e-07,6
3152,85,0.43221288515406164,2.3920785728958264e-05,3.5635113065678777e-07,6
3153,11,0.41818181818181815,1.4040302208697008e-06,1.514184419739113e-07,3
3154,91,0.25396825396825395,6.366202580888011e-05,3.8472875200710073e-07,6
3155,12,0.5757575757575758,0.0,1.532757963813475e-07,6
3156,13,0.7307692307692307,0.0,1.6205365489433324e-07,6
3157,15,0.24761904761904763,1.6661730673025155e-06,1.769243513886272e-07,6
3158,52,0.5256410256410257,5.84405041313996e-06,2.4337178542422566e-07,3
3159,7,0.6190476190476191,1.23885019488503e-06,1.627468527705376e-07,6
3160,30,0.49885057471264366,3.3938174249951846e-06,2.15739234839545e-07,6
3161,6,0.4666666666666667,0.0,1.5580689629105734e-07,6
3163,23,0.5928853754940712,4.7425177287203e-07,1.8498737709070098e-07,3
3166,38,0.55049786628734,3.693945346498171e-06,2.1264936274475364e-07,3
3167,17,0.6029411764705882,2.128659263433405e-06,1.6593358098651092e-07,6
3169,61,0.7316939890710382,1.1532195170395338e-06,3.0379982956914417e-07,6
3170,25,0.68,8.758252502495756e-07,2.1098773226478236e-07,6
3171,19,0.3216374269005848,4.930623775642419e-06,1.7222016101918235e-07,6
3172,72,0.44561815336463223,1.4582212155073793e-05,3.2371431789371433e-07,6
3174,74,0.5916327286190299,3.3255130660790184e-06,3.126143780878467e-07,3
3175,6,0.9333333333333333,3.097125487212575e-08,1.436086078048806e-07,6
3176,27,0.5925925925925926,1.913745522516382e-06,2.2692265417642258e-07,6
3177,41,0.3621951219512195,0.00016756646213568542,2.6190233454309755e-07,6
3180,8,0.9642857142857143,0.0,1.425318297033997e-07,6
3181,8,0.9642857142857143,0.0,1.425318297033997e-07,6
3182,68,0.47058823529411764,5.978735251669456e-06,3.226061009968917e-07,6
3183,1,0.0,0.0,1.3524281459468254e-07,6
3184,61,0.46939890710382515,1.0735846544366563e-05,2.647457058949157e-07,3
3185,80,0.4151898734177215,1.8951940928224718e-05,3.5251793090654494e-07,6
3187,34,0.45454545454545453,0.0,1.9696379672800975e-07,6
3188,51,0.42274509803921567,1.3744288223868589e-05,2.5888634522489417e-07,6
3189,19,0.5672514619883041,1.2343026562076132e-06,1.798692955413177e-07,6
3190,12,0.5606060606060606,6.076265241578956e-07,1.5381915867688354e-07,6
3191,40,0.367948717948718,5.981739616044156e-06,2.669101280220869e-07,6
3192,16,0.5666666666666667,2.2595550293663914e-07,1.6784277789041484e-07,6
3193,27,0.4586894586894587,3.677894571539177e-06,1.824112753359133e-07,3
3194,17,0.6691176470588235,4.79503520273591e-07,1.7693958198524266e-07,6
3195,72,0.6044600938967136,7.662243251366497e-06,3.0131818302803856e-07,3
3196,40,0.38461538461538464,1.1723627592010354e-05,2.1293884369468122e-07,6
3197,8,0.7857142857142857,0.0,1.4961550596868825e-07,6
3198,86,0.3058823529411765,3.231316745760366e-05,3.3437891250262096e-07,6
3199,22,0.5411255411255411,2.4107733276214776e-06,2.063959098372505e-07,6
3200,11,0.7090909090909091,7.629970421070973e-05,2.219729022050743e-06,6
3202,11,0.7818181818181819,1.1584053770353527e-07,1.6034478774869742e-07,3
3203,31,0.37849462365591396,9.799927148131957e-06,2.2836051288933819e-07,6
3204,47,0.47641073080481033,8.291193933642061e-06,2.671872268971217e-07,6
3206,51,0.672156862745098,1.612934268809555e-06,2.746695832374022e-07,6
3207,41,0.49634146341463414,6.85620860419456e-05,2.66386064698572e-07,6
3208,15,0.3333333333333333,2.948463463826372e-06,1.5662167591456394e-07,6
3209,24,0.6920289855072463,1.3594451765040062e-06,1.905943323561222e-07,6
3210,14,0.45054945054945056,1.5526922442559045e-06,2.046410504568583e-07,6
3211,25,0.20666666666666667,1.4585199651558344e-05,1.8056119039376317e-07,6
3212,35,0.5176470588235295,6.55753308251658e-06,2.1187094329973538e-07,6
3213,36,0.5333333333333333,4.485742618354292e-06,2.093668462501323e-07,3
3214,63,0.19508448540706605,3.615554797338748e-05,2.528052109999796e-07,6
3215,25,0.2633333333333333,1.3730069134683783e-06,1.8138655552830568e-07,6
3216,7,0.6666666666666666,2.47770038977006e-07,1.5464692411506724e-07,6
3217,6,0.6,4.335975682097605e-07,1.4498087916065624e-07,6
3218,9,0.9444444444444444,6.19425097442515e-08,1.5708435178581055e-07,6
3219,39,0.3792172739541161,3.87009155186575e-06,2.2118645205798394e-07,6
3220,54,0.5932914046121593,1.8401974230001047e-06,2.542532948187576e-07,3
3221,26,0.31076923076923074,6.661671119384152e-06,2.054784834983236e-07,6
3223,23,0.39920948616600793,1.6073287143892953e-06,2.1102355252544642e-07,6
3224,55,0.45521885521885525,2.393581811802651e-05,2.716610810892958e-07,6
3225,28,0.5158730158730159,2.2537491593455118e-06,2.095122527726883e-07,6
3226,79,0.6079195066536839,9.291185116472222e-06,3.1771608309294857e-07,3
3227,5,0.4,7.43310116931018e-07,1.4096034824828116e-07,3
3228,36,0.5873015873015873,2.53765456110784e-06,2.1661030423965873e-07,3
3229,14,0.6593406593406593,0.0,1.551296353355033e-07,3
3230,1,0.0,0.0,1.3524281459468254e-07,6
3231,28,0.455026455026455,8.477096138737103e-06,1.7321487220071983e-07,3
3232,105,0.4891941391941392,1.969201191922712e-05,3.706903971030613e-07,3
3234,33,0.5,3.1825580156543313e-06,1.9758241098701783e-07,3
3235,8,0.75,0.0,1.5291379063210373e-07,6
3236,21,0.6,3.3847287747135405e-06,1.7180092260869296e-07,6
3237,28,0.455026455026455,2.6730631877026234e-06,1.882345535257569e-07,3
3238,41,0.6134146341463415,3.0972771932267733e-06,2.2476945307336276e-07,3
3239,62,0.6932839767318879,7.004652252943982e-06,3.1390958099249073e-07,6
3240,66,0.4354312354312354,1.4229407951080988e-05,3.104947547235081e-07,6
3241,19,0.7426900584795322,7.212916139667609e-07,1.7349371986040825e-07,6
3242,15,0.3333333333333333,2.742474254951371e-06,1.5778626740623075e-07,6
3243,27,0.7207977207977208,2.160547925329714e-07,1.949315701645789e-07,3
3244,14,0.5384615384615384,6.489215306540633e-07,1.7137341406314644e-07,6
3246,14,0.6153846153846154,5.574825876982635e-07,1.6859950792555232e-07,6
3247,66,0.66993006993007,9.97142143600614e-07,3.027770224033087e-07,6
3249,14,0.38461538461538464,8.412561518195472e-07,1.5767786239462722e-07,6
3250,34,0.8288770053475936,5.677344627887882e-07,2.1809850383229682e-07,3
3251,9,0.7777777777777778,2.47770038977006e-07,1.436954896266464e-07,6
3252,86,0.5521203830369357,2.2407978189259566e-06,3.737949043628916e-07,6
3253,51,0.3003921568627451,0.0,2.577930736559217e-07,6
3254,12,0.36363636363636365,4.426824696389174e-06,1.5930605192436344e-07,6
3255,32,0.4112903225806452,1.4992392067762128e-05,1.957303448477565e-07,6
3256,63,0.23911930363543266,3.8324176622728895e-05,2.4767518983138404e-07,6
3257,42,0.5598141695702671,4.545062975956869e-06,2.2091653989339497e-07,3
3259,31,0.3053763440860215,5.84320079032989e-06,2.0136006358945998e-07,6
3260,28,0.48677248677248675,5.287047995780721e-06,1.9820470357653602e-07,6
3261,54,0.4912648497554158,1.012900676243948e-05,2.768814416770726e-07,6
3262,24,0.8152173913043478,5.366345618361094e-07,1.9100744065698085e-07,6
3264,31,0.5741935483870968,1.7668418498721113e-06,1.9238210957185887e-07,6
3266,8,0.9642857142857143,0.0,1.6041795736718474e-07,6
3267,72,0.5395148669796557,1.26174689222625e-05,3.274258636299458e-07,6
3268,2,1.0,0.0,1.3623821398421545e-07,6
3269,9,0.5555555555555556,1.734390272839042e-06,1.452110552827686e-07,3
3270,6,0.9333333333333333,0.0,1.5293338435521078e-07,6
3271,5,0.7,2.47770038977006e-07,1.3956438807111453e-07,6
3272,44,0.4164904862579281,1.0303814224888556e-05,2.420097967708713e-07,6
3273,26,0.5169230769230769,5.337066748671366e-07,2.3924663714114476e-07,6
3274,63,0.28110599078341014,8.93891960613693e-05,2.825664361076522e-07,6
3275,29,0.2044334975369458,1.52247002002109e-05,1.866795865326002e-07,6
3276,20,0.26842105263157895,5.083658211481158e-06,1.7094847625955992e-07,6
3277,71,0.5879275653923541,1.450485859800537e-05,3.286331025641052e-07,6
3279,25,0.2,1.44573817743083e-05,1.889005844714718e-07,6
3280,107,0.3900546640804091,6.116070419590648e-05,4.0062347200110357e-07,6
3281,12,0.8939393939393939,2.77298961013541e-07,1.69037867517859e-07,6
3282,2,1.0,0.0,1.378497105017396e-07,6
3283,16,0.9,2.0388842218382563e-07,1.5199952815903355e-07,8
3284,70,0.6811594202898551,5.741178304232766e-06,3.010172136774149e-07,3
3285,27,0.6068376068376068,3.9507252958883305e-05,2.157315016002979e-07,6
3286,23,0.5177865612648221,4.4083501686241506e-07,1.7866494704618623e-07,3
3287,48,0.40425531914893614,2.4252652657055933e-05,2.669026190124881e-07,6
3288,48,0.42819148936170215,1.6994915980900077e-05,2.557713501827026e-07,6
3291,119,0.3396952001139439,5.159830180966625e-05,4.241189731365216e-07,6
3292,12,0.30303030303030304,1.51965623905897e-06,1.595788992586242e-07,6
3293,60,0.523728813559322,9.685303061951224e-06,2.622564724235249e-07,3
3294,23,0.43873517786561267,8.340182492816881e-07,1.77631385810754e-07,3
3296,41,0.39878048780487807,7.6102355514444995e-06,2.372229961950534e-07,6
3297,63,0.6825396825396826,7.1677344549249835e-06,3.068422324002923e-07,6
3298,45,0.43636363636363634,9.5576901268139e-06,2.5126244150274556e-07,6
3299,60,0.37796610169491524,3.370978577818324e-05,2.6938249856283826e-07,6
3300,18,0.5163398692810458,0.0,1.5794912957735835e-07,3
3301,40,0.5692307692307692,6.84431666195697e-06,2.2417765673370977e-07,3
3302,67,0.17005879692446857,7.111074599853777e-05,3.108964846986365e-07,6
3303,36,0.4,5.550054108634768e-06,2.0169199632384813e-07,3
3305,5,0.7,1.6518002598467065e-07,1.4095816909315593e-07,6
3306,22,0.3939393939393939,1.9717382387479675e-06,1.9615611344982935e-07,6
3307,19,0.3333333333333333,5.581315092289176e-06,1.7076219124772684e-07,6
3308,9,0.8888888888888888,0.0,1.6170304454139403e-07,6
3309,18,0.8169934640522876,6.162485584812714e-07,1.549195861605398e-07,8
3310,5,0.9,0.0,1.4470982822263482e-07,6
3311,11,0.9636363636363636,3.8118467534924e-08,1.465139433419166e-07,8
3312,17,0.5220588235294118,1.0349315199491924e-06,1.613048898815385e-07,6
3313,32,0.2600806451612903,1.2745470605502439e-05,1.9967838846870412e-07,6
3314,16,0.9,1.982160311816048e-07,1.5202188583364447e-07,8
3315,14,0.6703296703296703,3.2506857061745143e-07,1.5747579865472087e-07,3
3316,39,0.7975708502024291,6.041879758972513e-07,2.3283947833647193e-07,6
3317,7,1.0,0.0,1.4300877620870597e-07,3
3318,20,0.7263157894736842,7.489825079332388e-07,1.5658047166264746e-07,8
3320,114,0.3426486570408322,0.0005755379037598773,2.005923215477908e-06,6
3321,69,0.4100596760443308,1.483443394773264e-05,3.039564111771854e-07,6
3322,8,0.9642857142857143,0.0,1.4288479635421605e-07,6
3323,7,0.47619047619047616,3.433384825824226e-07,1.4794918621491059e-07,6
3324,87,0.39427960438385456,4.347738391986743e-05,3.2042535650837113e-07,3
3325,19,0.7719298245614035,7.489825079332388e-07,1.5536581217256268e-07,8
3326,16,0.3,2.193354773610734e-06,1.631352186801626e-07,6
3327,50,0.2016326530612245,3.913372238993967e-05,2.2643498887846336e-07,6
3329,19,0.30994152046783624,8.627116785713658e-06,1.6601768348719624e-07,6
3330,93,0.416783543712015,2.672450053153462e-05,3.639714055570964e-07,6
3332,62,0.5145425700687467,1.2824970945146833e-05,3.0698657652298836e-07,6
3333,7,0.7619047619047619,1.23885019488503e-07,1.4303696458542964e-07,3
3334,9,0.8611111111111112,8.259001299233534e-08,1.7174512171256826e-07,6
3335,65,0.4230769230769231,9.881115954044971e-06,3.3397682479645274e-07,6
3336,7,1.0,0.0,1.4179224973526968e-07,6
3337,24,0.47101449275362317,2.391337033526793e-06,1.8457698825390692e-07,6
3338,9,0.8611111111111112,0.0,1.4526816152773906e-07,6
3339,73,0.5901826484018264,5.110634601306686e-06,3.0459073428049307e-07,3
3340,16,0.25,3.9112270438513095e-06,1.9559886028834685e-07,6
3341,31,0.2731182795698925,1.201098335699486e-05,1.927852492719147e-07,6
3342,68,0.257243195785777,2.682896472060184e-05,2.8440846570152416e-07,6
3343,14,0.25274725274725274,3.1755859995552935e-06,1.692143633432853e-07,6
3344,76,0.5431578947368421,3.4826337869641317e-06,3.3734659139822005e-07,6
3345,65,0.4153846153846154,2.1996625090136934e-05,2.929389341750303e-07,6
3346,35,0.41008403361344536,8.503689197542338e-06,2.521263573577398e-07,6
3347,76,0.5224561403508772,1.9010065130691028e-05,3.518519419184239e-07,6
3348,84,0.5697074010327022,7.51771316825558e-06,3.2794953705911076e-07,3
3349,12,0.48484848484848486,0.0,1.5291857238190175e-07,6
3350,82,0.4019873532068654,2.0325426782585322e-05,3.68718925580395e-07,6
3351,84,0.5418818129661503,6.271977095761965e-06,3.5024925809525517e-07,6
3352,13,0.9487179487179487,7.115447273185813e-08,1.5825394096368265e-07,6
3353,62,0.3046007403490217,4.531471015067737e-05,2.904108039094141e-07,6
3354,9,0.9444444444444444,6.19425097442515e-08,1.5708435178581055e-07,6
3356,20,0.7736842105263158,1.2820817264201478e-05,2.1435441763753347e-07,6
3357,15,0.4,1.062461524279971e-06,1.6323055043682346e-07,6
3358,11,0.5454545454545454,0.0,1.6071599754998753e-07,6
3359,18,0.5751633986928104,5.081430994171282e-07,2.0063413486306962e-07,6
3360,74,0.3187708256201407,5.199383265243969e-05,3.1707092182027e-07,6
3362,75,0.4648648648648649,1.3306713189297677e-05,2.954067012942015e-07,3
3363,131,0.4119788608338227,7.309274672233763e-05,4.167932316265342e-07,3
3364,49,0.5892857142857143,8.744792632859156e-07,2.431776384416556e-07,3
3365,46,0.27053140096618356,1.3951132222142095e-05,2.1680460868238345e-07,6
3367,11,0.9090909090909091,6.903447825120203e-08,1.679128316682341e-07,6
3368,9,0.8888888888888888,0.0,1.4897178108390956e-07,6
3369,43,0.3864894795127353,3.4228898711262986e-06,2.089742204210588e-07,6
3370,6,0.8,0.0,1.6142775200541393e-07,6
3371,15,0.8476190476190476,1.114965175396527e-07,1.6661739981739662e-07,6
3372,7,1.0,0.0,1.4150486693251664e-07,6
3373,17,0.3161764705882353,5.82159757514325e-06,1.855257514317077e-07,6
3374,16,0.45,6.252063983519785e-06,1.5806942239669174e-07,6
3375,3,0.6666666666666666,1.23885019488503e-07,1.4313630982141002e-07,6
3376,8,1.0,0.0,1.435290790617414e-07,6
3377,31,0.5720430107526882,4.729213928794162e-06,2.1748263185717577e-07,6
3378,60,0.4824858757062147,1.9052257067861989e-06,2.9273268289539937e-07,6
3379,25,0.5433333333333333,1.2604467366704907e-06,2.2402494656314883e-07,6
3380,21,0.4142857142857143,5.484173505579143e-06,1.819257520609582e-07,6
3381,54,0.6995108315863033,1.8584540586501457e-06,3.131254822984264e-07,6
3382,17,0.9117647058823529,1.2070848052725934e-07,1.5314365962074004e-07,8
3383,17,0.4338235294117647,2.193354773610734e-06,1.6088585039321052e-07,6
3384,49,0.608843537414966,2.965852411620462e-06,2.40963991743083e-07,3
3387,97,0.48646907216494845,2.5728933869783775e-05,3.5085630259425956e-07,3
3388,10,0.5555555555555556,2.239459967676785e-07,1.510786751881631e-07,3
3389,7,0.8571428571428571,3.964320623632096e-07,1.465509560748637e-07,6
3390,25,0.4766666666666667,3.000795115773839e-06,1.8560589503020762e-07,3
3391,53,0.7024673439767779,4.4276901325075485e-07,2.7584121504229593e-07,6
3392,17,0.5367647058823529,0.0,1.5817734472246905e-07,3
3393,19,0.29239766081871343,1.949124306619114e-06,1.6877578513913963e-07,6
3394,31,0.3913978494623656,4.459743764865096e-06,1.8827583360607888e-07,3
3395,38,0.3200568990042674,9.48799459746307e-06,2.184928061794178e-07,6
3396,76,0.4298245614035088,2.9844074455247527e-05,3.371218136872616e-07,6
3397,115,0.3673531655225019,6.639873438936434e-05,4.2896156310467485e-07,6
3398,8,0.8928571428571429,0.0,1.5678941129308324e-07,6
3399,37,0.6471471471471472,9.808468723095266e-07,2.1985270156777919e-07,3
3400,35,0.49747899159663866,8.354942484154641e-06,2.034711714525046e-07,3
3401,8,1.0,0.0,1.435290790617414e-07,6
3402,15,0.6,0.0,1.543261267174863e-07,6
3403,52,0.30165912518853694,1.4889752817149414e-05,2.8360131381865467e-07,6
3405,13,0.5,1.6930952663428742e-06,1.7869903942559034e-07,6
3407,2,1.0,0.0,1.3623821398421545e-07,6
3408,2,1.0,0.0,1.3669605966334353e-07,6
3411,62,0.3569539925965098,4.1990462936694156e-05,2.8422832702229197e-07,6
3413,3,1.0,0.0,1.375405145420504e-07,3
3414,18,0.7254901960784313,5.335237463020625e-07,1.6973329775092223e-07,3
3415,29,0.3669950738916256,9.15787381725964e-06,2.35692718517624e-07,6
3416,53,0.7554426705370102,1.3217488297562462e-06,2.7581691885554873e-07,6
3417,89,0.48621041879468846,1.3503854242070883e-05,3.298308087588974e-07,3
3418,10,0.5333333333333333,5.740005902967305e-07,1.7422357819579303e-07,6
3419,63,0.5826932923707118,8.49611540302884e-06,2.978099090777167e-07,6
3421,20,0.4631578947368421,0.0,1.7907364921879777e-07,6
3422,40,0.46153846153846156,2.855910886165766e-06,2.3858066545746676e-07,6
3423,16,0.9166666666666666,1.6576995464890162e-07,1.520512455217352e-07,8
3424,7,0.9523809523809523,0.0,1.465240362775815e-07,6
3425,10,0.7111111111111111,0.0,1.4733534263612448e-07,6
3426,113,0.42620101137800254,4.089306900728937e-05,3.7831901750366866e-07,3
3427,9,0.8611111111111112,0.0,1.4526816152773906e-07,6
3428,8,0.4642857142857143,0.0,1.43733681319663e-07,3
3429,5,0.9,0.0,1.4266719325942166e-07,6
3430,21,0.44761904761904764,1.9231243644952654e-06,1.7310458157151002e-07,3
3431,23,0.19367588932806323,8.826512674223722e-06,1.9954974009093517e-07,6
3432,6,0.4,3.4372915051207895e-06,2.8607759218362513e-07,6
3433,65,0.5557692307692308,4.5583119835256746e-06,2.763665220439253e-07,3
3434,107,0.42038441192029624,6.6114656622464e-06,4.112211617366414e-07,6
3435,49,0.5739795918367347,3.900100178747604e-06,2.3860248532252896e-07,3
3436,7,0.5714285714285714,2.1611053399661078e-07,1.4547785009417377e-07,3
2003,48,0.7881205673758865,9.697210601541767e-05,0.0017924779436622553,5
2031,53,0.45863570391872277,0.00015591127004637706,0.0015228761515637523,5
2155,41,0.4926829268292683,7.744458967868622e-05,0.0014295106027253667,5
2185,17,0.6544117647058824,3.1043324729356077e-05,0.000979252709278514,5
2325,79,0.3810451152223304,0.00021085557584264332,0.0022264024098406013,5
2330,48,0.7730496453900709,1.2463101962725685e-05,0.002264303431547558,5
1914,47,0.7150786308973173,1.1377793465353521e-06,0.0008446178485656926,13
1915,11,0.6,1.5178818317153246e-05,0.0006306401185268379,5
1917,190,0.7593984962406015,8.413101651773144e-06,0.07975136416306608,14
1918,161,0.7998447204968944,8.360716825952318e-06,0.06923023819368161,14
1919,55,0.6363636363636364,0.0008741080630588896,0.0009168867658974658,13
1921,40,0.5961538461538461,8.399242139192247e-07,0.0008943571401008559,13
1922,15,0.6095238095238096,6.116232312495428e-05,0.0006506183917387268,5
1923,56,0.437012987012987,7.79806891086145e-06,0.0015640071241825792,5
1924,6,0.8666666666666667,9.9940856057952e-08,0.0006466865719686925,10
1925,125,0.8230967741935484,7.129738611592023e-06,0.0545865800244291,14
1927,55,0.663973063973064,1.3214156031037538e-06,0.0008980102203309087,13
1928,23,0.7944664031620553,5.698164035604126e-07,0.0007504425760727776,13
1929,151,0.8426490066225165,1.217340969165035e-06,0.0666929886512743,14
1930,13,0.5641025641025641,7.655005105317058e-07,0.0007250604052665685,5
1931,39,0.6842105263157895,9.251311627403612e-07,0.0008382428068569335,13
1933,11,0.6545454545454545,2.3597146569238666e-07,0.0006335091677562477,5
1934,12,0.4090909090909091,3.578508287553348e-05,0.0006485742905938034,5
1935,50,0.6759183673469388,2.668994042734858e-06,0.0008709365822905069,13
1936,22,0.5324675324675324,2.880685812980841e-06,0.0007234971187842933,5
1937,4,0.6666666666666666,0.0,0.0005999232913419986,5
1938,189,0.7722616233254531,4.032122164130648e-06,0.08000626170250094,14
1942,39,0.5465587044534413,0.00013755367915710683,0.011134774995463436,14
1943,192,0.7536540139616056,6.011697898259557e-06,0.08025198936629138,14
1944,29,0.6600985221674877,2.148656885969153e-06,0.0009912796348767348,5
1946,191,0.76268944612841,3.806143702949738e-06,0.08036959831682552,14
1949,8,0.5714285714285714,1.3214402078773653e-07,0.0006200355515600855,5
1950,12,0.803030303030303,4.224604300941274e-07,0.000645661546668329,13
1952,17,0.5367647058823529,5.153995859908697e-06,0.0012407662390588913,5
1953,123,0.8665866986538718,8.946119378373309e-07,0.05489689752958704,14
1956,8,0.5,1.1975551883888623e-06,0.0006145969479217338,5
1957,39,0.7314439946018894,9.541867610457333e-07,0.0008008566015667558,13
1958,34,0.7415329768270945,1.1115823388909842e-06,0.0007712510334898178,13
1960,43,0.40420819490586934,1.1971863261966854e-05,0.0008035422007961707,5
1961,7,0.5714285714285714,4.1295006496167666e-07,0.0006445345096357457,5
1962,187,0.781381174170548,8.29161151960876e-06,0.07957094213076296,14
1963,86,0.8686730506155951,3.694637130563011e-07,0.03846454944631247,14
1964,96,0.2519736842105263,8.488511387107872e-05,0.0024148402679005994,5
1965,20,0.4631578947368421,3.982624428386086e-06,0.0007923115557086245,5
1966,172,0.7394260845913233,2.0648974199349594e-05,0.07111953625584863,14
1968,35,0.6605042016806723,6.39874136036109e-07,0.000836715065980712,13
1969,4,1.0,0.0,0.0006998671043269121,5
1970,72,0.5187793427230047,1.4263978568879056e-05,0.0024033604698189773,5
1971,176,0.7776623376623376,1.0199960649959764e-05,0.07472824619406616,14
1974,7,0.6666666666666666,0.0,0.0006452843079983881,5
1975,36,0.37142857142857144,1.0109727052632553e-05,0.0008185329401389571,5
1977,9,0.8333333333333334,0.0,0.0006474564648358638,5
1978,15,0.8571428571428571,1.0699160774007078e-07,0.0006935347173626624,5
1979,176,0.7577922077922078,3.989177165595191e-06,0.07380470327718285,14
1980,57,0.6152882205513784,8.087933432774725e-06,0.0009129476030524551,13
1981,55,0.7804713804713804,2.26666099798776e-06,0.0021463552891902945,5
1982,19,0.23976608187134502,0.0,0.0019499972069478805,5
1983,199,0.7041266940764428,4.5963976303706106e-05,0.08039539651770482,14
1984,178,0.776106138513299,3.537782228377451e-06,0.075468736188892,14
1985,224,0.587363869314542,0.00013630317405567523,0.08273742193182193,14
1986,153,0.771327829377365,3.9535306179069876e-06,0.06445479810056133,14
1987,36,0.6158730158730159,1.1304232137200731e-06,0.0020588607352710468,5
1988,24,0.532608695652174,4.474428291466635e-06,0.0008391220731041869,10
1989,87,0.8524458700882117,8.821401615696166e-07,0.038696417170908125,14
1990,20,0.6210526315789474,2.078382829626726e-06,0.0007164535079156835,5
1992,15,0.8571428571428571,2.9149416350236e-08,0.0006727836200263773,10
1993,203,0.7290152660586255,1.6952665988324445e-05,0.08352832539218755,14
1996,4,0.8333333333333334,9.91080155908024e-08,0.0006081916757764858,5
1997,135,0.847208402432283,1.119935930003843e-06,0.059905717328947665,14
1999,34,0.696969696969697,5.297382811304952e-07,0.0008141923586756525,13
2000,33,0.7196969696969697,1.2984376949522868e-06,0.0007826738369001455,13
2005,155,0.8135735232509426,1.807514157778917e-06,0.06737005162439925,14
2006,52,0.6779788838612368,5.688058555098225e-06,0.0008695917145882315,13
2008,7,0.5714285714285714,0.0,0.0006280708333003666,5
2011,40,0.7128205128205128,1.3144396985905652e-06,0.000827487152993207,13
2012,15,0.8285714285714286,1.237067328330935e-07,0.0006734528757785321,13
2013,9,0.8055555555555556,1.0616570761014742e-07,0.0006333861033459917,13
2014,10,0.8222222222222222,0.0,0.0006350729609451638,13
2015,5,0.6,0.0,0.0006038689460241212,5
2016,18,0.8300653594771242,1.641064053468943e-07,0.0006890007005859675,13
2017,7,0.38095238095238093,9.910801559080238e-07,0.0006134461530811408,5
2019,21,0.5571428571428572,0.01804771966179883,0.0031496828887994893,14
2020,158,0.8329436426670966,2.2396657601039985e-06,0.06938571760677167,14
2021,31,0.8516129032258064,4.5828400649625924e-08,0.013796699171299855,14
2022,50,0.6465306122448979,2.2783765704464156e-06,0.00090340258628294,13
2023,25,0.49666666666666665,7.04142014274758e-05,0.0007547702298494779,5
2025,30,0.7862068965517242,6.5246178874958e-07,0.0007456671100811366,13
2029,34,0.4206773618538324,2.8441389615106175e-06,0.0012866677984509833,5
2030,187,0.7834512103961819,4.3237874485977895e-06,0.07964719865236271,14
2033,173,0.780682887484877,2.291764072496993e-06,0.0737187178673704,14
2034,8,0.42857142857142855,1.1562601818926947e-06,0.0006152478517202443,5
2035,30,0.5471264367816092,1.589475616463072e-06,0.0007473453301160646,5
2036,21,0.6666666666666666,1.3049222052788985e-06,0.0008831534803563691,5
2037,173,0.6965317919075145,0.0014244600496210102,0.06947118044788245,14
2040,152,0.743813175322412,1.5596984556889705e-05,0.06326789550547643,14
2041,8,0.42857142857142855,1.94086530531988e-06,0.0006243549383229133,5
2043,174,0.7869908976147765,3.4456855821580334e-06,0.07432264459454742,14
2044,25,0.7033333333333334,1.4020451701336601e-06,0.007399537457307902,14
2045,176,0.7886363636363637,3.610876574307856e-06,0.07518319014021908,14
2046,123,0.880714380914301,6.780912539502004e-07,0.055743352922067335,14
2048,17,0.3897058823529412,2.5540165101561492e-06,0.00204096723236651,5
2049,37,0.4144144144144144,1.0296927948669876e-05,0.0008045434673994876,5
2050,23,0.8221343873517787,2.0446720237014132e-07,0.0007096191865913913,13
2051,9,0.7222222222222222,2.851784566264755e-07,0.000631366826023561,5
2055,73,0.8359969558599696,7.103076243704908e-07,0.03178091297069257,14
2056,115,0.6466819221967963,9.61779231990769e-06,0.04407514518314645,14
2057,42,0.6782810685249709,4.709059210907503e-06,0.002825802383684553,5
2058,76,0.7249122807017544,0.00040291106410532906,0.030732402563957192,14
2059,193,0.7787672711571675,4.351218476605221e-06,0.08206059383696779,14
2060,106,0.7626235399820306,1.057794207684693e-05,0.04445331160306069,14
2061,48,0.6843971631205674,5.0072910832039345e-06,0.0008675145934375754,13
2063,141,0.8092198581560284,2.925641753276888e-06,0.06086755897540073,14
2064,186,0.772391746585295,6.945496513372297e-06,0.07868481625899928,14
2066,9,0.8333333333333334,0.0,0.0007421039404071843,5
2067,33,0.5435606060606061,8.976090375572604e-05,0.00763010296177889,14
2069,168,0.7510692899914457,5.607723398538228e-06,0.07010270912334178,14
2070,13,0.6282051282051282,4.5780252006941887e-07,0.0006455477561290471,5
2073,195,0.7672746497488766,4.6642389336198255e-06,0.08225154732531442,14
2074,162,0.8324514991181657,1.6698359240796397e-06,0.07100760874231889,14
2075,48,0.8226950354609929,1.916704257819823e-06,0.0020791167528368226,5
2076,17,0.7426470588235294,3.828290013997661e-06,0.0006858587589299785,10
2077,126,0.8679365079365079,7.322889831423391e-07,0.05652956088364392,14
2078,204,0.7320100453974693,6.3871473661492085e-06,0.08413208606653112,14
2079,1,0.0,0.0,0.000587804276948374,5
2080,9,0.5833333333333334,0.0,0.0006759804893914719,5
2082,18,0.477124183006536,2.215675318756842e-06,0.0006963342930974282,5
2083,147,0.8213586804584848,5.296875349102221e-06,0.06403303039377693,14
2084,141,0.7031408308004052,2.7512812730936787e-05,0.05661478857100354,14
2085,30,0.4298850574712644,0.00027112266327245735,0.0009029672637240505,5
2086,136,0.8471677559912854,5.715980344176082e-07,0.060182159980374614,14
2088,198,0.7471671024970518,4.891263740199766e-06,0.08246541466378246,14
2089,23,0.6640316205533597,1.2186394449895204e-06,0.0007018068554692756,5
2090,189,0.7917370257795789,4.307562546944107e-06,0.0809935124827616,14
2091,34,0.44919786096256686,0.00014326993126493007,0.0007641898849519069,5
2092,43,0.4795127353266888,0.0002719842810253981,0.011504361301490788,14
2093,177,0.7864663585002568,6.620032442374211e-06,0.07557542374818611,14
2094,7,0.9047619047619048,9.91080155908024e-08,0.0006106163637856921,5
2095,154,0.805025040319158,3.377046846272341e-05,0.06651302088744311,14
2096,21,0.7523809523809524,2.8462568330295074e-07,0.0010970898829399227,5
2097,38,0.7766714082503556,4.794206346853447e-07,0.0007907785134031156,13
2098,117,0.8480695549661067,1.0873440945831447e-06,0.051787391729327364,14
2099,16,0.4666666666666667,2.229930350793054e-06,0.001217313615560454,5
2100,6,1.0,0.0,0.0006166868642105293,5
2103,184,0.7600974103112378,4.216781278262145e-06,0.07722472893072076,14
2104,181,0.7936771025168815,3.671488144917797e-06,0.07759592229319107,14
2105,11,0.5454545454545454,1.4876675938434515e-06,0.0006335210054493437,5
2106,4,0.8333333333333334,1.6518002598467065e-07,0.0005989653060079823,5
2107,37,0.2702702702702703,1.6872353487230356e-05,0.0008441652496619941,5
2108,164,0.8411641478377974,2.1316424966748376e-06,0.0723389174950313,14
2109,135,0.8515201768933113,1.958031254188376e-06,0.0597558516573654,14
2110,43,0.8283499446290143,1.349744938525645e-06,0.0021455431301349776,5
2112,160,0.793317610062893,3.068691261761604e-06,0.06864636884235958,14
2113,10,0.7777777777777778,0.0,0.0006323970426359583,5
2114,15,0.42857142857142855,2.456856243633899e-06,0.0006752373964212337,5
2115,136,0.8441176470588235,1.8061031213687886e-06,0.06012409263090152,14
2118,188,0.7821708954374786,4.8794337920449e-06,0.08007180924012239,14
2119,15,0.49523809523809526,1.1850862416221623e-06,0.0006617788002278831,5
2120,23,0.4308300395256917,1.5721598901755263e-06,0.0006937628747331951,5
2121,159,0.8176896743889818,0.002825619119458479,0.06922385414687313,14
2122,146,0.8367501180916391,1.9239053533565773e-06,0.06408310902182449,14
2123,203,0.7307223333170756,9.91346536692931e-06,0.08366724618075536,14
2124,169,0.8083262890955198,3.388023038165777e-06,0.07312838153720147,14
2126,54,0.2802236198462614,0.0004812443649845523,0.0009608814369558459,5
2129,38,0.3783783783783784,1.1081824598616451e-05,0.0007626292971205857,5
2130,11,0.5818181818181818,1.786620246888163e-05,0.0006425076444572967,5
2131,198,0.7404501871506948,1.2594097877362982e-05,0.08212902383267716,14
2136,74,0.8467234357645317,3.913489633091652e-07,0.03251014699316728,14
2139,178,0.8049260458325398,6.851188704640959e-06,0.07681681262069838,14
2140,171,0.8074303405572756,3.5383933362727732e-06,0.07388487303202744,14
2141,24,0.8369565217391305,2.224557954185783e-07,0.0009468591352442006,5
2142,221,0.6238173591114767,0.0001345658057034391,0.08419016810283146,14
2145,43,0.39424141749723146,1.3087625472755888e-05,0.0011460534471242755,5
2146,24,0.38405797101449274,8.432788294317988e-05,0.0006957998514149067,5
2147,41,0.5353658536585366,1.9322487714968707e-06,0.012809181483108526,14
2150,192,0.75010907504363,1.3659474154428807e-05,0.08015102622506312,14
2152,18,0.28104575163398693,1.2559581261477281e-06,0.0006639072618303489,5
2154,160,0.8093553459119497,4.308916754520793e-06,0.06921603995309504,14
2156,27,0.2849002849002849,0.0001328607131800016,0.0007012317287362672,5
2158,10,0.8,1.0172851867683373e-07,0.0006314532387019274,5
2159,48,0.6861702127659575,1.1263056742781596e-06,0.0008723996188490366,13
2160,24,0.42028985507246375,0.0001341031988880921,0.0006978403985906525,5
2161,82,0.6151761517615176,1.0163384984499315e-05,0.0033857945602834122,5
2162,15,0.5523809523809524,5.8813636220529535e-05,0.0006805297575024611,5
2164,92,0.8055422838031534,2.663952479592655e-06,0.0397638938298634,14
2165,128,0.8271407480314961,2.007944909624286e-06,0.05603443519409162,14
2166,9,0.5,0.0,0.0006586346854997359,5
2167,5,1.0,0.0,0.000603053245950658,5
2168,3,1.0,0.0,0.000595275127582238,5
2170,18,0.7647058823529411,1.91152903373663e-07,0.0007023264694795595,10
2172,193,0.7378562176165803,5.144328202538515e-06,0.07988810774224574,14
2173,30,0.3931034482758621,0.0003678584194355388,0.0007603289399700609,5
2175,8,0.7142857142857143,5.209070105159435e-07,0.0007721698391573451,5
2177,11,0.8545454545454545,1.734374633160775e-07,0.0009030357391063082,5
2178,3,0.6666666666666666,0.0,0.0005957089231077698,5
2179,94,0.8522077327842599,2.117950168199423e-06,0.04194057758630206,14
2181,17,0.40441176470588236,1.634662075831997e-06,0.0006589003160796341,5
2182,8,0.8214285714285714,0.0,0.0006673102351293504,5
2184,186,0.7582098227259517,7.736925316054407e-06,0.07799285877197083,14
2186,18,0.7843137254901961,6.60802126105902e-07,0.0008270717781107466,5
2188,194,0.7503338496875167,5.601418612624808e-06,0.08096139841884935,14
2190,168,0.8059595095523239,2.765157000128785e-06,0.07260661148784321,14
2192,41,0.6939024390243902,1.1207880638420352e-06,0.0008290015918985308,13
2193,14,0.4175824175824176,2.04084191463021e-06,0.000688180781814398,5
2195,1,0.0,0.0,0.000587804276948374,5
2197,22,0.5108225108225108,6.676058989741106e-05,0.0007103597237554931,5
2200,173,0.7660975937626024,2.968463379342078e-06,0.07284433776116062,14
2201,190,0.7788359788359789,4.515365598230422e-06,0.08073845087602524,14
2202,49,0.6556122448979592,1.0973532186316123e-06,0.0008717633855711009,13
2204,4,1.0,0.0,0.0005990883531527904,5
2205,14,0.7692307692307693,2.252454899790964e-08,0.0008045063719512515,5
2206,210,0.7219867851446798,1.0756015646141892e-05,0.08604814137621661,14
2207,22,0.5064935064935064,2.0659301821368454e-06,0.0018314253411714752,10
2208,22,0.683982683982684,1.0988051217497038e-06,0.0045146020488196475,5
2209,36,0.6492063492063492,2.9577758063026703e-06,0.0011782198605470569,5
2210,98,0.7973911213970124,1.5121687609901592e-05,0.04237337558011261,14
2211,54,0.44654088050314467,6.716147613679038e-06,0.001441141598174696,5
2212,140,0.8480986639260021,1.4249848011789448e-06,0.06208809458011136,14
2213,103,0.8431372549019608,7.275448473265907e-07,0.04556219952665737,14
2214,27,0.43874643874643876,2.1514698384503354e-06,0.0014402480084814585,5
2216,133,0.8452950558213717,1.8155805302708065e-06,0.05873405053830278,14
2217,13,0.5512820512820513,1.1975551883888623e-06,0.0006461993975667001,5
2218,205,0.7252510760401721,1.5347993420825657e-05,0.08415163067906536,14
2219,5,1.0,0.0,0.0006350415501750488,5
2220,195,0.7654771345492994,8.585731997199622e-06,0.08215169207918252,14
2221,41,0.7085365853658536,4.5201797656901655e-06,0.001488919283477288,5
2222,46,0.6705314009661836,8.987365844865907e-06,0.0015648331034134918,5
2226,51,0.3607843137254902,1.0725336286736494e-05,0.0020526228198969117,5
2227,7,0.5714285714285714,0.0,0.0006233057084115833,5
2228,32,0.4314516129032258,5.981264673548069e-06,0.0007968798022629421,5
2229,207,0.6912433750762159,2.8217584302912133e-05,0.08300390789392,14
2230,5,0.9,4.129500649616766e-08,0.0006558930855135023,5
2231,36,0.41904761904761906,0.00021082909986861479,0.0008323868800798413,5
2232,71,0.46398390342052315,2.1020948173398864e-05,0.0028455675921461618,5
2233,222,0.6306713953772777,5.797419267066969e-05,0.08517085851175016,14
2234,29,0.5714285714285714,3.918639925041489e-05,0.006233612927331798,14
2235,70,0.5995859213250517,3.2537846890362285e-05,0.0023537275688983407,5
2236,37,0.3963963963963964,0.0002365201690306012,0.0007691860753235197,5
2237,124,0.8456595856281144,8.41771705849141e-07,0.05483629105533579,14
2238,13,0.34615384615384615,6.104985422055476e-05,0.000640052236664639,5
2240,201,0.7339303482587065,1.0534610260334217e-05,0.08305295454071455,14
2242,40,0.4064102564102564,8.23562459699513e-06,0.002426507727711982,5
2243,59,0.7019286966686148,4.124612070366071e-06,0.002743436543565346,5
2244,200,0.7468844221105527,4.941565726345061e-06,0.08333775450311767,14
2245,7,0.9047619047619048,0.0,0.0006106870452736888,5
2248,18,0.7124183006535948,1.1875905466379662e-06,0.0007070082602807861,5
2249,19,0.7134502923976608,3.4677216993576696e-07,0.0012125383275528247,5
2251,9,0.4166666666666667,0.0,0.0006310520371007317,5
2252,10,0.9777777777777777,0.0,0.000898481501574042,5
2253,157,0.8075289890576515,2.084681231689987e-06,0.06786891231095629,14
2255,10,0.7555555555555555,2.47770038977006e-07,0.0006330786803542569,10
2256,7,0.9047619047619048,0.0,0.0006615000843761552,5
2257,155,0.7831587767071638,2.3551904590940098e-06,0.06605043645730707,14
2258,49,0.8324829931972789,5.296891475958981e-07,0.021305815693699295,14
2259,55,0.5737373737373738,1.926529089633524e-05,0.0034871450687110426,5
2260,20,0.33157894736842103,7.93382580227146e-05,0.0007055255259778639,5
2261,129,0.8433866279069767,9.317171409394813e-07,0.05724647379263928,14
2262,14,0.6923076923076923,1.5444332429566706e-06,0.0026351507035498414,14
2263,7,0.8095238095238095,0.0,0.0006200923253536261,5
2265,11,0.6727272727272727,0.0,0.0006651706355592175,5
2269,1,0.0,0.0,0.000587804276948374,5
2270,15,0.8476190476190476,2.252454899790964e-08,0.000717254719463326,5
2271,180,0.7880198634388579,4.53326777609902e-06,0.07693812427534763,14
2272,29,0.6428571428571429,6.881722795951678e-07,0.0012571065578310273,5
2274,35,0.8840336134453781,3.9185765600280493e-07,0.0014841532872791631,5
2275,185,0.7849588719153937,7.713002266442466e-06,0.07890675225944409,14
2276,154,0.8085052202699261,2.2195500908617987e-06,0.06659384120989664,14
2277,16,0.375,7.185331130333174e-07,0.000722569851784358,5
2278,174,0.7509135605607601,5.589261943948069e-05,0.07261618934667774,14
2280,59,0.6797194623027469,9.430069255495054e-06,0.00259023690899005,5
2281,9,0.75,9.91080155908024e-08,0.0006183253169645762,5
2286,24,0.5615942028985508,5.435521963005522e-06,0.0007376957800762216,5
2287,68,0.8520632133450395,2.4924470650229737e-06,0.030461701781316984,14
2288,21,0.4238095238095238,3.289597497453815e-06,0.003949135650332731,14
2290,184,0.7963886909004514,3.553441804474999e-06,0.07903500363230469,14
2291,17,0.6397058823529411,0.0,0.001275919774282028,5
2296,34,0.5793226381461676,1.029672680575944e-05,0.0010870876461818015,5
2297,38,0.6770981507823614,1.5735365794163005e-06,0.0008062894271130406,13
2299,155,0.8196062002513615,8.114516847729461e-06,0.06748795506431884,14
2300,122,0.6585828478525945,1.5058643019301193e-05,0.04727160106762343,14
2301,10,0.6444444444444445,7.020151104348503e-07,0.0006246684158980886,5
2303,29,0.6280788177339901,5.1296305780293614e-05,0.008366207532584569,14
2304,66,0.5958041958041959,2.4921636291274227e-06,0.002425723943654158,5
2305,16,0.7916666666666666,1.4099641074336663e-07,0.0010713906876709662,5
2306,113,0.888432364096081,6.057367830888052e-07,0.050947892290902096,14
2307,141,0.8533941236068896,1.473315257349712e-06,0.06258886302134554,14
2308,156,0.836641852770885,1.3692617625686458e-06,0.0685810183920871,14
2309,199,0.731130399472108,3.542089116185461e-05,0.08201793098166878,14
2310,23,0.6482213438735178,1.9471370424608448e-07,0.0010288354598177681,5
2311,51,0.7788235294117647,7.580117045599095e-08,0.021380481987803,14
2312,16,0.85,1.377137116581277e-07,0.0008611797441303393,5
2313,85,0.15630252100840336,0.0001181911208259349,0.002086292924888689,5
2314,19,0.7192982456140351,9.209427904055695e-07,0.0007134937554897354,5
2316,10,0.3111111111111111,0.0,0.0006630900551987289,5
2317,36,0.41904761904761906,1.027094162230205e-05,0.000798762449471982,5
2318,37,0.5420420420420421,6.198728361830786e-06,0.001092798108415276,5
2320,16,0.8583333333333333,6.726788388516001e-08,0.0006773887021356268,10
2321,7,0.38095238095238093,0.00010131229648047432,0.000620074269477689,5
2322,46,0.36231884057971014,1.517788044590854e-05,0.0011369641683259776,5
2323,183,0.7703116555575572,3.854449680526066e-06,0.07733021264675037,14
2324,197,0.7124728063814358,4.766464864332513e-05,0.08017927278510602,14
2326,180,0.7906890130353817,3.853074237622832e-06,0.07701146295193911,14
2329,125,0.8184516129032258,0.005123967090235405,0.05464657681640153,14
2331,190,0.7538290169869117,8.086769248886312e-06,0.07943001262776052,14
2334,139,0.7443436555103743,0.0007937033950653552,0.05747273694346194,14
2335,34,0.40998217468805703,3.982168270017515e-06,0.0007945013265996992,5
2339,182,0.744399247161678,4.792724750285215e-06,0.07566778243811238,14
2340,198,0.7580372250423012,9.006216820753392e-06,0.08304924318574457,14
2341,27,0.3247863247863248,0.014373181321900835,0.0007018597533890531,5
2342,28,0.41798941798941797,5.2346525885794514e-06,0.0007679513157436304,5
2345,52,0.41704374057315236,2.0004916273991854e-05,0.002733099207629535,5
2346,36,0.7158730158730159,9.873926151415323e-07,0.0007810761758296495,13
2348,151,0.8296688741721854,3.7023110416439397e-06,0.06621554728211491,14
2349,18,0.7843137254901961,1.9750971840081064e-06,0.0006936521568429133,10
2350,28,0.5079365079365079,4.101239377310653e-06,0.008450278329487543,14
2352,168,0.8097376675220986,3.2901067908623294e-06,0.07260075007142802,14
2353,86,0.8429548563611491,7.441589481445166e-07,0.03793523172445265,14
2354,177,0.7969311761684643,3.253884126627516e-06,0.0760073133853357,14
2356,172,0.8279613763089896,2.7508241490947904e-06,0.07524761338632859,14
2357,13,0.28205128205128205,0.0,0.0006428029175354804,5
2358,6,0.7333333333333333,7.43310116931018e-07,0.0006606853591923274,5
2359,147,0.8568632932625104,1.468590982835136e-06,0.06537158300087678,14
2360,12,0.4696969696969697,1.3013826332935125e-06,0.0006377042905596823,5
2361,45,0.35555555555555557,0.00024527643586564447,0.0008918696727793027,5
2362,25,0.8233333333333334,2.4266502290758785e-07,0.0009329091605432968,5
2363,167,0.8222350479763365,2.3620262489578303e-06,0.07284756580662022,14
2365,55,0.6316498316498317,2.601281452184361e-06,0.000922583719213549,13
2366,36,0.5301587301587302,3.2295238040187623e-06,0.0011927263509789367,5
2367,50,0.5224489795918368,7.977805803427338e-06,0.0021034906564528005,5
2369,197,0.7412203460064228,1.3302999932962917e-05,0.08175329896987044,14
2370,158,0.8352817866645167,1.37230936368728e-06,0.06942244529800728,14
2371,36,0.47619047619047616,4.324258109215431e-06,0.000813454203996728,5
2373,12,0.4090909090909091,3.92426757221852e-07,0.0006371847038074803,5
2374,168,0.8238522954091816,2.7374175621697156e-06,0.07344977045846349,14
2375,6,1.0,0.0,0.0006165822648665892,5
2376,179,0.7501726194212541,7.567679504502858e-06,0.07461504434439972,14
2379,36,0.5349206349206349,5.270237366126237e-06,0.001741323608157224,5
2380,3,1.0,0.0,0.0006055079415062893,5
2381,176,0.7972727272727272,9.331998375956943e-06,0.07560260041476302,14
2382,2,1.0,0.0,0.0005916590234641098,5
2383,24,0.6195652173913043,1.184970043551935e-06,0.00798559280944823,14
2386,139,0.8609112709832134,1.5760626374503415e-06,0.062200621524041474,14
2387,50,0.5126530612244898,0.00026569459018761955,0.014115115930162061,14
2388,6,0.4666666666666667,0.0,0.0006175209959752557,5
2390,49,0.8333333333333334,9.281405019320525e-07,0.0021854643748913834,5
2391,72,0.6173708920187794,7.770380626060647e-06,0.026430864772932567,14
2392,92,0.8279980888676541,2.7826038369171366e-06,0.04071805443383151,14
2393,32,0.5705645161290323,0.00019197053896189328,0.008161013174712966,14
2395,179,0.7718285104513213,8.450049260186202e-06,0.0757367876729539,14
2396,69,0.6534526854219949,8.678245477103636e-06,0.0025170872284456195,5
2397,35,0.346218487394958,1.109847201410955e-05,0.0007861812988448205,5
2400,19,0.7485380116959064,1.0894505691478881e-07,0.0010120692121544322,5
2401,21,0.5190476190476191,1.4753912468739153e-06,0.001249854773590785,10
2402,15,0.7047619047619048,3.680331811989145e-07,0.0006615815840146118,5
2403,17,0.6544117647058824,1.3156229434022749e-06,0.0007036286207327627,5
2404,170,0.7367211973546816,6.191137137667555e-06,0.07010986614037899,14
2405,20,0.4052631578947368,1.8067246028993623e-06,0.0006743688110100918,5
2406,36,0.5285714285714286,6.143105681499458e-06,0.0010745315201871716,5
2407,90,0.8476903870162297,0.0009528997753773556,0.039972684240420886,14
2408,153,0.8390092879256966,1.9846767718110556e-06,0.0674285746205414,14
2409,178,0.7775026978988129,4.526741298596254e-06,0.07554518919719064,14
2410,207,0.700060972749871,1.8218661475154383e-05,0.08351356483954815,14
2411,32,0.3810483870967742,6.334249173308729e-06,0.0007826249843726322,5
2412,31,0.3247311827956989,0.00022288786366752165,0.0007206699265416787,5
2414,183,0.7727736744130187,1.0775194425196767e-05,0.07754825230832338,14
2415,41,0.875609756097561,9.118143047839582e-07,0.001567867628370073,5
2416,37,0.6201201201201201,1.9501984744442236e-06,0.0011077072938712922,5
2418,117,0.8723843206601827,8.575221350284459e-07,0.05231173238956877,14
2421,8,0.42857142857142855,2.436405383273892e-06,0.0006138541819361258,5
2422,5,0.9,0.0,0.0006125924956893573,5
2423,165,0.80169992609017,3.171243566764052e-06,0.07119263902390686,14
2424,11,0.6363636363636364,2.6307793149499923e-07,0.000634397747420271,5
2425,36,0.5,6.9066324990179795e-06,0.001457550170707892,5
2426,18,0.673202614379085,4.38922942350669e-07,0.0016284017264402843,10
2427,25,0.6466666666666666,1.0091598007015742e-06,0.007422534656080622,14
2428,191,0.7329291815927252,9.652401130487894e-06,0.07872161087261594,14
2429,86,0.639124487004104,7.755877050230568e-06,0.03207512381977409,14
2430,146,0.8199338686820973,1.712991724758697e-06,0.06352425175430054,14
2431,5,1.0,0.0,0.0006125025330412486,5
2432,28,0.7724867724867724,1.3814604406301939e-06,0.001232619768310984,5
2433,147,0.8347777467151244,3.993466472179546e-06,0.06476716288434907,14
2434,91,0.5619047619047619,1.064651167944869e-05,0.0031633908876108727,5
2435,27,0.7749287749287749,4.244922624553591e-07,0.0007326087230751649,13
2437,5,0.8,0.0,0.0006027553258768492,5
2438,68,0.6180860403863038,7.182015253711948e-06,0.0031822252326907724,5
2439,10,0.7333333333333333,0.0,0.0006319481913706236,5
2440,34,0.49376114081996436,8.880648735059128e-07,0.0008254951072232766,5
2441,4,1.0,0.0,0.0006086362538297029,5
2442,3,0.6666666666666666,0.0,0.001242444791962085,14
2443,23,0.31225296442687744,0.000250036857844548,0.004607057349547854,14
2444,16,0.9083333333333333,6.726788388516001e-08,0.0006776846118779079,10
2446,161,0.8075310559006211,2.2215483359006966e-06,0.06960962986092928,14
2448,33,0.5056818181818182,3.87734933012046e-06,0.0007870455821967403,5
2449,46,0.5256038647342995,0.0003082936067055805,0.013087771004601305,14
2450,12,0.6666666666666666,8.341591312225869e-07,0.0006409052103252833,5
2452,10,0.6666666666666666,3.1297961480545683e-07,0.0006881804115796012,5
2453,14,0.4725274725274725,8.805366000567444e-07,0.0007471939113840655,5
2454,16,0.75,9.58223200054527e-07,0.004878924311785065,14
2455,16,0.525,1.8799060236395442e-05,0.0006665315379528684,5
2456,8,0.42857142857142855,8.167168441701637e-05,0.0006257703022394438,5
2457,1,0.0,0.0,0.000587804276948374,5
2460,169,0.7969146238377007,3.3517704936651507e-06,0.07268859675333161,14
2462,96,0.7478070175438597,9.193789646801421e-06,0.04006602170053901,14
2464,202,0.7493719521205852,4.187749390216372e-06,0.08427459654917194,14
2466,11,0.7818181818181819,1.5303443583873902e-07,0.0006579784822572462,10
2467,130,0.8441264162194395,1.3714215067996861e-06,0.05741363403290731,14
2469,135,0.8715312327252626,7.822450648022337e-07,0.060893514708215704,14
2470,1,0.0,0.0,0.000587804276948374,5
2473,49,0.5306122448979592,8.46443937028785e-06,0.002286946071509421,5
2474,26,0.39384615384615385,6.2355665567094505e-06,0.0008050939461660449,5
2476,36,0.5841269841269842,0.0002374394967661778,0.011631105451573576,14
2477,113,0.8574589127686473,8.241274716388758e-07,0.050101058733766385,14
2478,93,0.5593735390369331,0.0005775590982215615,0.03218604121679928,14
2479,46,0.8830917874396135,5.133705277835894e-07,0.0018062663957348463,5
2480,27,0.5470085470085471,3.107634144477841e-06,0.0009607949391216451,5
2481,3,0.6666666666666666,0.0,0.000595460099010909,5
2482,160,0.8165094339622642,5.017011401445778e-06,0.06951742447380804,14
2483,3,1.0,0.0,0.0005953120771624356,5
2484,126,0.8419047619047619,3.2397890051472293e-06,0.055446052387699514,14
2485,137,0.8311507084585659,1.4068951530843896e-06,0.06011614456434528,14
2486,18,0.7647058823529411,3.15037922862166e-07,0.000689114839512044,10
2487,9,0.75,9.91080155908024e-08,0.0006183253169645762,5
2488,39,0.46153846153846156,1.2553361872960742e-05,0.0007830790468344971,5
2489,108,0.8537556247836622,9.02675800656394e-07,0.04760452306803786,14
2490,15,0.6761904761904762,9.627635800249374e-07,0.0007414020068948356,10
2492,178,0.7922300514187773,2.649416659262197e-06,0.07637355378015186,14
2493,6,0.8,0.0,0.0006558456419510758,5
2495,145,0.8005747126436782,2.473497157509505e-06,0.06226576662686852,14
2497,25,0.5133333333333333,7.365854802088216e-06,0.0007397075486676982,5
2499,93,0.6870032725572698,0.0007219215696934852,0.0368266504090034,14
2500,181,0.7800491098833641,3.742787291960779e-06,0.07694535121508843,14
2503,16,0.8833333333333333,2.41523735473384e-07,0.000699129533764975,5
2504,151,0.8185430463576159,2.98080421308106e-06,0.06566602841859778,14
2505,5,1.0,0.0,0.0006151644653350096,5
2506,124,0.8036978756884343,2.5589657277692718e-06,0.05333442736463635,14
2507,201,0.7392039800995025,7.2589717878604446e-06,0.08326901062044456,14
2513,15,0.8380952380952381,1.479557106054094e-06,0.0006814095991768532,10
2514,9,0.75,0.0,0.00069525868443578,5
2515,13,0.8076923076923077,3.15037922862166e-07,0.000664273201077497,10
2517,6,1.0,0.0,0.0006549281286000962,5
2518,48,0.5124113475177305,2.8756340297341875e-06,0.004561263032349991,5
2520,165,0.8058388765705838,1.0006104311122869e-05,0.07119013040460863,14
2521,141,0.8252279635258358,1.2715242742729965e-05,0.06177932997406749,14
2522,14,0.5384615384615384,1.762262610633205e-06,0.0014385700344936173,5
2523,17,0.45588235294117646,2.6645628815716407e-06,0.0006668002239540011,5
2524,13,0.717948717948718,4.425909221577756e-07,0.005143497922951087,14
2525,35,0.6201680672268908,8.158385993277788e-07,0.001179293719309713,5
2526,191,0.6689997244419951,0.001551955021859214,0.07522706742342632,14
2527,4,0.6666666666666666,0.0,0.0006235125927924638,5
2528,7,0.8571428571428571,0.0,0.0006201452133378366,5
2531,23,0.5059288537549407,1.16206603555053e-06,0.0015052911438934043,5
2532,106,0.891644204851752,6.571252405781941e-07,0.048296151694658625,14
2534,18,0.6993464052287581,1.952316861743187e-06,0.0007157626468446707,5
2535,11,0.5272727272727272,1.379253216972e-06,0.0006282432458534949,5
2536,63,0.7526881720430108,2.9171818339935182e-06,0.025978755019856716,14
2537,95,0.5948488241881299,1.5054699697335738e-05,0.003793979743866808,5
2539,140,0.8396711202466598,9.902426366746303e-07,0.0617050032892317,14
2540,31,0.3311827956989247,2.5751311571978525e-06,0.000802062291554239,5
2541,2,1.0,0.0,0.0005916590234641098,5
2545,9,0.6388888888888888,0.0,0.001494445689138126,14
2546,144,0.8039044289044289,5.4774274935030435e-06,0.062125255794049344,14
2548,8,0.9285714285714286,0.0,0.000624377780518191,5
2549,161,0.8392080745341615,2.0141883525502887e-06,0.0709264908769056,14
2550,162,0.7925772563453722,3.621047736634508e-05,0.06948111143964607,14
2551,158,0.7666693541885028,5.70950483050643e-06,0.0667506976798779,14
2552,112,0.8650257400257401,9.344945855044369e-07,0.050091631145493434,14
2553,173,0.7945960478558947,6.760033208024677e-06,0.07410683019685661,14
2554,93,0.895278167367929,3.0334553381575954e-06,0.04237028865579824,14
2556,131,0.8173810921902525,2.000668615042159e-06,0.056949342844215774,14
2557,31,0.5720430107526882,1.3291700833215586e-06,0.001096804969332539,5
2558,22,0.33766233766233766,2.5189953962662277e-06,0.0006824342094050388,5
2559,165,0.8184035476718403,2.9931377337990292e-06,0.07193643705409165,14
2560,201,0.6933333333333334,8.966409655064706e-05,0.08078330447884631,14
2561,155,0.7961457896941768,2.8641395442561103e-06,0.06658325615188677,14
2562,14,0.3956043956043956,1.316762032316261e-06,0.0006574016501675188,5
2563,110,0.8492076730608841,7.1178143029621e-07,0.048741710165168525,14
2564,188,0.7602685174650131,8.413081593165605e-06,0.07894734770094665,14
2565,4,0.8333333333333334,9.91080155908024e-08,0.0006081916757764858,5
2566,26,0.64,4.6758653509506775e-07,0.0008960408088678869,5
2568,11,0.8909090909090909,2.9149416350236e-08,0.00079461752271585,5
2569,1,0.0,0.0,0.000587804276948374,5
2570,21,0.38571428571428573,4.734394263791449e-06,0.00067786566209572,5
2572,19,0.7017543859649122,2.4801295077992466e-07,0.0021850039064671475,5
2573,152,0.8367898222377135,2.776824686207454e-06,0.06696340789941278,14
2574,103,0.8254330858557015,1.1444775777294255e-06,0.04466731231128396,14
2575,141,0.7688956433637285,5.549419044473158e-06,0.05939645815210426,14
2576,45,0.6313131313131313,6.73516534662159e-07,0.01639020508930037,14
2577,20,0.531578947368421,2.700895568237808e-06,0.0006782363300065574,5
2578,164,0.832485410743678,3.1372673018520443e-06,0.07199361384311831,14
2579,116,0.8835082458770614,6.985685858177848e-07,0.05244852059950597,14
2580,6,0.8,0.0,0.000653754419828198,5
2581,24,0.3007246376811594,7.396257530288737e-06,0.002087769297204246,5
2584,15,0.7523809523809524,9.683467545157867e-06,0.002277795778810217,14
2585,40,0.7397435897435898,1.4695645179777147e-06,0.0008168365606359186,13
2586,187,0.7978839629693519,2.9937179278986157e-06,0.0804191295738356,14
2587,19,0.5380116959064327,2.7274547342540252e-06,0.0006662137784388173,5
2590,197,0.7460375012949342,9.751499267627695e-06,0.08199808642032116,14
2591,96,0.8739035087719298,5.34667656433813e-07,0.04303275704152909,14
2593,185,0.7890129259694477,3.782303558796886e-06,0.07912594426532499,14
2595,3,1.0,0.0,0.0005953120771624356,5
2596,1,0.0,0.0,0.000587804276948374,5
2599,14,0.8571428571428571,2.462508879575198e-08,0.0014376017008887376,5
2600,182,0.7462206301985308,3.7412889251323616e-06,0.07582552046879118,14
2601,190,0.7660818713450293,4.967836699836883e-06,0.08013882582797834,14
2602,198,0.7284520330205609,1.9026313849360025e-05,0.08148988601519587,14
2603,68,0.5935030728709394,1.1132696004299783e-05,0.0022322915203969377,5
2604,196,0.7549450549450549,7.251346928595553e-06,0.0820665760735311,14
2606,75,0.9012612612612613,1.954644445919599e-07,0.034536544735428235,14
2607,195,0.7462860163891092,1.2227710318415725e-05,0.08124141736131686,14
2610,51,0.4054901960784314,8.96494226422578e-06,0.001301697318001086,5
2611,207,0.6688710660850804,2.980648690905569e-05,0.08154284533441036,14
2612,28,0.656084656084656,4.0525790640308e-06,0.0009948423638161626,5
2613,31,0.8473118279569892,0.0,0.013918941054336111,14
2614,17,0.4411764705882353,0.0,0.0006783311989867294,5
2615,185,0.7790246768507638,4.222545383542049e-06,0.07864180166414063,14
2618,23,0.44664031620553357,3.782786093377846e-06,0.000745426707377388,5
2619,164,0.7964985784827173,3.102925752109839e-06,0.07037276463362044,14
2620,55,0.661952861952862,2.4888306073045147e-06,0.000919745969004269,13
2621,6,0.9333333333333333,0.0,0.000616395323334225,5
2622,21,0.5857142857142857,4.141459384529684e-07,0.002148710592707487,10
2623,130,0.8197972570065594,1.6724600108050392e-06,0.056514375237477356,14
2624,188,0.7690294686539993,1.255894376202101e-05,0.07939798565782705,14
2625,186,0.7826213310084278,4.424525925462621e-06,0.0792700193418475,14
2626,34,0.6203208556149733,4.128765457804184e-06,0.0007623961315952742,13
2627,41,0.7207317073170731,1.408249287368442e-06,0.0008453606990383201,13
2628,28,0.6058201058201058,2.3527412656071867e-06,0.00075676103721862,5
2630,173,0.7998386879956983,5.305938188401708e-06,0.07437646392564828,14
2631,116,0.8187406296851574,5.7734084397270485e-06,0.050500705227036376,14
2632,7,0.9047619047619048,1.3214402078773653e-07,0.0006216101941482152,5
2633,41,0.7341463414634146,8.869603742146704e-07,0.0008122191783353856,13
2634,5,0.4,0.0,0.000604159382677192,5
2637,35,0.5714285714285714,3.107299618598014e-06,0.0011864081218860264,5
2638,166,0.8240233661920409,2.6999141444516204e-06,0.07250083740124998,14
2639,37,0.7192192192192193,9.948497340590907e-07,0.0008116001058644667,13
2641,19,0.6023391812865497,5.944977195715791e-07,0.0008839192033770223,5
2644,27,0.42165242165242167,2.209312817182993e-06,0.0007580284464986852,5
2645,54,0.6464011180992313,1.8083096148367968e-06,0.0009011791731806601,13
2646,135,0.7833056937534549,2.4389383133484986e-06,0.05723118150940774,14
2648,48,0.6781914893617021,6.1302102124995194e-06,0.0008715669186084221,13
2650,18,0.8169934640522876,6.726788388516001e-08,0.0006855890586916334,10
2651,7,0.6190476190476191,0.0,0.0006314526594018511,5
2652,49,0.8903061224489796,4.6175391524078937e-07,0.00186922789202979,5
2654,151,0.8481236203090508,1.0714262858569119e-06,0.0668636898695538,14
2655,168,0.8250641573994867,2.1964481202217366e-06,0.07338745638827329,14
2656,16,0.4083333333333333,0.0,0.0006719114948987934,5
2657,52,0.7051282051282052,2.0391929932705086e-06,0.0008659208551749767,13
2658,36,0.7174603174603175,1.5452119460870021e-06,0.0007945230947849851,13
2659,58,0.4010889292196007,0.0006552266143891788,0.0008987131781181197,13
3438,25,0.5333333333333333,0.005820124582365997,1.8010711608270948e-08,12
3439,9,0.75,2.6428804157547305e-07,3.236138020713532e-09,12
3441,6,0.5333333333333333,4.2946806756014376e-07,3.17742789020736e-09,12
3442,45,0.3656565656565657,1.208594025282885e-05,4.3209038800796655e-09,12
3443,22,0.49783549783549785,0.0001609105679633545,1.9999146535518713e-08,12
3444,5,0.9,0.0,3.808127383032713e-09,12
3445,7,1.0,0.0,3.2107674277496953e-09,12
3446,11,0.7272727272727273,1.5338145270005133e-07,3.294390993745922e-09,12
3447,6,0.6,0.0,3.3863769872663204e-09,12
3448,47,0.47178538390379277,0.0003278299784986097,2.5981535627195652e-08,12
3449,45,0.5606060606060606,3.824762849249849e-05,3.161677683424512e-08,12
3450,18,0.7647058823529411,1.9834309274005457e-07,6.094137440322651e-09,12
3451,4,0.0,0.019516227844119844,1.220222251718997e-08,11
3452,16,0.75,6.036676752549216e-07,5.80324386404923e-09,12
3453,1,0.0,0.0,3.0520487999525674e-09,12
3455,38,0.4850640113798009,3.695600958335444e-06,5.2684083604120995e-09,12
3457,6,0.6666666666666666,5.2372418948449255e-05,5.122187541710912e-09,12
3458,20,0.6157894736842106,1.4088084974484914e-06,3.5826347617065404e-09,12
3459,15,0.3904761904761905,0.0,3.456945921594732e-09,12
3460,28,0.4417989417989418,4.214565146217853e-05,3.956558981872387e-09,12
3461,8,0.6785714285714286,0.0,6.0539692897500586e-09,12
3462,20,0.6684210526315789,2.146168194796299e-06,7.364395572906885e-09,12
3463,24,0.6413043478260869,1.3592797272430035e-06,4.373142955713506e-09,12
3464,31,0.410752688172043,8.91654369131016e-06,4.308369472247054e-09,12
3465,16,0.9416666666666667,1.23885019488503e-07,3.4422180200307244e-09,12
3466,26,0.5076923076923077,7.01834383754457e-05,4.014285122452521e-09,12
3467,3,1.0,0.0,5.67184648585259e-09,12
3468,29,0.32019704433497537,0.0,3.832375239658298e-09,12
3469,28,0.5291005291005291,3.8692384944998744e-05,5.2444740097990795e-09,12
3470,16,0.5666666666666667,1.6256467557324671e-06,3.6161404306645238e-09,12
3471,25,0.5533333333333333,3.987680320693665e-06,1.036104417413949e-08,12
3472,15,0.8380952380952381,2.47770038977006e-08,3.5116794085621985e-09,12
3473,17,0.8088235294117647,1.114965175396527e-07,3.44869487363065e-09,12
3474,18,0.6013071895424836,1.475134501535721e-06,3.835815248642775e-09,12
3475,32,0.4899193548387097,5.820044955461323e-06,1.247851438656128e-08,12
3476,15,0.8476190476190476,4.95540077954012e-07,3.4054012745147637e-09,12
3477,6,0.6,9.91080155908024e-08,5.594828114886104e-09,12
3478,17,0.8014705882352942,0.0,3.449669821086099e-09,12
3479,15,0.9238095238095239,1.313932024878062e-07,4.776413083108873e-09,12
3480,25,0.6633333333333333,8.965795892714389e-06,1.6962846309256472e-08,12
3481,14,0.9230769230769231,1.313932024878062e-07,4.742032717542677e-09,12
3482,13,0.6923076923076923,5.203170818517126e-07,3.4558275184123697e-09,12
3483,13,0.38461538461538464,0.0,3.3766737330403734e-09,12
3484,15,0.5428571428571428,0.0,8.227617586221184e-09,12
3485,19,0.5730994152046783,2.2850298097925282e-06,5.810445368276395e-09,12
3486,30,0.6183908045977011,5.803836676587129e-07,3.98245601568938e-09,12
3488,47,0.5615171137835338,7.024634297926085e-06,1.1009098174426582e-08,12
3489,5,1.0,0.0,3.1540955950527783e-09,12
3490,15,0.5238095238095238,6.949359664640787e-07,3.6014060357940956e-09,12
3491,23,0.5849802371541502,1.8522736071682555e-05,1.1975102357636601e-08,12
3492,9,0.5,7.946339107191122e-07,7.192183000868155e-09,12
3493,19,0.7192982456140351,1.0081862267073629e-06,3.568451616314577e-09,12
3494,4,0.5,0.0,3.132300722504895e-09,12
3496,19,0.27485380116959063,0.0,9.700765627308796e-09,12
3497,24,0.6376811594202898,1.1117839827224738e-06,6.655177072492258e-09,12
3498,18,0.8627450980392157,0.0,3.6043401032970154e-09,12
3499,21,0.3904761904761905,3.0896709340918383e-06,3.615227239880208e-09,12
3500,20,0.6789473684210526,0.0,3.525135253705969e-09,12
3502,8,0.8214285714285714,0.0,4.535319953349273e-09,12
3503,13,0.6025641025641025,2.47770038977006e-07,4.271893250106367e-09,12
3504,8,0.5357142857142857,0.0,5.558565239037474e-09,12
3505,25,0.49,5.698710896471138e-07,3.865393452272894e-09,12
3506,48,0.34397163120567376,5.516961654057388e-06,4.334952066368982e-09,12
3507,9,0.4722222222222222,9.993391572072575e-07,3.2798125117034857e-09,12
3508,24,0.43478260869565216,1.6765772637444075e-06,3.719326147315962e-09,12
3509,22,0.696969696969697,2.7388985252650506e-07,3.6589382544942762e-09,12
3510,20,0.6105263157894737,1.4962736120039971e-06,3.719570341467653e-09,12
3511,22,0.19047619047619047,6.452738050802352e-06,3.7215802811493392e-09,12
3512,13,0.44871794871794873,1.317221634994651e-06,9.131409454141958e-09,12
3513,6,0.8,1.23885019488503e-07,3.1679942022936573e-09,12
3514,41,0.5804878048780487,6.357192038876401e-06,1.2986398587834879e-08,12
3515,11,0.4727272727272727,2.1648594314657594e-06,3.3364969869601475e-09,12
3516,14,0.945054945054945,0.0,4.742532193111116e-09,12
3518,33,0.7064393939393939,1.991333299586357e-06,8.80136515551267e-09,12
3519,17,0.8455882352941176,5.533530870486466e-07,3.4716082617711143e-09,12
3520,10,0.5333333333333333,0.0,6.195191339610317e-09,12
3521,58,0.25045372050816694,3.784283073710484e-05,1.3340081474354961e-08,12
3522,9,0.5,7.95790298855756e-06,6.757824602136402e-09,12
3523,14,0.9230769230769231,1.313932024878062e-07,4.742032717542677e-09,12
3524,16,0.575,1.7060736969559558e-06,3.455360024201983e-09,12
3526,30,0.3425287356321839,6.339026408964655e-06,5.616586200667573e-09,12
3527,23,0.7075098814229249,8.9759519157572e-07,6.731012886061137e-09,12
3528,36,0.6492063492063492,2.6400333334610166e-06,7.73243063229623e-09,12
3529,35,0.4084033613445378,6.669016765014267e-05,4.271307029217961e-09,12
3530,8,0.5357142857142857,0.0,4.370876591459841e-09,12
3531,9,0.7222222222222222,2.6428804157547305e-07,3.2483135107999875e-09,12
3532,15,0.4095238095238095,0.0,3.4523531705153933e-09,12
3533,16,0.5083333333333333,0.00034737087348317777,1.967357335308425e-07,12
3534,23,0.3557312252964427,3.4195593181548138e-06,3.686491466775878e-09,12
3535,19,0.4444444444444444,0.0,3.542290780414798e-09,12
3536,11,0.4,0.0,3.5057778086649117e-09,12
3537,4,0.6666666666666666,0.0,3.1204786596362554e-09,12
3538,20,0.6789473684210526,4.7135300272054237e-07,3.5172030835438348e-09,12
3539,10,0.26666666666666666,1.6518002598467066e-06,3.27722781847208e-09,12
3541,12,0.9242424242424242,4.129500649616766e-08,3.3310141803107466e-09,12
3542,33,0.5454545454545454,3.0745884680013365e-06,7.383899013810744e-09,12
3543,10,0.4222222222222222,2.2884260313723796e-05,1.9817931385298215e-08,12
3544,5,0.5,0.0,4.351928645864731e-09,12
3545,83,0.3397002644725242,0.0002591047092404537,2.9781459926117936e-08,12
3546,16,0.44166666666666665,8.719145657333686e-07,3.406838049220645e-09,12
3547,13,0.3333333333333333,0.0,7.775039696443398e-09,12
3548,8,0.5,1.0288355904188058e-06,5.807585009663796e-09,12
3549,15,0.5142857142857142,4.2581050984191166e-06,3.6169579335969626e-09,12
3551,9,0.5555555555555556,0.0,6.132387032824983e-09,12
3552,7,0.7142857142857143,0.0,6.980354023963332e-09,12
3553,33,0.4412878787878788,7.880304912737268e-06,4.07415368940362e-09,12
3554,21,0.5952380952380952,3.160481653937306e-05,4.770991820021473e-09,12
3555,20,0.30526315789473685,1.1077072651638672e-06,3.7832284090916206e-09,12
3557,31,0.7010752688172043,1.5938409050864572e-06,8.605007803678903e-09,12
3558,38,0.40825035561877665,2.5030709623689986e-06,4.296831873967649e-09,12
3559,27,0.4472934472934473,0.00044617163469231296,6.555487005445015e-09,12
3560,3,1.0,0.0,4.3678100658615394e-09,12
3562,15,0.9238095238095239,1.313932024878062e-07,4.776413083108873e-09,12
3563,17,0.5882352941176471,4.013466834037143e-06,1.3712640027443032e-08,12
3564,17,0.47058823529411764,1.0518606849500022e-06,3.514214340734884e-09,12
3565,4,1.0,0.0,4.382733808480304e-09,12
3566,9,0.3611111111111111,0.0,4.986606573400167e-09,12
3567,14,0.9010989010989011,9.084901429156888e-08,3.378894802603893e-09,12
3568,35,0.34789915966386553,1.4044111305200316e-06,4.042601308229959e-09,12
3569,26,0.7169230769230769,4.3793377187312323e-07,3.78614249250966e-09,12
3570,1,0.0,0.0,3.0520487999525674e-09,12
3571,17,0.8014705882352942,5.781300909463474e-07,3.462780766603972e-09,12
3572,8,1.0,0.0,3.2520123316904826e-09,12
3573,22,0.47186147186147187,5.324764192040732e-06,9.321560232705025e-09,12
3574,15,0.638095238095238,1.0843546077469168e-06,6.6827366794339935e-09,12
3575,3,1.0,0.0,4.223236415206087e-09,12
3576,42,0.4912891986062718,7.5715391185944436e-06,1.3977175149085185e-08,12
3578,24,0.7246376811594203,4.4178795757869597e-07,1.0538686775441147e-08,12
3579,16,0.9416666666666667,1.23885019488503e-07,3.4422180200307244e-09,12
3580,9,0.6111111111111112,0.0,3.241571581812574e-09,12
3581,12,0.9696969696969697,4.129500649616766e-08,3.434561680177612e-09,12
3582,3,1.0,0.0,3.2133895277176325e-09,12
3583,10,0.3111111111111111,7.582549764248691e-07,3.3131043094787906e-09,12
3584,49,0.32482993197278914,4.7749935080795844e-06,4.4644031503861335e-09,12
3585,8,0.6071428571428571,1.698994552985184e-07,3.2219279946627594e-09,12
3587,17,0.8382352941176471,0.0,3.44998612374893e-09,12
3588,4,0.8333333333333334,0.0,3.1394586056181667e-09,12
3589,2,1.0,0.0,4.08051032789525e-09,12
3590,27,0.6438746438746439,0.0002741855615473762,5.392425827924673e-09,12
3591,19,0.7894736842105263,3.0333059317184973e-07,3.5813902644108506e-09,12
3593,47,0.36077705827937095,1.2124823289914616e-05,4.541692186261511e-09,12
3594,12,0.9696969696969697,0.0,4.674108161081446e-09,12
3595,14,0.8901098901098901,9.084901429156888e-08,3.3785522608455538e-09,12
3596,86,0.3321477428180575,6.967702629414524e-05,3.7375136123525415e-08,12
3597,3,1.0,0.0,3.1843150837092016e-09,12
3598,11,0.8727272727272727,2.47770038977006e-08,3.385867275080429e-09,12
3599,33,0.5833333333333334,1.7864632266879855e-06,3.946507922184801e-09,12
3600,7,0.38095238095238093,0.0,4.965874277653086e-09,12
3601,21,0.4714285714285714,2.67472418749738e-06,3.785802643935326e-09,12
3602,17,0.6323529411764706,3.177658882351305e-05,3.648978171196296e-09,12
3603,9,0.6666666666666666,1.926949039394432e-07,6.348102175545998e-09,12
3604,76,0.292280701754386,7.357821445598332e-05,2.7536427096149198e-08,12
3605,39,0.5546558704453441,6.278979535665615e-06,1.3404044595423026e-08,12
3606,5,0.8,9.91080155908024e-08,3.1480901252417134e-09,12
3607,8,0.75,0.0,3.2308668458390336e-09,12
3608,19,0.783625730994152,2.3426974839172042e-07,3.6416395565289714e-09,12
3610,15,0.3238095238095238,1.734390272839042e-06,4.750701440243799e-09,12
3611,57,0.4342105263157895,3.086007542161534e-05,1.6757586476616325e-08,12
3612,19,0.25146198830409355,2.2173452059561273e-06,4.541853829143742e-09,12
3613,15,0.9238095238095239,1.313932024878062e-07,4.776413083108873e-09,12
3614,10,0.5777777777777777,1.23885019488503e-06,3.315253818744264e-09,12
3615,20,0.6263157894736842,9.698889929105508e-07,3.651140932433326e-09,12
3616,12,0.5909090909090909,1.4205482234681675e-06,3.31710550680776e-09,12
3617,33,0.2784090909090909,8.478079353177489e-06,5.482190250783027e-09,12
3618,20,0.7578947368421053,5.87379290448195e-07,1.8274935215787165e-08,12
3619,4,0.6666666666666666,1.6518002598467065e-07,3.4701124252797244e-09,12
3620,16,0.6,0.0,3.571860832985543e-09,12
3622,12,0.6363636363636364,6.015305946275091e-07,3.366048584717641e-09,12
3623,19,0.6783625730994152,2.6032493106192143e-07,3.554855405977114e-09,12
3624,14,0.5054945054945055,1.6022462520513056e-06,3.3682230806645613e-09,12
3625,37,0.5285285285285285,1.0552577729871631e-05,2.8809867332725892e-08,12
3627,19,0.7309941520467836,7.017102669145779e-07,6.083804653759654e-09,12
3628,23,0.525691699604743,1.2146631196515605e-06,4.90927993982282e-09,12
3629,37,0.4924924924924925,3.324205110949673e-06,4.167087140823481e-09,12
3630,13,0.8846153846153846,2.806735468268936e-07,3.6160569111386725e-09,12
3631,10,0.6666666666666666,8.316756553074328e-08,3.3035228399322043e-09,12
3632,6,0.5333333333333333,3.71655058465509e-07,3.185868316080865e-09,12
3634,22,0.7359307359307359,3.903299020974529e-05,3.916423186138153e-09,12
3635,27,0.6381766381766382,5.3515501728073255e-06,9.286865465547588e-09,12
3636,25,0.72,5.664211030169504e-07,3.726594746276185e-09,12
3637,5,0.7,8.259001299233533e-07,4.407790804791191e-09,12
3638,11,0.6363636363636364,1.1975551883888623e-06,3.295014912645566e-09,12
3639,12,0.9848484848484849,0.0,4.684324764645389e-09,12
3640,42,0.5644599303135889,8.513869012422282e-06,8.550589963636442e-09,12
3641,10,0.8444444444444444,0.0,3.275316142624054e-09,12
3642,23,0.5138339920948617,6.583356839461452e-06,7.0565964833675745e-09,12
3643,24,0.5797101449275363,8.012393240958801e-07,3.794052423344121e-09,12
3644,13,0.7692307692307693,2.229930350793054e-07,3.365005164777236e-09,12
3645,18,0.39215686274509803,2.0417431069033756e-06,3.805601241004716e-09,12
3646,17,0.7794117647058824,3.7317614904092807e-07,3.502284731047914e-09,12
3647,8,0.8928571428571429,3.964320623632096e-07,3.228595936031224e-09,12
3648,21,0.5238095238095238,1.2326898366996232e-06,3.588493108203584e-09,12
3649,15,0.9238095238095239,1.313932024878062e-07,4.776413083108873e-09,12
3650,1,0.0,0.0,3.0520487999525674e-09,12
3652,7,0.6190476190476191,4.1295006496167666e-07,3.205565240556841e-09,12
3653,4,1.0,0.0,3.134808737021525e-09,12
3654,12,0.7121212121212122,2.8690197370432676e-07,7.905367872169146e-09,12
3655,15,0.9047619047619048,0.0,3.4028384443797153e-09,12
3656,22,0.7056277056277056,1.3909181280977307e-06,1.935029879191434e-08,12
3657,13,0.8461538461538461,0.0,3.353597551701668e-09,12
3658,16,0.6083333333333333,1.135068735781232e-06,5.726168130377418e-09,12
3659,10,0.5111111111111111,0.0,3.535549250745128e-09,12
3660,6,0.4666666666666667,0.0,3.3957433961951854e-09,12
3661,6,0.6666666666666666,6.654395332525304e-07,4.5080273697452075e-09,12
3662,17,0.4264705882352941,5.348293269917943e-06,3.6610604045877193e-09,12
3663,14,0.8021978021978022,3.618691829765012e-07,3.428815802090084e-09,12
3664,10,0.5333333333333333,1.486620233862036e-06,3.283420570797223e-09,12
3665,6,0.8,3.303600519693413e-07,3.179907770186663e-09,12
3666,9,0.9444444444444444,0.0,3.3601764919184036e-09,12
3667,23,0.5533596837944664,2.0241356791192256e-06,1.5869930771559463e-08,12
3668,11,0.9818181818181818,3.8118467534924e-08,3.4637670587288125e-09,12
3669,7,1.0,0.0,4.50044521813162e-09,12
3670,22,0.6926406926406926,3.3280236311043443e-06,8.825548679450834e-09,12
3671,9,0.3888888888888889,0.0,3.259382598555384e-09,12
3672,47,0.34967622571692875,2.0658596090678904e-05,1.4993750481577586e-08,12
3673,4,0.5,0.0,3.7031658937065573e-09,12
3675,14,0.9120879120879121,0.0,3.3802901669441974e-09,12
3676,5,1.0,0.0,3.1540955950527783e-09,12
3678,5,0.5,0.0,3.1562340819589477e-09,12
3679,13,0.44871794871794873,2.515455824280842e-06,3.3310349108931453e-09,12
3680,43,0.30454042081949056,2.1669930270238228e-05,5.5763707743550945e-09,12
3681,10,0.7777777777777778,2.5016456601124495e-07,5.214717820487449e-09,12
3682,10,0.4444444444444444,0.00012687309934324685,3.082586395628678e-08,12
3683,17,0.5882352941176471,3.9286107578453784e-05,1.5397551271941373e-08,12
3685,15,0.819047619047619,2.47770038977006e-08,3.5202534208123923e-09,12
3686,4,1.0,0.0,3.4737784061534515e-09,12
3687,33,0.7102272727272727,2.489946332654315e-06,1.2431997614984944e-08,12
3688,2,1.0,0.0,4.094981786557926e-09,12
3689,3,1.0,0.0,4.2998009632018455e-09,12
3690,26,0.28,2.5201752535946895e-06,3.837340533820543e-09,12
3691,3,1.0,0.0,4.3678100658615394e-09,12
3693,29,0.5788177339901478,3.801975337111644e-05,2.1037365141513707e-08,12
3694,5,0.5,0.0,3.1522641277093285e-09,12
3695,15,0.9238095238095239,1.313932024878062e-07,4.776413083108873e-09,12
3696,15,0.8571428571428571,0.0,3.3943182624040388e-09,12
3697,21,0.6142857142857143,6.717637335480974e-07,1.4812442204456832e-08,12
3698,18,0.673202614379085,2.229930350793054e-07,3.5872649542198724e-09,12
3699,3,1.0,0.0,3.098465742588848e-09,12
3700,7,1.0,0.0,4.50044521813162e-09,12
3701,15,0.7904761904761904,3.71655058465509e-07,3.401801872215243e-09,12
3702,38,0.5320056899004267,7.736681842816307e-06,1.3655428102771771e-08,12
3703,15,0.6476190476190476,9.91080155908024e-08,8.276748588395913e-09,12
3704,2,1.0,0.0,3.0951384049422317e-09,12
3705,38,0.3399715504978663,2.0984319916806074e-05,4.154551917603063e-09,12
3706,25,0.6266666666666667,9.347644047254586e-07,3.846015481391458e-09,12
3707,24,0.4782608695652174,3.582819855558159e-06,5.854177475519332e-09,12
3708,15,0.9619047619047619,8.259001299233533e-08,3.418275019134615e-09,12
3709,1,0.0,0.0,3.0520487999525674e-09,12
3710,26,0.7138461538461538,4.240262122350185e-07,3.825141185733006e-09,12
3711,29,0.5591133004926109,2.5668707807735272e-06,3.9305984503222886e-09,12
3712,8,0.75,5.5060008661556886e-08,6.437797545453134e-09,12
3713,26,0.7569230769230769,5.133275232361633e-07,3.8431458204099084e-09,12
3714,26,0.6184615384615385,1.3919591195044581e-06,3.879412071076509e-09,12
3715,14,0.9230769230769231,1.8941337013298194e-07,3.4314120655366126e-09,12
3716,7,1.0,0.0,3.1921096064143323e-09,12
3717,3,1.0,0.0,4.3678100658615394e-09,12
3718,27,0.6210826210826211,8.186286195758184e-07,3.8981754367077254e-09,12
3719,23,0.44664031620553357,7.669535324150984e-07,3.6713748599763328e-09,12
3720,10,0.5333333333333333,3.468780545678084e-07,3.2714748766700946e-09,12
3722,33,0.5075757575757576,1.5783713019021953e-05,4.282176307372802e-09,12
3724,6,0.4666666666666667,8.011231260256528e-07,3.1959864000488933e-09,12
3725,19,0.7485380116959064,2.2358296374353637e-07,3.49486895978566e-09,12
3726,15,0.7142857142857143,1.0763492210988163e-05,4.273539359624215e-09,12
3727,6,0.6,4.4598607015861075e-07,3.1696019119417402e-09,12
3728,28,0.6587301587301587,1.406917012885205e-06,3.877357136746011e-09,12
3729,1,0.0,0.0,3.0520487999525674e-09,12
3730,28,0.701058201058201,1.191094393154832e-06,6.827908893908294e-09,12
3731,40,0.5128205128205128,5.339846576390052e-06,9.172896197705703e-09,12
3732,2,1.0,0.0,3.0867484614232185e-09,12
3733,3,1.0,0.0,3.7541863070644995e-09,12
3734,49,0.5153061224489796,4.393209924717864e-05,3.2345325415780545e-08,12
3735,16,0.9,0.0,3.5491755631669784e-09,12
3736,12,0.6515151515151515,1.795528334404797e-07,8.17472751953745e-09,12
3737,39,0.5276653171390013,6.710685916790019e-06,9.864722191043884e-09,12
3738,30,0.4206896551724138,0.00017704185431877852,2.120496720021431e-08,12
3739,15,0.8380952380952381,1.0323751624041916e-07,3.401650819826532e-09,12
3740,27,0.6923076923076923,1.0616105240726432e-06,3.845694848421002e-09,12
3742,5,0.8,1.6518002598467065e-07,3.807544291959797e-09,12
3743,19,0.7485380116959064,2.2358296374353637e-07,3.49486895978566e-09,12
3744,3,1.0,0.0,4.3678100658615394e-09,12
3745,6,0.6,0.0,3.1724136244685014e-09,12
3746,2,1.0,0.0,3.0737929758085154e-09,12
3747,22,0.5584415584415584,0.0,3.6097383564595153e-09,12
3748,1,0.0,0.0,3.0520487999525674e-09,12
3749,6,0.9333333333333333,9.91080155908024e-08,3.1798870680515383e-09,12
3751,6,0.8666666666666667,0.0,3.1654833898906762e-09,12
3752,19,0.6432748538011696,3.795040943598329e-05,4.803881131995335e-09,12
3753,25,0.6733333333333333,5.761494254763954e-07,3.80316678867639e-09,12
3754,8,0.5357142857142857,6.19425097442515e-07,3.366956306495151e-09,12
3755,8,0.8214285714285714,0.0,6.1031172384781775e-09,12
3757,17,0.875,2.0647503248083833e-07,3.4647887166398506e-09,12
3758,44,0.32346723044397463,1.0512596865287851e-05,4.264599619463727e-09,12
3759,19,0.7076023391812866,1.3379582104758326e-06,3.5263016637914262e-09,12
3760,17,0.5367647058823529,1.1972640377511908e-05,1.40186634476192e-08,12
3761,21,0.7142857142857143,2.696360571585197e-05,3.788296418588898e-09,12
3762,17,0.625,8.802356647867319e-08,5.798305757020802e-09,12
3763,12,0.4696969696969697,0.0,3.358161523428713e-09,12
3764,29,0.2733990147783251,0.00011379336253609876,3.898542096660579e-09,12
3765,4,1.0,0.0,4.634649905012917e-09,12
3766,10,0.9777777777777777,0.0,3.283051739410004e-09,12
3767,10,0.35555555555555557,0.0,3.3066155104398334e-09,12
3768,23,0.5217391304347826,6.713566965210288e-07,3.6702752273583184e-09,12
3769,13,0.6923076923076923,3.024065091103971e-07,3.4741646562288906e-09,12
3770,10,0.3333333333333333,9.586340793753208e-07,3.4647317909963442e-09,12
3771,7,0.42857142857142855,0.0,3.2006468131629014e-09,12
3772,8,0.5,1.1362026073088418e-06,4.816339394150664e-09,12
3773,14,0.8241758241758241,2.47770038977006e-08,3.5079679729286785e-09,12
3774,18,0.7973856209150327,4.95540077954012e-07,3.4867552395680826e-09,12
3775,9,0.3333333333333333,0.0,3.9226260604565925e-09,12
3776,19,0.7076023391812866,0.0,3.5021032528132586e-09,12
3777,10,0.6,4.101970645285988e-07,3.325670249961747e-09,12
3778,13,0.7948717948717948,5.5060008661556886e-08,3.462226554226069e-09,12
3780,16,0.5583333333333333,6.099664383758557e-06,1.3599945804847768e-08,12
3781,4,0.8333333333333334,0.0,3.1255100239708135e-09,12
3782,32,0.3911290322580645,4.8421220998819515e-06,4.017319434524272e-09,12
3783,13,0.9743589743589743,0.0,3.348097105494747e-09,12
3784,12,0.5151515151515151,2.6245830012879323e-05,3.474725695369923e-09,12
3785,19,0.5906432748538012,1.0109337266400751e-06,6.0891995668432666e-09,12
3786,21,0.5476190476190477,1.7871352584091468e-06,3.6283718357868555e-09,12
3787,5,0.8,0.0,3.1428614085204906e-09,12
3788,12,0.8939393939393939,5.6679420681014446e-08,8.466934094939456e-09,12
3789,8,0.6428571428571429,1.8334982884298445e-06,3.2235161450273976e-09,12
3790,46,0.5207729468599034,0.0030753860029381587,1.9494261172974236e-07,12
3791,21,0.5761904761904761,0.0,3.551150827724397e-09,12
3792,15,0.6190476190476191,5.470084621009862e-07,3.4305851910436403e-09,12
3793,49,0.34098639455782315,1.533948135516751e-05,4.4889974750741155e-09,12
3794,35,0.5310924369747899,7.328048153746823e-06,4.12643461122674e-09,12
3795,5,0.7,0.0,6.925517886305089e-09,12
3796,11,0.6545454545454545,0.0,1.1091147831441874e-08,12
3798,1,0.0,0.0,3.0520487999525674e-09,12
3799,14,0.46153846153846156,2.865873450834036e-06,3.4702245420148072e-09,12
3800,49,0.483843537414966,0.00035008211780160683,2.112548622015957e-08,12
3801,3,0.6666666666666666,0.0,3.101774802475306e-09,12
3802,16,0.775,3.4299146572111027e-07,3.5517639037480246e-09,12
3803,21,0.37142857142857144,5.4261638535964305e-06,4.597505174586359e-09,12
3804,49,0.5280612244897959,9.413009035703678e-06,1.2348827812598713e-08,12
3805,5,0.5,0.0,4.510161217320883e-09,12
3806,6,0.7333333333333333,0.0,3.1677066279245514e-09,12
3807,2,1.0,0.0,3.074877778278796e-09,12
3808,2,1.0,0.0,3.08377071179116e-09,12
3809,16,0.6166666666666667,0.0,3.4184373255406755e-09,12
3810,35,0.4436974789915966,1.7461065408424527e-06,3.995777092450406e-09,12
3811,3,1.0,0.0,3.101334964567328e-09,12
3812,7,0.6190476190476191,3.468780545678084e-07,3.41694548116916e-09,12
3813,7,1.0,0.0,4.50044521813162e-09,12
3814,8,0.7857142857142857,0.0,3.4430018282069085e-09,12
3815,15,0.9142857142857143,0.0,3.5308073160717873e-09,12
3816,3,0.6666666666666666,0.0,3.0998120304358212e-09,12
3817,12,0.5454545454545454,1.7084031588608674e-06,7.484313404351326e-09,12
3818,14,0.6483516483516484,1.2070848052725934e-07,3.422237435285687e-09,12
3819,13,0.8589743589743589,1.1208644620388365e-07,3.35425197467762e-09,12
3820,4,0.0,0.031484285282604434,2.4021288887888877e-05,5
3821,26,0.2953846153846154,5.649746817339967e-06,3.857081551209545e-09,12
3822,30,0.5747126436781609,2.55721699818301e-07,3.967221589090786e-09,12
3823,14,0.2967032967032967,1.1865431866565509e-06,3.4092227114810245e-09,12
3824,50,0.4922448979591837,1.1971184952889427e-05,1.846124496807052e-08,12
3825,27,0.28774928774928776,9.828211546087906e-06,4.7524485734010975e-09,12
3826,32,0.5665322580645161,7.854171499072896e-06,4.033243032392721e-09,12
3827,8,0.7857142857142857,1.6518002598467065e-07,3.3260529181329986e-09,12
3828,28,0.5343915343915344,2.526586098376933e-06,1.4199847435492562e-08,12
3829,37,0.3633633633633634,9.279155440846781e-05,4.314683444510746e-09,12
3831,25,0.46,4.840874173861462e-06,1.2658965538815379e-08,12
3832,12,0.7575757575757576,5.427343710924894e-07,6.470805019204209e-09,12
3833,32,0.5826612903225806,1.5008687436331085e-06,3.9325884695826414e-09,12
3834,7,0.7619047619047619,0.0,3.226442485332962e-09,12
3835,26,0.7538461538461538,9.920204583565847e-07,3.8328743087898064e-09,12
3836,22,0.5584415584415584,3.097125487212575e-06,3.6018658275207837e-09,12
3837,17,0.8529411764705882,4.95540077954012e-07,3.474950160921058e-09,12
3838,61,0.3945355191256831,0.0004991190952880068,1.3746699136391633e-08,12
3839,5,0.7,0.0,4.548130286212043e-09,12
3840,12,0.8939393939393939,2.47770038977006e-08,3.4328093604116554e-09,12
3841,33,0.6571969696969697,3.5576766138118705e-06,2.565893771932781e-08,12
3842,41,0.4426829268292683,5.587159613873533e-05,2.4829402007183302e-08,12
3843,8,0.5357142857142857,0.0,3.2730202986072595e-09,12
3844,5,1.0,0.0,3.1461077986686546e-09,12
3845,20,0.6842105263157895,1.852293323202531e-06,7.618262471032929e-09,12
3846,2,1.0,0.0,3.0737929758085154e-09,12
3847,13,0.34615384615384615,0.0,6.785730052125754e-09,12
3848,6,0.9333333333333333,9.91080155908024e-08,3.1825941282855464e-09,12
3849,5,0.9,0.0,3.808127383032713e-09,12
3850,20,0.6421052631578947,0.0,3.658012808316901e-09,12
3852,22,0.5757575757575758,2.3404540469430126e-06,9.881154941093051e-09,12
3853,1,0.0,0.0,3.0520487999525674e-09,12
3854,2,1.0,0.0,3.0888048061233523e-09,12
3855,15,0.4857142857142857,1.4338650859897845e-06,3.4386082818738914e-09,12
3856,1,0.0,0.0,3.0520487999525674e-09,12
3857,11,0.9636363636363636,0.0,3.307225211104552e-09,12
3858,32,0.6491935483870968,1.3212251580079491e-06,1.212191639889777e-08,12
3859,7,0.2857142857142857,0.005791165572126819,2.6324760941751453e-06,12
3860,37,0.6321321321321322,2.3507908371370395e-06,1.2806803010539593e-08,12
3862,19,0.7660818713450293,6.172317729216563e-07,3.5763081974985767e-09,12
3863,11,0.7090909090909091,0.0,3.2934273755954388e-09,12
3864,7,1.0,0.0,4.50044521813162e-09,12
3865,4,0.8333333333333334,0.0,3.1513530451972645e-09,12
3866,19,0.5614035087719298,0.0,3.547933440926131e-09,12
3867,26,0.7261538461538461,1.5857334668392146e-06,3.82441736590343e-09,12
3868,18,0.7908496732026143,1.6164045399928488e-07,3.472118957934779e-09,12
3869,32,0.4274193548387097,9.02892691122128e-06,4.239811049074429e-09,12
3870,26,0.5384615384615384,0.0001583110959121163,1.996128879791597e-08,12
3871,8,0.9642857142857143,0.0,3.235051814548637e-09,12
3873,38,0.5163584637268848,6.669230845733208e-06,2.6816086778481973e-08,12
3874,14,0.9120879120879121,0.0,3.378902135789187e-09,12
3875,2,1.0,0.0,3.074314045727704e-09,12
3876,9,0.9722222222222222,0.0,3.360600657755469e-09,12
3878,10,0.6,6.359431000409821e-07,3.3124817089141556e-09,12
3879,2,1.0,0.0,3.0888048061233523e-09,12
3880,10,0.4666666666666667,1.6322435680909744e-06,6.94781507449083e-09,12
3881,18,0.3790849673202614,1.8458867903786948e-06,3.5219776073249097e-09,12
3882,4,0.5,0.0,3.1399265966752485e-09,12
3883,15,0.9238095238095239,1.313932024878062e-07,4.776413083108873e-09,12
3884,34,0.5490196078431373,5.704506378451429e-06,1.7363525925955702e-08,12
3885,2,1.0,0.0,3.0739955923402366e-09,12
3887,5,0.4,0.0,3.146104577920961e-09,12
3888,10,0.5111111111111111,8.011231260256528e-07,7.747187318123284e-09,12
3889,15,0.9142857142857143,6.292572418463644e-08,1.3399268847854371e-08,12
3890,5,0.4,0.0,3.1711892079843255e-09,12
3891,24,0.5072463768115942,2.4939875735774417e-06,5.851560828888658e-09,12
3892,13,0.9102564102564102,4.129500649616766e-08,3.3551184550053326e-09,12
3893,6,0.5333333333333333,0.0,3.200401134971092e-09,12
3894,9,0.6111111111111112,4.4244649817322496e-07,3.2407725605367054e-09,12
3895,13,0.38461538461538464,3.2364648500413107e-06,3.4094677685113533e-09,12
3896,21,0.6,4.91777684615573e-07,3.7053469511628175e-09,12
3897,4,1.0,0.0,3.1620733913450027e-09,12
3898,16,0.825,2.6916836052502014e-06,4.8092767634184105e-09,12
3899,7,1.0,0.0,3.2099978360761564e-09,12
3900,34,0.46167557932263814,2.122161746288077e-06,4.079695304658486e-09,12
3901,8,0.4642857142857143,9.497851494118562e-07,3.233465276813136e-09,12
3902,42,0.47502903600464574,1.8714208396365927e-05,1.1919517670446041e-08,12
3903,18,0.6666666666666666,0.0,3.6181121329815566e-09,12
3904,7,0.47619047619047616,7.43310116931018e-07,3.862246878165535e-09,12
3905,8,0.6428571428571429,0.0,3.222546867209592e-09,12
3906,44,0.3657505285412262,1.07814779758048e-05,4.447115159403145e-09,12
3907,26,0.6984615384615385,1.406265001367581e-06,3.825936188892099e-09,12
3908,7,0.5714285714285714,0.0,4.645555940259399e-09,12
3909,22,0.48917748917748916,7.3507354528437906e-06,3.7667190283064974e-09,12
3910,4,1.0,0.0,3.126473080114604e-09,12
3911,7,1.0,0.0,4.50044521813162e-09,12
3912,15,0.8952380952380953,0.0,3.402678576504125e-09,12
3913,18,0.8169934640522876,7.414330711811923e-08,7.473158610375104e-09,12
3914,8,0.35714285714285715,0.0,3.432967270935394e-09,12
3915,22,0.6536796536796536,2.8326034382958482e-05,4.097077508476324e-09,12
3916,7,0.5238095238095238,8.259001299233533e-07,4.300529883382508e-09,12
3917,15,0.8285714285714286,1.114965175396527e-07,3.4013168614595623e-09,12
3918,31,0.25161290322580643,1.4783612325628027e-05,5.045835623015966e-09,12
3919,12,0.9848484848484849,0.0,4.684324764645389e-09,12
3920,16,0.875,0.0,3.4268940537766705e-09,12
3921,30,0.6620689655172414,1.9550164345219765e-06,3.927456257233939e-09,12
3922,2,1.0,0.0,3.07706345031838e-09,12
3923,7,0.8095238095238095,2.229930350793054e-07,3.201969719507568e-09,12
3924,41,0.5280487804878049,4.414646254377087e-06,4.279419404210263e-09,12
3925,5,0.9,0.0,4.278970506904988e-09,12
3926,43,0.512735326688815,8.024837257658403e-06,1.2197018054999068e-08,12
3927,24,0.30434782608695654,6.730889415987251e-06,4.682206152629306e-09,12
3928,3,0.6666666666666666,0.0,4.454156108198258e-09,12
3929,15,0.5619047619047619,9.974357449285044e-07,1.2846365605252614e-08,12
3930,47,0.33209990749306195,4.7717848397361327e-05,1.1709847272490874e-08,12
3931,22,0.3333333333333333,3.54781861055921e-06,3.661655110170271e-09,12
3932,8,0.8928571428571429,9.91080155908024e-08,3.214372527503642e-09,12
3933,22,0.5800865800865801,0.0,3.5719191978111506e-09,12
3934,10,0.6888888888888889,7.993533400329599e-07,4.8671355951969e-09,12
3935,1,0.0,0.0,3.0520487999525674e-09,12
3936,6,0.9333333333333333,0.0,3.265022619796178e-09,12
3937,14,0.5274725274725275,2.5280872380326113e-06,3.645542527905838e-09,12
3938,83,0.35321774904496034,0.00017732065404617731,3.8211593052056174e-08,12
3939,4,1.0,0.0,3.12221200961239e-09,12
3940,11,0.7272727272727273,1.327339494519675e-07,3.932621005441581e-09,12
3941,7,0.38095238095238093,0.0,3.3248768886448434e-09,12
3942,2,1.0,0.0,4.063669309519009e-09,12
3944,14,0.3956043956043956,0.01198161484502139,4.244564603683564e-08,12
3945,34,0.4117647058823529,6.064815867124257e-05,5.124056303322383e-09,12
3946,4,0.8333333333333334,0.0,3.1255100239708135e-09,12
3947,32,0.4375,4.6565929727940403e-07,4.019551940696015e-09,12
3949,12,0.30303030303030304,0.0,3.5234007291012346e-09,12
3950,16,0.26666666666666666,3.931284618435162e-06,8.17728821775828e-09,12
3951,35,0.5697478991596638,3.5007284927254556e-06,4.1105202792272594e-09,12
3952,4,0.8333333333333334,0.0,3.1224921001187876e-09,12
3953,4,0.8333333333333334,0.0,3.1651384360377054e-09,12
3954,4,0.8333333333333334,0.0,3.780672372827035e-09,12
3955,3,1.0,0.0,3.1196999936075833e-09,12
3956,24,0.5217391304347826,3.484839540323677e-05,3.957902097373798e-09,12
3957,18,0.7908496732026143,3.71655058465509e-07,4.738719283809746e-09,12
3958,9,0.5,0.0,3.2815536379408867e-09,12
3959,2,1.0,0.0,3.082941414567817e-09,12
3960,17,0.75,0.0,3.44542425388045e-09,12
3963,6,0.8,0.0,3.16725744154078e-09,12
3964,15,0.6285714285714286,0.0,4.388104609219576e-09,12
3965,4,1.0,0.0,3.1257522395129184e-09,12
3966,47,0.43940795559666973,1.3160525670727634e-05,1.4701154166197631e-08,12
3967,16,0.7166666666666667,0.0,3.430612019686182e-09,12
3968,46,0.47729468599033814,1.7981926196116102e-05,3.4068963228720466e-08,12
3969,25,0.6466666666666666,8.628865863940267e-07,3.736704033346309e-09,12
3970,7,0.3333333333333333,4.6204047313022295e-05,3.332596801763338e-08,12
3971,47,0.4301572617946346,6.519824560501035e-05,2.6595782885669815e-08,12
3972,19,0.7134502923976608,0.005275185315350928,8.720771785734408e-09,12
3973,8,0.8571428571428571,0.0,3.256871997790465e-09,12
3974,1,0.0,0.0,3.0520487999525674e-09,12
3975,15,0.9619047619047619,8.259001299233533e-08,3.4184285242603323e-09,12
3976,15,0.7238095238095238,2.3546562188301215e-07,3.4515248910968636e-09,12
3977,6,0.7333333333333333,0.0,3.1890434754642653e-09,12
3978,4,0.6666666666666666,0.0,4.551540107282747e-09,12
3979,12,0.5151515151515151,1.6187642546497725e-06,6.712826272651953e-09,12
3981,8,0.8928571428571429,0.0,3.263500611537661e-10,1
3982,14,0.5054945054945055,3.055830480716407e-06,3.38830200195973e-10,1
3983,2,1.0,0.0,3.1176835901882264e-10,1
3984,1,0.0,0.0,3.0971911487540817e-10,1
3985,6,0.7333333333333333,1.8169802858313775e-07,3.220218602653907e-10,1
3986,9,0.7222222222222222,7.59828119529485e-07,3.263897415624264e-10,1
3987,2,1.0,0.0,3.116764931886523e-10,1
3988,7,0.6190476190476191,1.0199866604553415e-06,3.2226337251278554e-10,1
3990,4,1.0,0.0,3.1566684501767443e-10,1
3991,3,0.6666666666666666,0.0,9.240115793580945e-10,1
3992,3,1.0,0.0,3.138173511296816e-10,1
3993,6,0.8,2.601585409258563e-07,3.2211148267705287e-10,1
3994,11,0.6909090909090909,8.518569911495159e-07,3.326524176176046e-10,1
3995,9,0.4722222222222222,5.120580805524791e-07,3.302271627092897e-10,1
3996,4,0.5,0.0,3.177437050995282e-10,1
3997,11,0.7454545454545455,1.0252960184334199e-06,3.32733422244232e-10,1
3998,14,0.46153846153846156,2.3089807918000037e-06,3.405255198691507e-10,1
3999,4,0.6666666666666666,0.0,3.157873173984919e-10,1
4000,9,0.5833333333333334,1.978030811166431e-06,3.261802465224764e-10,1
4001,2,1.0,0.0,3.116764931886523e-10,1
4002,7,0.5238095238095238,0.0,6.33223532814603e-10,1
4003,5,1.0,0.0,3.2030050540090383e-10,1
4004,10,0.5333333333333333,5.4922358639903e-07,6.45286779504133e-10,1
4005,3,1.0,0.0,3.1384205584558887e-10,1
4006,2,1.0,0.0,3.1370623910110593e-10,1
4007,4,1.0,0.0,3.1566684501767443e-10,1
4008,1,0.0,0.0,3.0971911487540817e-10,1
4009,10,0.7777777777777778,2.7372690020316856e-07,3.3064310910428567e-10,1
4010,1,0.0,0.0,3.0971911487540817e-10,1
4012,2,1.0,0.0,3.116764931886523e-10,1
4013,6,0.8,1.6518002598467065e-07,9.381781115850425e-10,1
4014,12,0.4393939393939394,3.3985790346345987e-06,3.385897719271657e-10,1
4015,1,0.0,0.0,3.0971911487540817e-10,1
4016,4,1.0,0.0,3.1566684501767443e-10,1
4017,9,0.6111111111111112,1.9821603118160476e-06,3.2621987186547077e-10,1
4018,7,0.9047619047619048,1.203454475031172e-07,3.244643590554906e-10,1
4019,8,0.75,1.203454475031172e-07,3.2443424819529285e-10,1
4020,8,0.5357142857142857,2.5355133988646947e-06,6.391169453300929e-10,1
4021,11,0.6181818181818182,2.3125203637853893e-07,3.306461982780029e-10,1
4022,1,0.0,0.0,3.0971911487540817e-10,1
4023,18,0.3790849673202614,4.427414625053406e-06,6.618238425607485e-10,1
4024,1,0.0,0.0,3.0971911487540817e-10,1
4025,4,1.0,0.0,3.1566684501767443e-10,1
4026,9,0.6388888888888888,6.117560248075125e-07,3.26403892270054e-10,1
4027,7,0.5238095238095238,0.0,6.348164176657579e-10,1
4028,2,1.0,0.0,3.117148104775864e-10,1
4029,2,1.0,0.0,3.116764931886523e-10,1
4030,19,0.3684210526315789,4.654537160782327e-06,3.528699171950004e-10,1
4032,2,1.0,0.0,3.1370623910110593e-10,1
4033,3,1.0,0.0,3.1381843147908573e-10,1
4034,2,1.0,0.0,3.138768360269085e-10,1
4035,1,0.0,0.0,3.0971911487540817e-10,1
4036,2,1.0,0.0,3.1170245793942864e-10,1
4037,4,0.6666666666666666,1.6518002598467065e-07,3.1798969132810875e-10,1
4038,9,0.5555555555555556,3.71655058465509e-07,9.482433423982195e-10,1
