,degree,clustering_coeff,betweenness_centrality,eigenvector_centrality,community_id
0,347,0.041978311205876966,0.15590407032101966,4.852229845106447e-05,0
1,17,0.41911764705882354,2.2511474403376367e-06,7.377410544456294e-07,0
2,10,0.8888888888888888,6.19425097442515e-08,3.340815678069361e-07,0
3,17,0.6323529411764706,3.816346850354161e-06,8.494558117322692e-07,0
4,10,0.8666666666666667,1.23885019488503e-07,3.3392985612196754e-07,0
5,13,0.3333333333333333,2.8399165896078737e-06,1.331645436938421e-06,0
6,6,0.9333333333333333,0.0,3.2415847008720757e-07,0
7,20,0.43157894736842106,0.00015651288840004893,2.595383511879365e-05,0
8,8,0.6785714285714286,0.0,3.283118297065553e-07,0
9,57,0.39724310776942356,1.721419747366248e-05,2.6430580143277417e-06,0
10,10,0.8222222222222222,0.0,9.242581393252614e-07,0
11,1,0.0,0.0,3.1350684824705347e-07,0
12,1,0.0,0.0,3.1350684824705347e-07,0
13,31,0.6516129032258065,7.152740561805406e-06,4.639772863459335e-06,0
14,15,0.7428571428571429,1.5338145270005133e-07,3.454611521615138e-07,0
15,1,0.0,0.0,3.1350684824705347e-07,0
16,9,0.6666666666666666,2.7726647218855436e-07,4.6167049309201326e-07,0
17,13,0.7307692307692307,1.4158287941543198e-07,3.4102444162738e-07,0
18,1,0.0,0.0,3.1350684824705347e-07,0
19,16,0.2833333333333333,0.00010661636197393375,3.4685303914119417e-07,0
20,15,0.6857142857142857,1.2502554823934953e-06,3.4517929030948963e-07,0
21,65,0.3490384615384615,0.0010959920774388683,2.6688284859341182e-05,0
22,11,0.4727272727272727,4.709775935705772e-07,1.179714488909198e-06,0
23,17,0.16911764705882354,6.937561091356168e-06,3.4865585968426076e-07,0
24,16,0.9,1.468922373935107e-07,3.898195638453574e-07,0
25,69,0.2885763000852515,0.00011016508621435758,2.6486868185604525e-06,0
26,68,0.4113257243195786,2.8917211325926188e-05,3.0121890679896144e-06,0
27,5,0.9,0.0,4.978412659748735e-07,0
28,13,0.7692307692307693,1.5338145270005133e-07,3.4084284127028976e-07,0
29,13,0.46153846153846156,0.0,5.394619153860427e-07,0
30,17,0.5,4.148137937106169e-07,1.1497769118736198e-06,0
31,23,0.43478260869565216,7.347477630366111e-06,1.6725672686116208e-06,0
32,6,1.0,0.0,3.244533059922849e-07,0
33,2,1.0,0.0,3.1556890688114557e-07,0
34,5,0.6,0.0036251400211799877,4.572171090887258e-06,1
35,2,1.0,0.0,3.157141154545992e-07,0
36,11,0.9636363636363636,1.1012001732311377e-07,3.4802557526359926e-07,0
37,1,0.0,0.0,3.1350684824705347e-07,0
38,9,0.3611111111111111,1.0358943920218455e-06,8.430092799004837e-07,0
39,15,0.49523809523809526,2.0351301303386048e-07,6.453105259629393e-07,0
40,44,0.4048625792811839,1.2834568966322234e-05,2.1985485779104576e-06,0
41,24,0.4673913043478261,8.435979898502823e-07,3.6506014733981937e-07,0
42,2,1.0,0.0,3.1556890688114557e-07,0
43,1,0.0,0.0,3.1350684824705347e-07,0
44,6,1.0,0.0,3.251180254557665e-07,0
45,12,0.7272727272727273,7.216793992425492e-07,9.839521798730018e-07,0
46,5,1.0,0.0,3.2249090810532133e-07,0
47,2,1.0,0.0,3.1654111926471647e-07,0
48,22,0.329004329004329,4.578395678361068e-06,6.644445716295173e-07,0
49,4,0.5,9.91080155908024e-07,3.1973645102551143e-07,0
50,12,0.4696969696969697,0.010251116923331574,5.970326503851569e-07,0
51,7,0.8571428571428571,0.0,3.512263318900041e-07,0
52,2,1.0,0.0,3.156119628965797e-07,0
53,31,0.3827956989247312,2.1060254204415887e-05,1.100533109610579e-06,0
54,9,0.4722222222222222,3.7598957555866433e-06,4.5532746658028026e-07,0
55,18,0.738562091503268,0.0002636456947848172,6.559814621047757e-06,0
56,78,0.34865134865134867,0.0011895612979647262,3.029185405517381e-05,0
57,15,0.5238095238095238,2.820448943688252e-06,5.444546099648469e-07,0
58,12,0.2727272727272727,0.055614179665253116,0.0005974775225457218,0
59,20,0.7,0.00209225129042667,0.0004948416680136882,0
60,8,0.6785714285714286,1.1295002476131267e-07,9.244842109366397e-07,0
61,3,0.6666666666666666,0.0,3.1789267903890706e-07,0
62,26,0.5230769230769231,5.906322510426825e-06,1.3778786248802662e-06,0
63,6,1.0,0.0,6.120362030501186e-07,0
64,7,0.9523809523809523,6.257414595250594e-06,4.4561220190762245e-07,0
65,12,0.5,8.842778570555425e-07,8.553188104763338e-07,0
66,15,0.8761904761904762,4.1691563196803873e-07,1.5427575788164393e-06,0
67,76,0.36140350877192984,0.0009413734578678078,3.043872302308017e-05,0
68,9,0.8333333333333334,1.982160311816048e-07,3.312397601538062e-07,0
69,10,0.6444444444444445,1.4828661423623845e-07,7.486165084821612e-07,0
70,2,1.0,0.0,3.1567061120132127e-07,0
71,3,1.0,0.0,3.1783372517884475e-07,0
72,24,0.605072463768116,1.1693746853199721e-06,1.0551793319354549e-06,0
73,10,0.5333333333333333,5.002595072678597e-07,3.6934930328972484e-07,0
74,1,0.0,0.0,3.1350684824705347e-07,0
75,14,0.7582417582417582,1.147083513782435e-07,1.1329391338856729e-06,0
76,3,1.0,0.0,3.3248294665800787e-07,0
77,6,0.6,0.0,3.543175794427376e-07,0
78,9,1.0,0.0,3.3087401720270966e-07,0
79,12,0.9393939393939394,1.8353336220518963e-08,7.2335232295642e-07,0
80,23,0.5217391304347826,0.00015040044011890204,7.388211814016676e-07,0
81,3,0.6666666666666666,0.0,3.407027507616439e-07,0
82,34,0.41711229946524064,2.401878474569002e-05,4.401975916365913e-06,0
83,7,0.8571428571428571,0.0,3.512263318900041e-07,0
84,13,0.4230769230769231,2.274764929274607e-06,5.93973410415996e-07,0
85,14,0.6483516483516484,5.069985369660133e-07,7.773581078497683e-07,0
86,6,1.0,0.0,3.2471593606174366e-07,0
87,13,0.6410256410256411,2.0323622853594993e-05,2.561076650961282e-05,0
88,20,0.3368421052631579,2.0228653896479843e-06,9.586893227436412e-07,0
89,8,0.6785714285714286,0.0,3.284900427156227e-07,0
90,2,1.0,0.0,3.155825591436322e-07,0
91,8,0.6785714285714286,0.0,3.283118297065553e-07,0
92,21,0.7761904761904762,5.712654664898415e-07,4.0782718146458265e-07,0
93,8,0.8571428571428571,1.982160311816048e-07,3.290549667505611e-07,0
94,23,0.6086956521739131,0.00048669683494228925,4.183892699098411e-06,0
95,6,0.8666666666666667,0.0,3.241309664698472e-07,0
96,9,0.3888888888888889,0.0,5.2771575494209e-07,0
97,3,0.6666666666666666,0.0,3.1774651489705845e-07,0
98,49,0.5246598639455783,3.174480491093735e-05,5.531979222075368e-06,0
99,13,0.6410256410256411,2.6936142808785935e-06,3.399015200634011e-07,0
100,9,0.6111111111111112,0.0,3.859638331167016e-07,0
101,19,0.8304093567251462,6.90216537150231e-07,3.9846872963225074e-07,0
102,6,1.0,0.0,3.2465837341169197e-07,0
103,16,0.55,5.449504302985781e-05,2.5506379177420236e-05,0
104,32,0.6088709677419355,1.4931485793370278e-05,4.853762567181847e-06,0
105,14,0.6703296703296703,1.046140164569581e-07,7.992946978699557e-07,0
106,8,0.42857142857142855,5.533530870486467e-07,5.40650589392889e-07,0
107,1045,0.04904031237969532,0.43371196298762943,0.0011513412205544995,11
108,13,0.7948717948717948,2.9281913697282527e-07,5.286484949638586e-07,0
109,37,0.53003003003003,0.00044292369939267633,2.402263233813865e-06,0
110,5,1.0,0.0,3.2205121934905384e-07,0
111,14,0.5604395604395604,6.489215306540634e-07,3.4271439460594517e-07,0
112,3,1.0,0.0,3.178671857616864e-07,0
113,40,0.5371794871794872,0.000278645635932761,2.014194060487425e-06,0
114,1,0.0,0.0,3.1350684824705347e-07,0
115,21,0.5333333333333333,9.5829978646559e-06,3.584607669831973e-07,0
116,17,0.6617647058823529,2.0808750416306968e-06,3.498621756176449e-07,0
117,6,0.4666666666666667,7.309216149821676e-07,5.064011255611161e-07,0
118,36,0.5365079365079365,4.905425438466852e-05,4.84248440200785e-06,0
119,62,0.28714965626652567,0.0025397904353156534,2.6716694887160796e-06,0
120,4,0.5,1.895288844176871e-05,2.4449589432127425e-05,0
121,12,0.4696969696969697,4.479524990393807e-07,8.917218314063216e-07,0
122,63,0.38556067588325654,0.000979851867151698,2.990862931541342e-05,0
123,18,0.6928104575163399,6.328929662717651e-07,1.2456421739507072e-06,0
124,4,0.5,0.0,3.331144889447648e-07,0
125,4,0.6666666666666666,3.394913467818052e-06,2.4603944946654095e-05,0
126,7,0.7619047619047619,6.813676071867665e-07,5.057434939658168e-07,0
127,16,0.7333333333333333,5.158121720521308e-07,5.347083575118729e-07,0
128,28,0.5952380952380952,2.4391642020652425e-06,1.950481962808613e-06,0
129,7,0.9047619047619048,0.0,6.655946937268082e-07,0
130,16,0.35833333333333334,3.0068664015852375e-06,7.591017386344533e-07,0
131,7,1.0,0.0,3.267434017628298e-07,0
132,16,0.4,0.0,8.157804222291819e-07,0
133,18,0.5882352941176471,3.0855619723024427e-06,8.369372424958105e-07,0
134,19,0.7076023391812866,7.420498147847064e-07,1.2858614372089743e-06,0
135,10,1.0,0.0,3.4465457426824763e-07,0
136,133,0.32137161084529503,0.025154963123665643,0.0039082683499996095,4
137,16,0.5333333333333333,3.0522909087310217e-06,3.469853297314952e-07,0
138,4,0.16666666666666666,0.007236052168506075,3.1813896782626214e-07,3
139,9,0.9722222222222222,0.0,3.438571335572252e-07,0
140,11,0.8909090909090909,0.0,3.365484104523818e-07,0
141,28,0.5555555555555556,6.454843520024776e-06,1.4187469561826228e-06,0
142,43,0.530454042081949,5.242146043747849e-06,2.4280275665370813e-06,0
143,12,0.6060606060606061,1.6694981197736356e-06,3.374910608427303e-07,0
144,15,0.7047619047619048,2.47770038977006e-07,3.454038381337815e-07,0
145,2,1.0,0.0,3.155825591436322e-07,0
146,10,0.4666666666666667,9.648066833478341e-05,2.4798978749949e-05,0
147,6,0.9333333333333333,0.0,3.2415847008720757e-07,0
148,20,0.42105263157894735,0.00017501512784099597,9.314179464179744e-07,0
149,14,0.7802197802197802,7.588449050891001e-07,3.4292717809709856e-07,0
150,11,0.5636363636363636,0.00012868514090356458,6.235680022000974e-07,0
151,7,0.9047619047619048,0.0,3.272881106987419e-07,0
152,5,0.7,0.0,4.789947994280832e-07,0
153,2,1.0,0.0,3.26397631271559e-07,0
154,2,1.0,0.0,3.156254296761347e-07,0
155,3,0.6666666666666666,0.0,3.1786439052906425e-07,0
156,12,0.5303030303030303,6.865905133013164e-05,2.4870492570089735e-05,0
157,3,0.6666666666666666,0.0,3.1775782235570275e-07,0
158,25,0.3566666666666667,7.1365320604811884e-06,1.4019320258767478e-06,0
159,14,0.6263736263736264,1.4958803262278433e-06,5.820012501783758e-07,0
160,2,1.0,0.0,3.177849844447513e-07,0
161,25,0.5466666666666666,2.1844833122531883e-06,2.300296011079672e-06,0
162,8,0.8571428571428571,6.19425097442515e-08,3.294901148557399e-07,0
163,6,0.5333333333333333,3.552863888665294e-05,3.490893923840565e-07,0
164,3,0.6666666666666666,0.0,4.851276681628396e-07,0
165,11,0.6,0.0,7.441246393538938e-07,0
166,4,0.6666666666666666,3.303600519693413e-07,3.263229876951687e-07,0
167,7,0.9047619047619048,9.91080155908024e-08,3.265913887679529e-07,0
168,11,0.6909090909090909,0.0,8.69687644615941e-07,0
169,38,0.4395448079658606,0.0003811806610257078,2.628959185322117e-05,0
170,46,0.4714975845410628,1.6767329812469914e-05,2.4266751298109653e-06,0
171,22,0.21645021645021645,0.015344864659359853,1.4097702606103314e-05,0
172,41,0.45975609756097563,4.161118665957159e-05,4.7169973574510835e-06,0
173,12,0.24242424242424243,0.00333577092873291,9.471933617502405e-07,1
174,4,0.8333333333333334,0.0,3.199308225383757e-07,0
175,17,0.4264705882352941,5.653876317989586e-06,3.6814148377739444e-07,0
176,14,0.7252747252747253,1.1855216375269158e-06,7.195968250866895e-07,0
177,11,0.7636363636363637,9.344470041418512e-07,3.3548502781593324e-07,0
178,13,0.46153846153846156,1.807380079192952e-06,7.513132311666228e-07,0
179,3,0.6666666666666666,0.0,3.176311489661336e-07,0
180,20,0.7578947368421053,5.824741111102299e-07,4.0967445340925895e-07,0
181,10,0.8666666666666667,1.23885019488503e-07,3.3392985612196754e-07,0
182,3,0.6666666666666666,0.0,3.176598212280512e-07,0
183,2,1.0,0.0,3.188160299192602e-07,0
184,18,0.6339869281045751,9.287622370138075e-07,5.456548268216267e-07,0
185,26,0.5384615384615384,3.6870233252660186e-05,4.732178634545131e-06,0
186,44,0.4978858350951374,3.3116453994342255e-05,5.21944844267711e-06,0
187,16,0.8583333333333333,1.8169802858313775e-07,3.902872164588526e-07,0
188,48,0.45567375886524825,1.3380100043842389e-05,2.464698621596222e-06,0
189,7,0.9523809523809523,6.257414595250594e-06,4.4561220190762245e-07,0
190,4,0.5,4.95540077954012e-07,3.2154186823351084e-07,0
191,3,1.0,0.0,3.252775579461871e-07,0
192,5,0.4,7.43310116931018e-07,3.2206761328987405e-07,0
193,5,0.7,2.47770038977006e-07,3.220236845944892e-07,0
194,19,0.8245614035087719,4.1847394245402117e-07,4.018134110350448e-07,0
195,9,1.0,0.0,3.3087401720270955e-07,0
196,13,0.717948717948718,1.982160311816048e-07,7.022692900692067e-07,0
197,16,0.7416666666666667,3.754091499651606e-07,5.393544179368539e-07,0
198,12,0.4696969696969697,0.0018694868315383291,6.358255186312693e-07,1
199,47,0.47178538390379277,7.179923775858595e-06,2.125876342412386e-06,0
200,57,0.4342105263157895,1.814012806690916e-05,2.6603838734984457e-06,0
201,4,1.0,0.0,3.1994621694328965e-07,0
202,4,0.6666666666666666,3.00395168433124e-06,3.295915779461684e-07,0
203,57,0.42857142857142855,0.0006676269012183413,5.916410766398813e-06,0
204,22,0.5887445887445888,2.7097568743270957e-06,6.013051127367002e-07,0
205,2,1.0,0.0,3.156119628965797e-07,0
206,4,0.5,4.1295006496167666e-07,3.2819385711781963e-07,0
207,3,1.0,0.0,6.713610524499075e-07,0
208,7,0.8571428571428571,0.0,5.596819354029902e-07,0
209,2,0.0,0.00010268308889798798,3.930008573897045e-05,0
210,1,0.0,0.0,3.1350684824705347e-07,0
211,30,0.6,1.998977206602487e-05,4.726746133295731e-06,0
212,18,0.6993464052287581,1.1124051389350614e-05,4.229262875701305e-06,0
213,39,0.30364372469635625,0.0004444820259933068,2.6593421431439968e-05,0
214,17,0.5661764705882353,4.6309400142130885e-07,3.4971476182167986e-07,0
215,1,0.0,0.0,3.1350684824705347e-07,0
216,2,1.0,0.0,3.1565909375742004e-07,0
217,8,0.8214285714285714,1.5056200622255504e-05,6.016908809954201e-07,0
218,9,1.0,0.0,3.3087401720270955e-07,0
219,6,0.7333333333333333,0.0,3.24102512086513e-07,0
220,4,1.0,0.0,3.2036445417763345e-07,0
221,8,0.8571428571428571,0.0,9.031055797687023e-07,0
222,11,0.7454545454545455,2.229930350793054e-06,7.054142596496451e-07,0
223,27,0.7207977207977208,1.0938466826052499e-06,1.7183396729318674e-06,0
224,28,0.5211640211640212,3.0761685887106567e-06,1.7792385247320042e-06,0
225,10,0.8444444444444444,6.866769651648452e-07,3.333909882751552e-07,0
226,14,0.8131868131868132,3.116789776020274e-07,3.431613628012811e-07,0
227,15,0.5428571428571428,4.8905086264747134e-06,3.4426464024890194e-07,0
228,3,1.0,0.0,3.212822454231153e-07,0
229,6,0.5333333333333333,0.0,3.645392733836966e-07,0
230,9,0.2777777777777778,0.0,3.309223389212851e-07,0
231,21,0.4523809523809524,4.198555034756049e-06,1.0786155047227417e-06,0
232,25,0.62,2.0140828305852812e-06,1.504600727638628e-06,0
233,2,1.0,0.0,3.1556890688114557e-07,0
234,2,1.0,0.0,3.675114775790772e-07,0
235,5,0.8,0.0,8.255535412592386e-07,0
236,37,0.4099099099099099,1.1938080689406333e-05,2.0594003721769602e-06,0
237,7,0.8571428571428571,0.0,3.512263318900041e-07,0
238,23,0.7154150197628458,4.010845202799031e-06,4.194031001886484e-06,0
239,59,0.418468731735827,0.0001401380530708208,8.715482609817071e-06,0
240,3,0.6666666666666666,0.0,3.202711401522866e-07,0
241,2,1.0,0.0,3.155965009699429e-07,0
242,24,0.5978260869565217,4.450028557182259e-06,7.515241375957188e-07,0
243,8,0.6428571428571429,0.0,3.291719729825084e-07,0
244,2,1.0,0.0,3.1556890688114557e-07,0
245,5,0.7,2.47770038977006e-07,3.2222723036260274e-07,0
246,14,0.5934065934065934,1.609121532762417e-05,2.5934098504948108e-05,0
247,3,0.6666666666666666,2.47770038977006e-07,4.680461976989969e-07,0
248,21,0.5047619047619047,3.9439726443414315e-06,1.2514360311561981e-06,0
249,24,0.6268115942028986,1.4414102462305175e-06,9.030674970907814e-07,0
250,5,0.8,3.4475431872889086e-07,3.5863228815083364e-06,0
251,14,0.7802197802197802,1.1727781844911617e-06,6.980962985316828e-07,0
252,65,0.4033653846153846,8.484605373440173e-05,6.335649096777755e-06,0
253,3,0.6666666666666666,0.0,3.1774651489705845e-07,0
254,17,0.9044117647058824,2.1907805394395443e-07,3.924989867697323e-07,0
255,2,1.0,0.0,3.155965009699429e-07,0
256,2,1.0,0.0,3.1556890688114557e-07,0
257,18,0.5032679738562091,2.5234796034164037e-05,4.049933579837207e-06,0
258,15,0.4857142857142857,0.0,6.516327390256469e-07,0
259,8,0.6785714285714286,0.0,3.283118297065553e-07,0
260,8,0.39285714285714285,4.1295006496167666e-07,6.726598463724377e-07,0
261,38,0.4751066856330014,1.8171828710621653e-05,4.743578952964788e-06,0
262,4,1.0,0.0,3.2036445417763345e-07,0
263,7,0.9523809523809523,8.259001299233533e-08,3.268099959386099e-07,0
264,5,1.0,0.0,3.2205121934905384e-07,0
265,27,0.6410256410256411,3.5377894678340334e-06,1.2508971943540402e-06,0
266,18,0.8823529411764706,2.1907805394395443e-07,3.9709290207705587e-07,0
267,2,1.0,0.0,3.1578786166636656e-07,0
268,11,0.9090909090909091,2.5980459107963165e-07,3.627443208167229e-06,0
269,6,0.4666666666666667,4.038482949413149e-05,4.036825304884944e-06,0
270,4,0.8333333333333334,0.0,3.6902115750863235e-07,0
271,73,0.386986301369863,9.42449477536833e-05,6.113074634762676e-06,0
272,45,0.35353535353535354,2.6545163026769894e-05,2.228261396588335e-06,0
273,9,1.0,0.0,3.3087401720270955e-07,0
274,14,0.5604395604395604,2.4913141281753894e-07,7.953095293695185e-07,0
275,10,0.8666666666666667,1.23885019488503e-07,3.3392985612196764e-07,0
276,18,0.7516339869281046,8.35577724569163e-07,1.1114465629297895e-06,0
277,65,0.3466346153846154,0.0008399294223291994,3.510900271972944e-06,0
278,10,0.8,6.819575358509975e-07,3.333334052890153e-07,0
279,2,1.0,0.0,3.157488758088756e-07,0
280,43,0.4673311184939092,1.0934486812839223e-05,2.056894458441842e-06,0
281,16,0.7416666666666667,1.288618722194697e-06,7.15657969825311e-07,0
282,2,1.0,0.0,3.1556890688114557e-07,0
283,5,0.6,0.0,3.6759639997151746e-07,0
284,16,0.7,1.4638096588451053e-06,7.092732393887013e-07,0
285,47,0.43293246993524515,0.0004907189728917712,2.6780878314664964e-05,0
286,3,0.3333333333333333,0.001076015106219834,3.198285860248682e-07,0
287,1,0.0,0.0,3.1350684824705347e-07,0
288,4,0.8333333333333334,0.0,5.125858687874176e-07,0
289,4,0.8333333333333334,0.0,3.2033500243240264e-07,0
290,14,0.8241758241758241,1.656001488795448e-07,1.0584794020096752e-06,0
291,36,0.38095238095238093,1.1430395813388053e-05,1.8499240321102422e-06,0
292,3,0.3333333333333333,0.00025853161506326404,1.3794206279683976e-05,0
293,3,1.0,0.0,3.178671857616864e-07,0
294,3,0.6666666666666666,0.0,3.3779072490897376e-07,0
295,10,0.5333333333333333,3.280413483960271e-07,6.572982914755375e-07,0
296,7,0.9523809523809523,8.259001299233533e-08,3.268099959386099e-07,0
297,25,0.72,8.076083581692494e-07,1.73010958835603e-06,0
298,11,0.9454545454545454,5.5060008661556886e-08,6.64183091455278e-07,0
299,20,0.6842105263157895,3.067629054001027e-06,4.024405411765996e-07,0
300,7,0.7619047619047619,5.002595072678597e-07,3.571419049577445e-07,0
301,3,0.6666666666666666,2.47770038977006e-07,4.7261979835251416e-07,0
302,20,0.7526315789473684,5.291660118151771e-07,5.664095742358981e-07,0
303,21,0.580952380952381,2.055418725937821e-06,1.7489135103197939e-06,0
304,55,0.3872053872053872,0.00047940665647099956,2.7038098929515517e-05,0
305,2,1.0,0.0,3.159241593464535e-07,0
306,9,1.0,0.0,3.3087401720270955e-07,0
307,4,0.6666666666666666,0.0,3.315118288555943e-07,0
308,24,0.4746376811594203,9.976490874346857e-05,2.5999185983773974e-05,0
309,10,1.0,0.0,3.4465457426824763e-07,0
310,13,0.5384615384615384,1.2058141896880958e-06,3.399953379943963e-07,0
311,7,0.5238095238095238,7.999637885982053e-06,3.334178272104735e-06,0
312,26,0.4276923076923077,9.824278688326364e-06,3.6916307993083474e-07,0
313,37,0.5015015015015015,8.692621382511566e-06,2.1013771120748573e-06,0
314,13,0.4230769230769231,7.645050094946309e-05,5.202452087097094e-07,0
315,56,0.31623376623376626,0.00047484270335996343,2.7365583239981854e-05,0
316,2,1.0,0.0,3.2186483303443047e-07,0
317,7,0.5238095238095238,0.0,5.040466173558648e-07,0
318,12,0.4393939393939394,2.717536789420798e-05,7.275796819518504e-07,0
319,8,0.6785714285714286,0.0,3.284900427156227e-07,0
320,21,0.48095238095238096,1.1008873322728335e-05,4.1855707179418495e-07,0
321,3,1.0,0.0,3.1811717580012025e-07,0
322,72,0.2918622848200313,0.0014185140004424395,2.758433281794436e-05,0
323,39,0.4844804318488529,1.2907673073361486e-05,2.2707006202800882e-06,0
324,26,0.36615384615384616,0.0001885344970622289,2.540890086709304e-05,0
325,39,0.601889338731444,9.42273730387879e-06,4.997908104653158e-06,0
326,19,0.6666666666666666,1.907436014346792e-06,3.5432233163515575e-07,0
327,4,1.0,0.0,3.1992093110637877e-07,0
328,9,1.0,0.0,3.3087401720270955e-07,0
329,30,0.22528735632183908,1.667076713509186e-05,1.1928643448073724e-06,0
330,16,0.825,1.689341174843223e-07,3.9362803598957803e-07,0
331,20,0.5263157894736842,9.931941054985933e-05,1.0027091466750184e-06,0
332,43,0.42081949058693247,1.4823484154470015e-05,2.364341267293144e-06,0
333,8,0.7857142857142857,3.18561478684722e-07,3.291847211041312e-07,0
334,28,0.5105820105820106,0.0002759400818322387,1.7845983312503258e-06,0
335,1,0.0,0.0,3.1350684824705347e-07,0
336,3,1.0,0.0,3.3614905214200264e-07,0
337,9,0.8055555555555556,2.9732404677240726e-07,3.311930495262291e-07,0
338,7,0.6666666666666666,5.777065524181815e-07,6.182806875737101e-07,0
339,27,0.25925925925925924,0.0003291416339133026,2.5715892562954147e-05,0
340,6,0.7333333333333333,0.0,1.1145425760177546e-06,0
341,12,0.7727272727272727,4.129500649616766e-08,9.828539773257705e-07,0
342,34,0.5775401069518716,1.705401649591141e-05,4.945267694248154e-06,0
343,18,0.6339869281045751,1.7546444903109718e-06,3.5195311120291763e-07,0
344,10,0.4,0.0014319305875261793,0.0004784666504796099,0
345,16,0.65,2.9643915377606077e-07,1.6635321751465307e-06,0
346,27,0.5299145299145299,8.328827401127054e-06,4.3838181804581995e-07,0
347,7,0.8095238095238095,0.0,8.171495221291914e-07,0
348,229,0.12303684976633725,0.03538542209341443,3.76566268390815e-05,1
414,159,0.1351803200382135,0.03956851512915033,2.341345242218323e-05,1
428,115,0.26758199847444697,0.034440251451547256,0.0006179619168386828,1
1684,792,0.044774546986936364,0.30790528437850295,3.581944517944777e-05,6
1912,756,0.10521742177371317,0.16965403745216767,0.09543794945645794,4
2814,2,1.0,0.0,3.934075464065496e-06,0
2838,4,1.0,0.0,4.061201089291482e-06,0
2885,4,1.0,0.0,4.063934137207438e-06,0
3003,4,1.0,0.0,4.061201089291482e-06,0
3173,18,0.21568627450980393,0.000412110256504983,7.275560462625455e-06,6
3290,5,0.8,1.5338145270005133e-07,4.463236416485748e-06,0
353,102,0.31721995728984664,0.0022366494050764154,3.355181186937994e-05,1
363,96,0.31951754385964914,0.0021557487858102006,2.616133861562757e-05,1
366,98,0.3284241531664212,0.0042596181446661295,0.0005254658088408461,1
376,133,0.2631578947368421,0.008087859830135082,3.239095953048652e-05,1
389,48,0.2845744680851064,0.0014229088012437906,2.0411723706783715e-05,7
420,34,0.4919786096256685,0.00046376459979861044,1.7146863146265096e-05,1
475,122,0.2750304836742989,0.0050898082523376026,3.302083007396668e-05,1
483,231,0.1616412572934312,0.010724703118042047,5.298692764191224e-05,1
484,107,0.2671486510315641,0.0027349916058895035,6.027975660255986e-05,1
517,104,0.3525018670649739,0.0015334561664902924,2.9687846379980677e-05,1
526,98,0.2457395329265727,0.0016624070304182613,0.00014433556787769956,1
538,87,0.3322641005078856,0.001049233179984812,2.4400624588135034e-05,1
563,91,0.18485958485958487,0.03139349509769785,0.0006172238054936902,1
566,85,0.4070028011204482,0.0018415350842288791,3.161223083264793e-05,1
580,84,0.3654618473895582,0.0020679531495569475,2.5563882561932088e-05,1
596,46,0.1681159420289855,0.0015683253063879452,1.9909098843471892e-05,1
601,25,0.4166666666666667,0.00036565023979430163,1.5732855482789146e-05,1
606,91,0.2549450549450549,0.0009657340636922107,4.23527906936237e-05,1
629,11,0.38181818181818183,4.7648024937879495e-05,1.0270008364495e-05,1
637,115,0.19115179252479023,0.0018549162291155467,4.3302940970346895e-05,1
641,66,0.31002331002331,0.00031210447130549686,2.819145641916916e-05,1
649,5,0.4,2.6956675683681783e-05,9.192764216904698e-06,8
651,73,0.323820395738204,0.0014103690126204562,2.7851030807173207e-05,1
896,126,0.38603174603174606,0.00010567112276967408,2.678486117626398e-05,7
897,66,0.38554778554778557,1.668052309870954e-05,0.0001745479675857694,11
898,38,0.7610241820768137,1.0947391209085933e-05,1.4092361879570213e-05,7
899,3,1.0,0.0,9.049509083873929e-06,11
900,13,0.5512820512820513,8.725686399386302e-07,1.0991724609762436e-05,8
901,34,0.8235294117647058,6.241433267997612e-07,1.1746723943870211e-05,8
902,46,0.8231884057971014,9.101712135321185e-07,1.5723634780620153e-05,7
903,34,0.7825311942959001,2.120598909495208e-06,1.192381627044018e-05,8
904,3,0.6666666666666666,1.23885019488503e-07,8.950177268553097e-06,11
905,17,0.4411764705882353,3.9158080515103743e-07,1.2574174452670248e-05,1
906,78,0.5541125541125541,6.476614788606684e-06,0.0002692754831134151,11
907,13,0.4230769230769231,8.24425308262776e-07,3.485741802377584e-05,11
908,32,0.4475806451612903,0.0002108915849531089,5.517049023701569e-05,8
909,12,0.6363636363636364,9.332671468133892e-07,9.96646531507874e-06,8
910,5,1.0,0.0,9.127451954628288e-06,1
911,2,0.0,5.363007983491195e-05,8.783122204295185e-06,10
912,9,0.4722222222222222,9.084901429156887e-07,9.863623793639337e-06,1
913,44,0.30655391120507397,9.672667727472742e-06,5.060330704330653e-05,7
914,16,0.6333333333333333,1.3753666281253019e-06,1.2100118693882538e-05,7
915,35,0.37815126050420167,4.997094571563186e-05,1.9947292319570372e-05,1
916,147,0.482900009318796,0.0006306241449033946,0.0005535116319132191,11
917,130,0.22921884317233154,0.0006695335062023714,3.547437558588498e-05,7
918,1,0.0,0.0,8.780383615929952e-06,11
919,29,0.8645320197044335,7.211823403398008e-06,1.332194800895269e-05,7
920,13,0.3974358974358974,2.8926665199066556e-06,3.519096294489401e-05,11
921,106,0.5764600179694519,0.0002616573518776837,0.00041373829020194866,11
922,30,0.46436781609195404,3.334278101363831e-06,7.73253697920414e-05,11
923,8,0.5357142857142857,1.1872458755782805e-06,1.0532862727187053e-05,8
924,45,0.4202020202020202,7.249532324624102e-05,1.818457052471075e-05,7
925,167,0.46771517206550756,0.000696927887875198,0.0005913518919196124,11
926,21,0.5095238095238095,1.4107060132433454e-06,6.92657967876331e-05,11
927,75,0.5816216216216217,1.9972887030469277e-05,0.0002575834920785246,11
928,9,0.9444444444444444,0.0,9.549657472997565e-06,8
929,5,0.9,1.7090054636509216e-07,9.172490015634414e-06,8
930,52,0.4856711915535445,8.604590719719116e-05,2.412288693906337e-05,1
931,15,0.6761904761904762,1.188174198771841e-06,1.0548141947876457e-05,1
932,63,0.49923195084485406,1.4267216265189475e-05,0.0001991173341414932,11
933,25,0.6233333333333333,1.9307941220453606e-06,1.2392968809686122e-05,7
934,82,0.7431496537187594,8.631072222186215e-06,0.00035236664294336213,11
935,7,0.5238095238095238,5.120580805524791e-07,1.0799307214718301e-05,7
936,37,0.6381381381381381,4.979942333259781e-06,1.9415422551561625e-05,1
937,7,0.8571428571428571,0.0,9.33211161734646e-06,7
938,29,0.8226600985221675,1.5477781765269393e-06,1.1485766852135595e-05,8
939,17,0.5808823529411765,0.0,1.0776954609587636e-05,1
940,17,0.5882352941176471,4.418534724966054e-06,1.4599281584388668e-05,7
941,54,0.4116002795248078,1.2977568961914232e-05,1.6392295394778924e-05,7
942,65,0.5855769230769231,1.4103573201656118e-05,1.805882937875628e-05,7
943,12,0.42424242424242425,4.89721684539908e-07,1.0033105801950999e-05,7
944,37,0.5495495495495496,3.431950334178274e-05,1.747111371803752e-05,7
945,4,1.0,0.0,9.103172103859715e-06,7
946,166,0.48477546549835704,0.00012474843812213164,0.00059038393865356,11
947,115,0.5981693363844394,2.6092308675380314e-05,0.0004474838552387434,11
948,38,0.561877667140825,6.008355482721142e-06,1.5811222285256813e-05,1
949,23,0.6758893280632411,2.02332782539304e-06,1.1764298590655434e-05,7
950,10,0.5777777777777777,1.6785899615400189e-06,1.0385850053196037e-05,8
951,20,0.37894736842105264,8.159730991409502e-05,4.8805762179121775e-05,8
952,84,0.7544463568559954,3.1150729756255605e-06,0.0003603113610976457,11
953,109,0.5424736663268773,6.723858157571645e-05,0.00037681493567866053,11
954,55,0.5912457912457912,5.427572213518666e-06,1.7187948429646725e-05,7
955,10,0.8444444444444444,0.0,9.64762753980113e-06,8
956,10,0.8222222222222222,0.0,9.496622496101122e-06,8
957,65,0.6225961538461539,1.2610832926097356e-05,1.851702985327636e-05,7
958,24,0.9239130434782609,8.259001299233533e-08,1.0886006733730898e-05,8
959,46,0.6492753623188405,9.799676587140296e-06,0.00014260710229664845,11
960,103,0.5735770036169807,2.8946902631361826e-05,0.0003670438294205761,11
961,13,0.2692307692307692,1.0398236649745259e-05,1.3842412437344799e-05,11
962,27,0.43874643874643876,5.658343146832437e-05,1.6865607850385198e-05,1
963,33,0.7954545454545454,4.255119248900223e-06,1.189076138603188e-05,8
964,26,0.4707692307692308,9.937187926994057e-06,1.646745767504797e-05,7
965,16,0.7416666666666667,7.06246388160417e-07,1.0946701056099301e-05,7
966,115,0.6314263920671244,1.4509868666634685e-05,0.0004445038605921577,11
967,107,0.4873919943572562,5.206096360446328e-05,0.0003523934705062407,11
968,40,0.31666666666666665,2.379483755080562e-05,4.664428783016817e-05,7
969,32,0.7540322580645161,6.316739829075122e-07,1.3406704948521827e-05,7
970,15,0.7523809523809524,1.7988757650867568e-07,1.3647543193609221e-05,8
971,34,0.6292335115864528,1.2948771621351554e-06,1.3460765160669933e-05,7
972,21,0.7952380952380952,1.6659831316150048e-07,6.75336722903224e-05,11
973,18,0.38562091503267976,1.3317891849578642e-05,2.1284921972801888e-05,11
974,11,0.7454545454545455,4.0469106366244313e-07,9.938123547291958e-06,7
975,54,0.7281621243885394,1.176277260910653e-06,1.703270849156766e-05,7
976,24,0.7210144927536232,8.329142798039216e-06,1.599504161611932e-05,1
977,26,0.56,2.0769586484423423e-06,1.1773857252956456e-05,7
978,104,0.573562359970127,3.176833043100331e-05,0.0003993470710410327,11
979,10,0.9111111111111111,0.0,9.568689339779674e-06,8
980,128,0.5136564960629921,2.8492485245463576e-05,0.0004541658488516822,11
981,47,0.7622571692876966,2.0566475607062992e-07,1.5758934694336365e-05,7
982,68,0.6286215978928885,3.7740356830053144e-05,0.0002508392787331274,11
983,62,0.6991010047593865,9.560937004079709e-06,0.00022093812417681093,11
984,42,0.7619047619047619,2.3569554896815124e-06,1.5492174096166526e-05,7
985,7,0.7619047619047619,0.0,9.323113277775644e-06,7
986,11,0.7454545454545455,0.0,9.939260572504913e-06,7
987,6,0.4,3.097125487212575e-07,9.388477543127884e-06,8
988,41,0.7682926829268293,1.1711183776207123e-06,1.5074439217380868e-05,7
989,35,0.6588235294117647,9.694985663549294e-06,1.395647380406739e-05,7
990,29,0.29802955665024633,0.0009513618483503752,1.1292677037273094e-05,6
991,19,0.32748538011695905,1.519867686982152e-05,2.9829064937417546e-05,11
992,31,0.8043010752688172,1.8099056673962328e-06,1.1696414006229523e-05,8
993,154,0.5144724556489262,5.045211555625408e-05,0.0005581289246034188,11
994,27,0.43874643874643876,6.579469072458451e-06,1.9820265408518754e-05,7
995,66,0.43776223776223777,4.876352863839872e-05,0.00017681627108044468,11
996,4,0.6666666666666666,2.0293546049545253e-07,9.220125213249513e-06,11
997,96,0.5695175438596491,1.277490400068151e-05,0.0003197343638044729,11
998,9,0.5833333333333334,4.914105773043952e-07,2.369687805654606e-05,11
999,77,0.6729323308270677,9.260431483525151e-06,0.00031501413541920657,11
1000,16,0.5333333333333333,8.424181325218204e-07,1.0254906204685294e-05,7
1001,39,0.4156545209176788,2.8561534286402748e-05,3.38368251749656e-05,1
1002,4,0.8333333333333334,0.0,8.99249684722567e-06,11
1003,95,0.5303471444568869,2.0656192423350278e-05,0.00032381772522888384,11
1004,120,0.6014005602240896,2.1426651722138097e-05,0.0004531938858666292,11
1005,14,0.9120879120879121,1.1772938518554143e-06,1.4070411697564246e-05,7
1006,142,0.5332134651882928,5.1863040387981555e-05,0.0005101313590263437,11
1007,16,0.48333333333333334,1.274921196824693e-06,1.2318590971172812e-05,7
1008,8,0.32142857142857145,3.147250076778338e-06,1.0433868911992659e-05,11
1009,57,0.5513784461152882,5.542001800098767e-06,1.7092658457427883e-05,7
1010,36,0.4015873015873016,1.875423542651437e-05,1.3207072589490982e-05,7
1011,32,0.5745967741935484,2.5797613922441625e-05,1.6582336259726933e-05,7
1012,32,0.42943548387096775,5.20844331179529e-06,2.674851842623973e-05,1
1013,12,0.3787878787878788,3.4303091723042376e-05,5.5637735821110764e-05,7
1014,99,0.41517212945784376,0.00013485864797837909,2.325169827916868e-05,7
1015,36,0.7444444444444445,1.7663621552014007e-06,1.4202748600740508e-05,7
1016,9,1.0,0.0,9.40252591015397e-06,8
1017,149,0.5286595320152367,3.0155614597378624e-05,0.0005444565429117887,11
1018,51,0.5952941176470589,6.451449873628415e-06,1.669385777409618e-05,7
1019,58,0.6660617059891107,7.384653976180475e-06,1.7336306347171505e-05,7
1020,58,0.6382335148215366,8.022994959406531e-06,2.2748761351203233e-05,7
1021,61,0.5923497267759563,6.688878584470791e-06,2.023697510357001e-05,7
1022,4,0.8333333333333334,0.0,1.3892177505380691e-05,11
1023,9,0.4166666666666667,4.456690680621811e-07,1.535692622780912e-05,8
1024,85,0.6246498599439776,1.1796765482537263e-05,0.0003096551618965282,11
1025,29,0.39901477832512317,3.0148324249170303e-05,2.2971002126065065e-05,1
1026,80,0.5740506329113924,1.1873274600626026e-05,0.00028656177771964266,11
1027,3,1.0,0.0,8.923347861904159e-06,11
1028,67,0.6445047489823609,0.00025025678684511003,0.0002906640623667381,11
1029,79,0.42810775722168126,0.0007168964944005243,0.00025743679227436904,11
1030,11,0.6181818181818182,0.0,1.0072870061583675e-05,8
1031,4,0.8333333333333334,0.0,9.633815684688553e-06,8
1032,79,0.49691658552418044,1.528541425089284e-05,2.5124992530003886e-05,7
1033,17,0.6985294117647058,2.2467689811640786e-06,1.4489449747460041e-05,8
1034,3,1.0,0.0,9.3093511726824e-06,11
1035,26,0.44,3.7295927052724066e-06,1.2494473531556612e-05,7
1036,58,0.6944948578342408,5.436401737300293e-06,1.7411367609400196e-05,7
1037,37,0.493993993993994,5.834695569858311e-05,1.7590899615735648e-05,7
1038,5,0.5,7.846051234271856e-07,1.16357211923849e-05,11
1039,27,0.6780626780626781,2.852091886278723e-06,9.569417582205061e-05,11
1040,67,0.6404341926729986,9.269481774356853e-06,0.00022694515843595998,11
1041,48,0.4654255319148936,6.0394147944676825e-05,1.837517120157034e-05,7
1042,15,0.6952380952380952,4.689148320775827e-07,1.0868880150009866e-05,7
1043,12,0.6363636363636364,9.332671468133892e-07,9.839814150696904e-06,8
1044,28,0.7777777777777778,4.852745519708284e-07,1.2913811357950694e-05,7
1045,12,0.5909090909090909,2.0647503248083836e-06,1.0093578169413663e-05,8
1046,3,1.0,0.0,8.918446132361548e-06,11
1047,65,0.6028846153846154,4.463601301833324e-06,0.00023461629322340095,11
1048,106,0.5092542677448337,4.152603346703602e-05,0.0003593017024714448,11
1049,82,0.5594700391448358,4.2601066548972565e-05,0.0002741052449396636,11
1050,11,0.8181818181818182,2.47770038977006e-06,1.0239524988748788e-05,11
1051,46,0.45507246376811594,8.096268095388881e-06,2.0814266440673474e-05,7
1052,63,0.3271889400921659,3.411810857851161e-05,2.1971421880397658e-05,7
1053,8,0.39285714285714285,2.783283437841701e-06,9.79011126492374e-06,8
1054,54,0.6023759608665269,1.568103094277293e-05,0.00017085961264250106,11
1055,14,0.7692307692307693,1.270157667842015e-06,1.7776049919103143e-05,11
1056,65,0.5442307692307692,6.559858148193528e-06,0.00019834706363528587,11
1057,5,0.5,9.663031520103234e-07,9.288810530754454e-06,8
1058,7,0.5238095238095238,2.2892559974882812e-06,1.3074158954304772e-05,11
1059,165,0.5186252771618626,5.756230047954442e-05,0.0005949163453884774,11
1060,51,0.592156862745098,1.3024747255325542e-05,2.1538552490243977e-05,7
1061,10,0.8222222222222222,1.4415711358662167e-07,9.728178581597822e-06,8
1062,22,0.354978354978355,2.725877111319018e-05,1.774168863256262e-05,7
1063,22,0.8138528138528138,1.4939819061767162e-07,7.26426954462268e-05,11
1064,27,0.42735042735042733,3.5973547417284235e-06,1.2045716591071318e-05,1
1065,2,1.0,0.0,8.883638444835424e-06,7
1066,68,0.5263388937664618,5.937219900852683e-05,1.8967884735173608e-05,7
1067,76,0.5792982456140351,1.3605607787024878e-05,2.0103144194204998e-05,7
1068,49,0.5527210884353742,6.291400994495593e-06,0.00016678518876183702,11
1069,21,0.8,2.660404027276442e-07,6.765053005494638e-05,11
1070,78,0.2943722943722944,0.0003636769363977711,2.8336216062139027e-05,7
1071,3,1.0,0.0,8.926186351879976e-06,11
1072,26,0.6184615384615385,3.5505480239782193e-06,1.180735094706893e-05,7
1073,10,0.35555555555555557,2.753343260874022e-06,1.6810207917757704e-05,8
1074,63,0.4864311315924219,0.0005068133162295605,0.0002837055291466281,11
1075,80,0.5193037974683544,3.548402243175012e-05,0.0002483342977746137,11
1076,142,0.5625811607232045,7.106779393658975e-05,0.0005327563135432155,11
1077,15,0.3333333333333333,0.00011460854523017393,9.614925418213578e-05,11
1078,183,0.5005704677835825,8.291505479179678e-05,0.0006642930053302994,11
1079,123,0.608156737305078,2.0870397081816414e-05,0.0004756869651013656,11
1080,60,0.392090395480226,3.000495435746547e-05,3.238037422108101e-05,1
1081,30,0.7494252873563219,5.447185080710147e-07,1.3373409582002297e-05,7
1082,57,0.6892230576441103,3.3282292546187e-06,1.7099990478952356e-05,7
1083,106,0.5919137466307277,2.3341317569180817e-05,0.0003828246533350205,11
1084,15,0.6952380952380952,1.690433806564591e-07,3.867070143152762e-05,11
1085,66,0.24382284382284383,0.11186240012392565,2.0469489894777712e-05,3
1086,205,0.3445241511238642,0.0008692005759014253,0.0006185499825124272,11
1087,7,0.5714285714285714,7.077356308152717e-07,9.57165854333063e-06,11
1088,14,0.43956043956043955,0.0003512062967273296,1.1772725242323944e-05,8
1089,14,0.7472527472527473,2.8906504547317363e-07,1.03639491071128e-05,7
1090,13,0.6282051282051282,0.0,1.0059415580582372e-05,7
1091,20,0.6736842105263158,2.2667427090468283e-06,7.635576202475262e-05,11
1092,50,0.5224489795918368,3.355511188821957e-06,0.00017964991788886568,11
1093,9,0.5555555555555556,3.0413410047528396e-07,1.0329788232722376e-05,7
1094,11,0.5272727272727272,9.084901429156887e-07,1.0000575754144116e-05,1
1095,24,0.4166666666666667,5.352294817542395e-06,1.8420809749091073e-05,1
1096,1,0.0,0.0,8.780383615929952e-06,11
1097,36,0.7714285714285715,8.791167052557978e-07,1.1922735242082758e-05,8
1098,23,0.383399209486166,0.00045497031254663063,1.830424280053489e-05,8
1099,56,0.7155844155844155,3.52475900927465e-06,1.7059470467340254e-05,7
1100,64,0.6349206349206349,4.809024659556091e-06,1.808347961558589e-05,7
1101,123,0.5656404105024657,3.536903619670897e-05,0.0004626450478689779,11
1102,51,0.7262745098039216,4.154452037572921e-06,1.644490965998013e-05,7
1103,8,0.7142857142857143,1.1365747808703567e-06,9.689599452016996e-06,7
1104,109,0.4196398233095481,6.088072322406726e-05,2.4860986002518354e-05,7
1105,4,0.8333333333333334,0.0,8.99249684722567e-06,11
1106,27,0.3247863247863248,9.20301135751134e-06,1.21220059858758e-05,7
1107,141,0.5358662613981763,4.042591116606724e-05,0.0005212953940805072,11
1108,43,0.8062015503875969,1.2448091631719397e-06,1.5432955461184073e-05,7
1109,38,0.49786628733997157,0.00015335235998227404,2.119736076601108e-05,7
1110,70,0.4509316770186335,3.917384666414139e-05,0.0001942762048829788,11
1111,9,0.9722222222222222,0.0,9.575995384017961e-06,8
1112,54,0.686932215234102,1.1900678103653752e-06,0.0001865457589449832,11
1113,47,0.5254394079555966,1.3274067392296029e-05,2.0382120098136872e-05,1
1114,38,0.4438122332859175,4.513809828744511e-05,2.5886783985759574e-05,1
1115,36,0.7714285714285715,6.867521605585472e-07,1.413252855395945e-05,7
1116,29,0.6748768472906403,6.305212524316971e-07,0.00010329346369117055,11
1117,122,0.5699769678905298,2.751006365605556e-05,0.00045662087437713664,11
1118,35,0.8067226890756303,6.738215301034215e-07,1.1828610136075766e-05,8
1119,1,0.0,0.0,8.780383615929952e-06,11
1120,51,0.6666666666666666,3.5659412305329107e-06,1.638590207119885e-05,7
1121,24,0.6521739130434783,3.088815503457073e-06,1.1961804770118367e-05,7
1122,49,0.5357142857142857,2.626007178914416e-05,2.5234451467664634e-05,1
1123,71,0.45593561368209257,1.8220871614801017e-05,0.0002195757724226181,11
1124,130,0.4381633870005963,5.036778043464084e-05,0.0004219199613245693,11
1125,117,0.6220159151193634,1.4224608079085816e-05,0.00044714196835594813,11
1126,198,0.46500538378710965,0.0006905030140853419,0.0007254684666464116,11
1127,21,0.44285714285714284,3.605296978918356e-06,1.1042040963894112e-05,7
1128,98,0.5615400799495056,0.00015432294470657434,0.00035930905954420934,11
1129,60,0.6672316384180791,8.976274261666133e-06,1.7427884184668117e-05,7
1130,66,0.6051282051282051,7.478003365928666e-06,0.00024484024772041923,11
1131,32,0.4959677419354839,3.348823048747122e-06,1.2574805680260257e-05,7
1132,142,0.557187094196384,2.6751832142838694e-05,0.0005289179995968879,11
1133,6,0.6666666666666666,4.320092987291387e-07,1.8507694187963952e-05,11
1134,11,0.6363636363636364,5.533530870486467e-07,9.87965604300258e-06,7
1135,68,0.5930640913081651,1.1592147083601436e-05,0.0002478752627056186,11
1136,33,0.5492424242424242,0.00043574440902184337,2.2240482597353332e-05,8
1137,29,0.8349753694581281,3.7551524385536814e-07,1.1294702105396207e-05,8
1138,14,0.5274725274725275,0.0,9.912861190217692e-06,8
1139,24,0.6268115942028986,3.653140113410578e-06,1.5506422951873398e-05,7
1140,9,0.6944444444444444,2.1033953843636203e-07,1.3197100576350912e-05,6
1141,18,0.6928104575163399,2.950754780957008e-07,1.0821683528580088e-05,7
1142,33,0.615530303030303,5.106879492323057e-06,1.76173900427986e-05,1
1143,14,0.4065934065934066,7.836989700858895e-07,1.8926207097846577e-05,7
1144,21,0.7047619047619048,5.523371943342835e-06,1.4123413806815164e-05,8
1145,1,0.0,0.0,8.780383615929952e-06,11
1146,147,0.515422607399124,9.530843758598333e-05,0.0005283135229378703,11
1147,5,0.5,0.0,1.005992476366578e-05,7
1148,65,0.5735576923076923,2.684877828834832e-05,1.865168015200196e-05,7
1149,102,0.5901766647252961,6.855128670414995e-06,0.00039124474237269946,11
1150,14,0.6263736263736264,1.4778092269202751e-06,1.4434938691718984e-05,11
1151,6,0.3333333333333333,4.5028603523132836e-07,1.5374527506405228e-05,11
1152,17,0.6544117647058824,6.242428482004012e-07,1.7075186913858182e-05,7
1153,139,0.5581274111145866,4.291020084908979e-05,0.0005057796785590852,11
1154,9,0.5,7.846051234271856e-07,9.578550790682956e-06,1
1155,45,0.44747474747474747,2.4558174363332852e-05,3.724610183406102e-05,1
1156,99,0.5380333951762524,2.3547333752853686e-05,0.00036811683205961406,11
1157,5,0.8,0.0,1.0269085481846319e-05,11
1158,66,0.5412587412587413,2.1839950405583957e-05,1.889646923731765e-05,7
1159,61,0.3819672131147541,1.7668835813200485e-05,2.3609796814316375e-05,7
1160,88,0.5613897596656218,3.556906255261586e-05,0.0002855368134027619,11
1161,19,0.4327485380116959,2.124734075941556e-06,1.8430478696016763e-05,11
1162,8,0.6785714285714286,9.91080155908024e-08,1.279445408599379e-05,1
1163,100,0.656969696969697,7.1023006140865825e-06,0.0003848501178376823,11
1164,27,0.7749287749287749,1.9566233412780696e-07,0.00010436884090285309,11
1165,26,0.24615384615384617,0.0021095432204308122,4.988744591544868e-05,8
1166,57,0.5131578947368421,1.7377655510846077e-05,1.7613072175774938e-05,7
1167,28,0.6031746031746031,1.8434119256082945e-06,1.2627830940624736e-05,7
1168,6,0.5333333333333333,0.0,9.312756152991848e-06,7
1169,19,0.6198830409356725,4.011480053398443e-06,1.1015328638811584e-05,7
1170,36,0.32857142857142857,1.4317473786008607e-05,1.3703013204091033e-05,7
1171,24,0.18478260869565216,0.002095764767557127,6.0052563061072086e-05,11
1172,113,0.6098293299620733,2.392822605775072e-05,0.0004409162239321122,11
1173,115,0.44912280701754387,0.0010009344040466314,0.00039009227602163245,11
1174,18,0.7189542483660131,8.258769140944363e-06,1.3428241002952476e-05,8
1175,132,0.4511913023363405,7.791518170186161e-05,0.0004426104791932822,11
1176,2,1.0,0.0,8.954004862570942e-06,7
1177,15,0.4380952380952381,0.0,1.0181578155911822e-05,8
1178,13,0.46153846153846156,0.00027578475541808995,1.1413729187328683e-05,8
1179,45,0.602020202020202,3.6505885214526996e-05,2.529927663682343e-05,1
1180,45,0.6676767676767676,2.314193898255754e-06,0.00017188826836672154,11
1181,89,0.693564862104188,1.4559330601687245e-05,0.00035891740190366865,11
1182,66,0.6461538461538462,0.00018133201319303442,0.00027071384402942345,11
1183,34,0.48128342245989303,3.7361125667748456e-06,1.6407779519161057e-05,7
1184,158,0.5323712005160042,6.230536445930377e-05,0.0005772369910658973,11
1185,156,0.5531017369727047,4.075757767802274e-05,0.0005893159491623783,11
1186,17,0.9485294117647058,0.0,1.0229768511241978e-05,8
1187,20,0.6,2.907999196295494e-05,1.8855033595095332e-05,8
1188,32,0.6471774193548387,1.9960340298027332e-06,1.3117165034244003e-05,7
1189,38,0.4267425320056899,8.01503457902237e-05,1.781281576320016e-05,7
1190,39,0.7611336032388664,1.6248574107617215e-06,1.47705268787693e-05,7
1191,110,0.5347789824854045,3.480194463106293e-05,0.00040096898753188203,11
1192,97,0.47100515463917525,5.8628616450634674e-05,2.773032073526736e-05,7
1193,9,0.3055555555555556,0.0005632985506826087,9.669285528068455e-06,0
1194,4,0.6666666666666666,0.0,9.0267065484626e-06,11
1195,49,0.66921768707483,4.620239886720125e-06,0.00017433521204529247,11
1196,26,0.6061538461538462,6.720880287858692e-05,0.00010460194544051292,11
1197,15,0.4095238095238095,9.897249739083195e-05,4.020524941378214e-05,8
1198,83,0.725242433147223,7.467005785495726e-06,0.0003440322643500659,11
1199,217,0.4479006656426011,7.316189047883309e-05,0.0007480850086257827,11
1200,4,0.6666666666666666,0.0,9.165398720150908e-06,11
1201,58,0.6460980036297641,3.789758696756906e-06,0.0002061676636942544,11
1202,9,0.3055555555555556,0.0,1.0123897367685725e-05,11
1203,8,0.7142857142857143,0.0,9.813423046884135e-06,8
1204,107,0.43290424969141245,8.608042179129245e-05,2.4817011793966177e-05,7
1205,102,0.5589205979421471,3.124526717438263e-05,0.00034726426429093534,11
1206,1,0.0,0.0,8.780383615929952e-06,11
1207,72,0.6815336463223787,6.3256421267669305e-06,0.0002618088042309725,11
1208,3,1.0,0.0,8.918753681286273e-06,11
1209,76,0.6210526315789474,7.6106056938942566e-06,0.00026362680371144325,11
1210,40,0.4576923076923077,7.425014563151885e-05,1.9160484309780708e-05,1
1211,173,0.5084016668907111,6.202811183960207e-05,0.0006290817174844294,11
1212,26,0.5046153846153846,2.453483061784579e-06,1.3679546051258476e-05,1
1213,20,0.6,4.963250919746936e-06,1.4782421626740139e-05,7
1214,114,0.4680950163018165,3.177703954110848e-05,0.0003786507368314286,11
1215,43,0.5459579180509413,8.826872870513107e-06,1.5062935591354829e-05,7
1216,36,0.7666666666666667,2.4358456292176462e-06,1.2117074575300284e-05,8
1217,47,0.3561517113783534,0.00012345446616189693,4.14701516738349e-05,7
1218,11,0.7636363636363637,0.0,9.684087399879923e-06,8
1219,54,0.6484975541579315,8.697194121968557e-06,0.00021115997506532288,11
1220,9,0.5277777777777778,7.212471727920227e-07,2.9430209549334256e-05,11
1221,71,0.372635814889336,6.517533588258315e-05,1.9268990317180012e-05,7
1222,142,0.4683847767455799,7.21176621658411e-05,0.00048352977544244567,11
1223,22,0.341991341991342,5.3065883012188055e-06,1.873708694690157e-05,1
1224,2,1.0,0.0,8.849197261952891e-06,11
1225,30,0.6229885057471264,2.2210786003824393e-06,1.2870616936569324e-05,7
1226,35,0.42857142857142855,0.00012446434872985537,2.162701115512862e-05,7
1227,84,0.5206540447504303,6.814622242818491e-05,2.0912528041277566e-05,7
1228,23,0.5375494071146245,2.6830083894586156e-06,1.1387645377856874e-05,7
1229,47,0.61054579093432,7.438664781723512e-06,1.5479862832172852e-05,7
1230,125,0.5563870967741935,1.5515791781513577e-05,0.00047028553041943556,11
1231,75,0.5232432432432432,8.470383519983284e-05,1.9571314215100377e-05,7
1232,29,0.8448275862068966,8.490640921594369e-07,1.1359655306197746e-05,8
1233,2,1.0,0.0,8.934479453230096e-06,1
1234,15,0.6857142857142857,0.0,1.0423959715214177e-05,1
1235,107,0.44507141597601835,5.2235760987501174e-05,2.9000009119641955e-05,7
1236,43,0.43410852713178294,4.879417667404151e-05,1.767918777905837e-05,7
1237,60,0.3751412429378531,0.00012745942102553932,5.7661821782706224e-05,1
1238,152,0.4648832345765075,0.00011042515495139854,0.0004974973321080913,11
1239,9,0.6944444444444444,2.0245818762065703e-07,3.7213911753122726e-05,11
1240,7,0.2857142857142857,7.59828119529485e-07,9.225618883564668e-06,8
1241,20,0.5526315789473685,2.4874729113302704e-06,1.1611663387853639e-05,7
1242,93,0.6355773726040206,1.73837572120889e-05,0.0003423003918256638,11
1243,112,0.5535714285714286,4.325167981633952e-05,0.0004075755261744922,11
1244,12,0.4393939393939394,9.046035540689904e-07,1.0249944501973414e-05,7
1245,40,0.7551282051282051,4.160740891061995e-06,2.1663256413557873e-05,7
1246,35,0.2823529411764706,0.00010080484943427398,1.7281552945375264e-05,7
1247,24,0.4855072463768116,9.890834742752423e-07,1.6793078287935654e-05,7
1248,8,0.6071428571428571,0.0,9.866131018131647e-06,7
1249,15,0.8,3.303169377532389e-07,1.0501255424980054e-05,7
1250,137,0.5355302705023616,5.742444597084583e-05,0.0004947229870368269,11
1251,13,0.6923076923076923,0.000600993216080845,0.00047716138390833094,8
1252,3,1.0,0.0,8.929803699671255e-06,8
1253,3,1.0,0.0,8.926186351879976e-06,11
1254,6,0.6,0.0,9.415441337917818e-06,8
1255,124,0.5507474429583006,5.357698161628229e-05,0.00045783911198981524,11
1256,135,0.5213930348258706,5.4713360834213016e-05,0.0004707267302254649,11
1257,55,0.6787878787878788,2.146732940952675e-06,1.67505341049874e-05,7
1258,42,0.445993031358885,2.239517787642394e-06,2.3791149928438428e-05,7
1259,47,0.4727104532839963,3.919953453540768e-05,1.8500234828372716e-05,7
1260,38,0.6088193456614509,3.413165274866729e-05,1.7666212443965363e-05,7
1261,68,0.5517998244073749,2.9754335103107752e-05,1.8660609217184604e-05,7
1262,2,1.0,0.0,1.378486015154077e-05,11
1263,6,0.4666666666666667,0.0,1.3046037445551578e-05,1
1264,5,0.7,0.0,9.1383753203647e-06,7
1265,31,0.5741935483870968,3.7073250208823747e-06,8.901333693434522e-05,11
1266,13,0.7564102564102564,1.7656977457960268e-06,1.640820631349257e-05,11
1267,120,0.623109243697479,8.12928784379441e-06,0.00047871640012177763,11
1268,11,0.23636363636363636,2.4480895428751674e-06,1.0093626219522951e-05,7
1269,126,0.558984126984127,2.8890066860990648e-05,0.00047067219128480976,11
1270,2,1.0,0.0,8.874714996882166e-06,11
1271,96,0.656578947368421,8.212945656945839e-06,0.00035720238866993476,11
1272,84,0.5516351118760757,1.9798816829593594e-05,0.00030209413463105927,11
1273,64,0.4305555555555556,3.346302075460125e-05,2.2618229170841076e-05,7
1274,25,0.4866666666666667,0.0002245813095361816,1.988502018396631e-05,8
1275,57,0.43295739348370926,6.907209615126239e-05,2.0320562728156287e-05,7
1276,2,1.0,0.0,1.2519243643936103e-05,11
1277,124,0.3952268554943614,0.00011902128157963863,2.672251945294198e-05,7
1278,36,0.6793650793650794,3.417245565947534e-06,0.00011378508038247326,11
1279,44,0.7484143763213531,6.188114089174874e-07,1.5146562192852093e-05,7
1280,76,0.5743859649122807,1.430766547952188e-05,0.00024971298302585323,11
1281,41,0.6743902439024391,5.447622197841964e-06,1.5284671879244692e-05,7
1282,68,0.5864793678665496,1.5416757290916736e-05,1.8882594548888556e-05,7
1283,32,0.24798387096774194,4.3454191878392116e-05,3.8410663993684566e-05,11
1284,60,0.5751412429378531,1.7645305960473734e-05,1.7789721789170867e-05,7
1285,55,0.7784511784511785,7.431085253924723e-06,0.00019740099277919785,11
1286,23,0.6126482213438735,3.072518409003993e-07,1.2328343896028978e-05,7
1287,66,0.7249417249417249,2.734511610055563e-06,0.00028668924594827533,11
1288,92,0.6619684663162924,1.804583391920073e-05,0.00034161614542425276,11
1289,85,0.6647058823529411,0.000434224078792761,0.0003944787771929492,11
1290,87,0.5479818230419674,3.600183499929541e-05,0.00030113988396133427,11
1291,113,0.6123577749683944,1.912000091481186e-05,0.0004534273282304547,11
1292,55,0.7111111111111111,1.8319728046287498e-06,1.693421818473959e-05,7
1293,48,0.7012411347517731,7.462415690766989e-07,0.00020208772734542187,11
1294,22,0.5844155844155844,2.9624265044577e-06,1.6360869419017495e-05,1
1295,5,0.6,0.0,9.103568316394966e-06,1
1296,25,0.5166666666666667,3.0995145385247764e-06,1.231546077540755e-05,7
1297,6,0.8666666666666667,0.0,9.595332084989531e-06,0
1298,71,0.6285714285714286,4.9003269237048795e-06,2.370968673666847e-05,7
1299,31,0.6236559139784946,5.986927772840212e-05,1.650259822737992e-05,7
1300,31,0.6408602150537634,3.577248989950394e-05,2.1583625891710774e-05,1
1301,6,0.5333333333333333,4.95540077954012e-07,1.0510870976563224e-05,11
1302,107,0.6600246870040557,1.4550607380692509e-05,0.00044275783557403136,11
1303,48,0.5948581560283688,4.657931383741524e-06,1.6287525280308374e-05,7
1304,38,0.40256045519203415,3.307772322052525e-06,1.3131824114667898e-05,7
1305,104,0.49869305451829726,5.347797251603544e-05,0.0003586010996847301,11
1306,26,0.5323076923076923,2.350506333973267e-06,1.2240567453758237e-05,7
1307,31,0.567741935483871,0.00016650004554674203,1.8860794665651563e-05,8
1308,20,0.5736842105263158,4.140996695381267e-07,1.0984950850040882e-05,7
1309,43,0.6921373200442967,3.1683919018833306e-06,1.542280499843744e-05,7
1310,27,0.7207977207977208,6.758269998264297e-07,1.2515510164191658e-05,7
1311,24,0.5507246376811594,8.817508672837262e-06,1.1992563862571689e-05,7
1312,80,0.5588607594936709,0.0001980993812748139,0.0003084686379292489,11
1313,34,0.6149732620320856,3.312615753685955e-05,2.2606588939239018e-05,1
1314,26,0.7630769230769231,4.994937642948302e-06,1.1446612302634327e-05,8
1315,44,0.7272727272727273,1.4839363344899237e-05,1.5218986903921521e-05,7
1316,32,0.7983870967741935,5.39345750968096e-07,1.3664588365708486e-05,7
1317,21,0.29523809523809524,0.0006275587737969626,1.4761208889858014e-05,8
1318,41,0.5804878048780487,4.064484033685131e-06,2.0948685715235665e-05,1
1319,27,0.9202279202279202,2.356624768674907e-07,1.11521584764566e-05,8
1320,64,0.47966269841269843,6.760541157934564e-05,2.817850331087083e-05,1
1321,25,0.47333333333333333,7.1326046705316245e-06,4.056673273703488e-05,11
1322,90,0.5273408239700375,2.5830505192760284e-05,2.1411535576927594e-05,7
1323,77,0.6151742993848257,9.656563830735665e-06,0.00027338707456225057,11
1324,40,0.6833333333333333,2.891840606044545e-05,1.5134029775966802e-05,7
1325,18,0.6601307189542484,0.0,1.1327867785992602e-05,8
1326,2,1.0,0.0,8.85752042932966e-06,11
1327,49,0.3333333333333333,0.000296881208898559,0.00012921174248113263,11
1328,20,0.6368421052631579,0.0002279838426511734,1.0913300300151222e-05,8
1329,136,0.4950980392156863,9.735520265967526e-05,0.0004613103144433342,11
1330,122,0.5523641782956239,3.650338102467094e-05,0.0004507157333950983,11
1331,146,0.5109116674539442,6.456691177631568e-05,0.0005278722599582786,11
1332,42,0.5354239256678281,1.4803963791695027e-05,1.6459255729127957e-05,1
1333,33,0.8428030303030303,5.019719664877185e-07,1.1669358164624001e-05,8
1334,100,0.4448484848484848,0.000424565212180773,0.00033268192571157557,11
1335,128,0.6114665354330708,2.63037603226204e-05,0.0005088623565975525,11
1336,55,0.7427609427609427,1.8594910473678776e-06,0.0002158143489605424,11
1337,36,0.24126984126984127,1.799050029763994e-05,3.463421427747503e-05,11
1338,68,0.35645302897278314,0.0002348852216200374,2.640587206144036e-05,7
1339,100,0.6129292929292929,1.6991364294980795e-05,0.00037958391401233003,11
1340,63,0.6943164362519201,3.7584613788705283e-06,0.0002238480463790744,11
1341,123,0.5716380114620818,1.6513322063705114e-05,0.0004768737151879684,11
1342,10,0.6222222222222222,1.8169802858313775e-06,1.2524455956054238e-05,1
1343,37,0.32882882882882886,2.9958038202635957e-05,2.460987267676017e-05,7
1344,91,0.6244200244200244,2.185044480818287e-05,0.0003236245981371976,11
1345,97,0.5042955326460481,6.353835549716408e-05,2.2432077169131994e-05,7
1346,5,1.0,0.0,1.3081444955731756e-05,11
1347,74,0.5435024065161052,1.0195834195276198e-05,1.977067815461427e-05,7
1348,37,0.5690690690690691,4.814424797236136e-05,1.695322020031055e-05,7
1349,42,0.5423925667828107,2.2895361912445566e-05,1.9730625030302054e-05,1
1350,33,0.5776515151515151,2.6369884615276167e-06,1.7023396076558957e-05,7
1351,67,0.7476255088195387,2.0062564304793612e-06,0.00028885996672774623,11
1352,235,0.4081469358065103,0.000949642377542969,0.000803481606883018,11
1353,3,0.6666666666666666,0.0,8.99799700718489e-06,8
1354,5,0.6,2.663098120081019e-06,1.2861170763600676e-05,7
1355,37,0.6276276276276276,2.079253162524406e-06,1.3850506802741493e-05,7
1356,20,0.5526315789473685,1.7583504524324228e-06,1.1308712530398444e-05,1
1357,31,0.3655913978494624,1.0918514645664988e-05,1.908397872807783e-05,1
1358,77,0.42515379357484623,0.0001254430361053206,3.545109147157056e-05,1
1359,84,0.5476190476190477,3.252696471233559e-05,0.00026874063647720943,11
1360,37,0.43243243243243246,0.00024271652586656465,1.7000323866885235e-05,8
1361,137,0.452769428939459,0.0016050691019827321,0.000578147433387591,11
1362,3,1.0,0.0,1.2661046289610316e-05,7
1363,21,0.8714285714285714,2.054262704110944e-07,1.061744562298901e-05,8
1364,12,0.7424242424242424,2.47770038977006e-07,1.3175756113530684e-05,7
1365,42,0.6492450638792102,9.933941386250915e-07,0.0001656612218957784,11
1366,66,0.35291375291375293,1.3652720032274685e-05,2.4623783951374636e-05,7
1367,166,0.5036874771814531,5.170913371231475e-05,0.0005885824758339675,11
1368,10,0.8444444444444444,0.0,9.64762753980113e-06,8
1369,53,0.2895500725689405,0.00034747987963570665,0.00014583111694560041,11
1370,112,0.6283783783783784,1.8912047196509523e-05,0.0004164773422532652,11
1371,37,0.581081081081081,2.564574711494116e-05,1.6147709902665884e-05,8
1372,7,1.0,0.0,9.37022783476397e-06,1
1373,73,0.4520547945205479,0.0002320466032578863,2.337487901721099e-05,7
1374,42,0.6178861788617886,8.944138736499483e-05,2.422100886454352e-05,1
1375,74,0.6508700481303221,3.824962391769938e-06,0.00026411342598506716,11
1376,182,0.48454860057070004,0.0007936936609991303,0.0006657038471171387,11
1377,190,0.4536897800055695,0.00011535934366176863,0.0006437590679675452,11
1378,32,0.8548387096774194,3.9817499932694307e-07,1.158530341745887e-05,8
1379,51,0.7803921568627451,1.359261005008844e-06,1.6442733735105432e-05,7
1380,85,0.6700280112044817,1.015556287398214e-05,0.00033266885286749786,11
1381,27,0.8319088319088319,2.4672327477911837e-07,1.3015761437238379e-05,7
1382,41,0.8402439024390244,9.577668697184874e-07,1.5116378458145448e-05,7
1383,4,1.0,0.0,9.911717388417058e-06,11
1384,12,0.3939393939393939,9.66961803499649e-06,1.212725294820684e-05,8
1385,15,0.38095238095238093,1.554462062690162e-06,1.2955257896872513e-05,7
1386,1,0.0,0.0,8.780383615929952e-06,11
1387,9,0.5,2.65467898903935e-07,1.003701155125328e-05,0
1388,84,0.580895008605852,1.6641146548411212e-05,0.00029173994877957,11
1389,46,0.7478260869565218,1.3559023657600338e-06,0.0001712958107433309,11
1390,193,0.47544257340241797,7.807541079453974e-05,0.0006797746675326824,11
1391,175,0.4729720853858785,6.259035808149266e-05,0.0006170351116156869,11
1392,37,0.6876876876876877,6.000745891129966e-06,1.4657583051004662e-05,7
1393,53,0.5014513788098693,8.316340048005895e-06,0.00016495062543775524,11
1394,2,1.0,0.0,8.851359226895369e-06,8
1395,2,1.0,0.0,9.571359992266183e-06,11
1396,54,0.740041928721174,3.7830990481125607e-06,1.67366583297292e-05,7
1397,16,0.625,1.0633290708226978e-05,1.833691392741518e-05,1
1398,44,0.587737843551797,3.6771433480469676e-06,0.00015295064657480236,11
1399,179,0.5027305253907476,0.004766276780644383,0.0011433305192443848,11
1400,22,0.6623376623376623,9.019558609704952e-07,1.620806499999801e-05,1
1401,12,0.7878787878787878,5.188146812761935e-07,5.2948894597822126e-05,11
1402,74,0.6253239540910773,6.220764749385177e-06,0.00028612449289669483,11
1403,9,1.0,0.0,9.40252591015397e-06,8
1404,50,0.6971428571428572,3.461369125433052e-06,1.9177003622318204e-05,7
1405,50,0.28816326530612246,0.0035769398527623984,8.116398983060325e-05,11
1406,31,0.7483870967741936,3.007184047610237e-06,1.337177840720323e-05,7
1407,37,0.551051051051051,2.570967189919346e-06,0.0001107867326327652,11
1408,34,0.3850267379679144,6.748311633070584e-05,2.2393457100422265e-05,1
1409,106,0.465947888589398,2.662803350483508e-05,0.0003437239321562755,11
1410,21,0.6904761904761905,3.183686659471976e-05,1.3964810015024661e-05,8
1411,10,0.6666666666666666,0.0,2.899550907850091e-05,11
1412,22,0.42424242424242425,5.712333869927083e-06,1.1665329557264236e-05,7
1413,60,0.6135593220338983,2.6252228049678173e-05,1.7547241372131327e-05,7
1414,8,0.9642857142857143,0.0,9.937162548642191e-06,7
1415,30,0.5632183908045977,2.0192900502009297e-05,1.613580005066666e-05,7
1416,111,0.604095004095004,2.9470338559309914e-05,0.00041501681230440065,11
1417,5,0.7,4.95540077954012e-07,1.4801825977619998e-05,7
1418,21,0.4523809523809524,2.5070737492859237e-06,1.908974288413656e-05,7
1419,24,0.23550724637681159,0.001451712294052885,1.8337949823349354e-05,11
1420,148,0.4974259974259974,0.0061283602766923784,0.0005271815641178197,11
1421,24,0.6014492753623188,4.3442462265244694e-05,1.495814675962217e-05,8
1422,14,0.4835164835164835,2.1849843964575816e-06,2.4346459119198216e-05,1
1423,61,0.5841530054644809,2.9209518953882926e-05,2.255614783583049e-05,7
1424,19,0.6374269005847953,2.0057574583852865e-06,1.3287815668066259e-05,8
1425,34,0.3689839572192513,9.444532729101031e-05,1.766558950723386e-05,1
1426,64,0.625,4.340889266806724e-06,1.8265715065443563e-05,7
1427,66,0.3361305361305361,6.601458798415058e-05,3.4466340700931556e-05,1
1428,29,0.49261083743842365,4.1816450878900975e-05,1.5947817433183772e-05,7
1429,38,0.4182076813655761,1.5215836817257177e-05,1.9951677962987002e-05,7
1430,2,1.0,0.0,8.923551855602921e-06,1
1431,221,0.4294940353763883,0.00042475576087255455,0.0007481346408630552,11
1432,55,0.6202020202020202,2.010761188164796e-05,1.6792636158254534e-05,7
1433,23,0.6877470355731226,3.845645634357691e-06,1.4740704876600579e-05,8
1434,15,0.5714285714285714,1.998683814914881e-06,2.0796096880451075e-05,11
1435,56,0.32142857142857145,0.00010738506131849225,0.00010896089887416094,7
1436,30,0.3080459770114943,9.58231152306405e-06,2.5856953159555953e-05,7
1437,56,0.5025974025974026,3.4812951308863e-05,0.00018199817579222968,11
1438,34,0.8163992869875223,8.937977630057569e-07,1.3860022336460484e-05,7
1439,21,0.9428571428571428,8.543794447482966e-09,0.00010498344370871282,11
1440,28,0.36507936507936506,0.00012894174783393934,7.016017366385565e-05,11
1441,16,0.6166666666666667,5.127955362238034e-06,1.9787616889869017e-05,11
1442,5,0.8,0.0,1.6136461271773784e-05,11
1443,9,0.8333333333333334,0.0,9.656471688048369e-06,1
1444,32,0.4959677419354839,1.370607298056049e-05,2.309575826730411e-05,7
1445,9,0.5277777777777778,1.2367972668827782e-06,1.4011915794579427e-05,8
1446,36,0.5682539682539682,4.331292501933914e-05,2.1522728215573236e-05,1
1447,142,0.496753571071821,7.647529200225121e-05,0.00048544491785464957,11
1448,52,0.6380090497737556,1.0292122366378839e-05,1.695253371871253e-05,7
1449,90,0.5710362047440699,1.2964076689295275e-05,0.00032212159219669427,11
1450,23,0.3201581027667984,0.00038803515434783026,1.450258158940574e-05,6
1451,31,0.7591397849462366,2.0313591460856397e-06,2.0598290944810367e-05,7
1452,34,0.7878787878787878,9.737313045124566e-07,1.1775736613417254e-05,8
1453,28,0.3888888888888889,5.702023572816434e-06,2.167415058068445e-05,1
1454,52,0.669683257918552,2.465393098394757e-05,1.664470176425562e-05,7
1455,5,1.0,0.0,9.682778934495743e-06,1
1456,132,0.5604904001850567,2.4679003757260367e-05,0.00047673888225270453,11
1457,62,0.7371760973030143,9.05859326602284e-06,0.00024830760023070766,11
1458,33,0.4166666666666667,0.00011925353184948117,0.00010777811656280048,11
1459,102,0.45680450397980976,6.995758791936397e-05,2.3263369494301577e-05,7
1460,46,0.4579710144927536,4.3158874859644394e-05,0.00013050549815513788,11
1461,8,0.6428571428571429,3.930052506353225e-07,1.2127371076425112e-05,11
1462,84,0.595811818703385,4.214378804654258e-06,2.0615815384625906e-05,7
1463,10,0.7333333333333333,3.6228553345326924e-07,4.4268497840614704e-05,11
1464,26,0.5969230769230769,1.6055297930897246e-06,1.3776376165613435e-05,1
1465,108,0.553478712357217,0.016334417514342982,0.006178356229550515,4
1466,1,0.0,0.0,8.780383615929952e-06,11
1467,124,0.535929714135851,6.748817734036635e-05,0.000446325238373682,11
1468,31,0.8602150537634409,4.915673216354711e-07,1.1492031007345062e-05,8
1469,58,0.35511191772534784,0.009720222570716608,0.0006042638085091503,7
1470,71,0.5653923541247485,1.3565105512687163e-05,0.0002229148744128882,11
1471,169,0.4845731191885038,5.968467112190942e-05,0.0006017913423346154,11
1472,90,0.3041198501872659,0.00019602211780915744,2.467092981814621e-05,7
1473,54,0.2578616352201258,5.783111656108706e-05,3.511741556829695e-05,7
1474,4,0.8333333333333334,0.0,9.0092657996086e-06,7
1475,72,0.5140845070422535,5.393246370669719e-05,2.0038912082957043e-05,7
1476,5,0.7,1.6988157867232959e-06,9.299776521429442e-06,11
1477,9,0.3888888888888889,9.501179296839866e-07,1.1019581059300418e-05,11
1478,17,0.6985294117647058,1.0760298835572831e-06,1.0560139618374673e-05,1
1479,84,0.551061388410786,1.353328099369755e-05,2.1154646185946143e-05,7
1480,93,0.44413277232351567,9.22541226524122e-05,0.0002925552180036176,11
1481,17,0.5588235294117647,6.078930814528837e-07,1.11937570360661e-05,7
1482,49,0.4651360544217687,6.296901367974938e-05,1.9074391944502252e-05,7
1483,96,0.5396929824561404,0.0005009054463604079,0.0003599526322584094,11
1484,22,0.5844155844155844,1.9359485566507254e-06,7.775600427606592e-05,11
1485,47,0.5661424606845513,0.0001159979555955315,0.00018051172983309409,11
1486,5,1.0,0.0,9.43425898074193e-06,0
1487,63,0.2805939580133128,7.359326583317498e-05,5.7948348401119635e-05,1
1488,135,0.5253731343283582,4.492011159540147e-05,0.0004805673985490253,11
1489,22,0.7835497835497836,1.4476030816349955e-07,1.1922505941342592e-05,7
1490,9,0.9444444444444444,0.0,1.3712322439251579e-05,1
1491,125,0.6193548387096774,1.3813396602633254e-05,0.0004887481093218258,11
1492,13,0.5,3.663653625391287e-06,1.413754619518079e-05,7
1493,26,0.9261538461538461,2.1619483094786878e-07,1.103123444649556e-05,8
1494,26,0.6184615384615385,0.00010009674313440831,1.1567702005247903e-05,8
1495,67,0.5291723202170964,1.8138154059145e-05,1.859857736161064e-05,7
1496,48,0.4450354609929078,4.5428296205774704e-05,1.9087048865484706e-05,7
1497,29,0.4088669950738916,7.720986357454891e-06,5.065307467874026e-05,1
1498,6,0.6666666666666666,3.0558304807164073e-07,1.881384105145649e-05,11
1499,12,0.6666666666666666,0.0,9.711515156242894e-06,8
1500,29,0.5344827586206896,3.2614648840134336e-06,1.2477903800608726e-05,7
1501,18,0.4444444444444444,8.990189236372396e-07,4.673525874546495e-05,11
1502,70,0.43933747412008284,1.763248148095723e-05,1.906589484190473e-05,7
1503,28,0.6296296296296297,1.429067396842823e-06,1.2759615302080218e-05,7
1504,58,0.4337568058076225,6.729857773363032e-05,2.0243531383466535e-05,7
1505,59,0.12039742840444184,0.003852810830139582,1.7477775776197593e-05,6
1506,9,0.7777777777777778,4.739713702174848e-07,1.6688328960456796e-05,1
1507,37,0.527027027027027,3.805863689231121e-05,1.7228725178894407e-05,7
1508,33,0.8390151515151515,1.275008696808771e-06,1.648117038382084e-05,7
1509,131,0.5201409277745156,0.00045158151150662444,0.0005024819961373288,11
1510,4,0.8333333333333334,0.0,9.176930842276878e-06,7
1511,30,0.5655172413793104,0.00013990368791968547,1.6244655428230853e-05,8
1512,34,0.5668449197860963,3.3728692208654226e-05,2.224141996754334e-05,1
1513,52,0.44720965309200605,0.00027668196118958786,0.00016795586431162028,11
1514,35,0.6201680672268908,1.5825806183210208e-05,1.8658095366148294e-05,1
1515,69,0.4880647911338448,5.2153349321352586e-05,1.9327687905367723e-05,7
1516,159,0.5816415890454582,3.1960088986706423e-05,0.0006197806905775258,11
1517,36,0.6730158730158731,1.3937403953266235e-06,0.0001319051108896162,11
1518,14,0.3626373626373626,0.0006578852493293588,1.8679255506632313e-05,11
1519,33,0.4090909090909091,1.499855012672661e-05,7.134566417110414e-05,11
1520,117,0.54096669613911,3.0497972685075008e-05,0.0004249036465980804,11
1521,6,1.0,0.0,1.2144018313035068e-05,11
1522,156,0.49421009098428453,0.00044565673508411077,0.0005918495197806034,11
1523,69,0.4416027280477408,0.00013274516577518265,0.00022874998813985942,11
1524,41,0.6902439024390243,4.3067281280272514e-07,0.00015886971237545367,11
1525,57,0.41102756892230574,1.5454047080973904e-05,2.072535934647556e-05,7
1526,22,0.4935064935064935,1.2824962982466549e-06,1.4107534642090859e-05,1
1527,12,0.3787878787878788,5.312522140914121e-06,2.1074779636724783e-05,11
1528,70,0.5151138716356107,5.865497647862755e-05,0.00021892776929327608,11
1529,42,0.281068524970964,3.995881196255043e-05,1.8970789747757523e-05,7
1530,105,0.6615384615384615,1.5148143414462026e-05,0.00043266138419743334,11
1531,22,0.22943722943722944,8.980847088612148e-06,1.537123530585539e-05,7
1532,39,0.728744939271255,5.688233177560396e-06,0.0001488799622083625,11
1533,35,0.7478991596638656,8.201347038942935e-06,1.2071259603891505e-05,8
1534,33,0.23484848484848486,0.005503067294827139,6.121849421525848e-05,6
1535,64,0.6031746031746031,2.1836930069674406e-05,0.00021558944529201414,11
1536,82,0.26287262872628725,0.0006831251978556385,2.986609677894526e-05,7
1537,19,0.26900584795321636,0.000342081341239661,2.8164686214728544e-05,11
1538,72,0.5582942097026604,7.0579458683074236e-06,0.0002624209399146052,11
1539,79,0.6277182732878935,4.78803905068836e-06,0.00030952461326651557,11
1540,69,0.3337595907928389,0.0004485845011299381,0.0001959487855358101,11
1541,33,0.5776515151515151,3.093027274024e-05,1.662923716377055e-05,7
1542,55,0.7185185185185186,4.539905364278197e-06,0.0002072426441296367,11
1543,33,0.5246212121212122,4.633489210042658e-06,1.572597903156729e-05,1
1544,15,0.580952380952381,8.504115718346437e-06,2.3892660499494072e-05,11
1545,44,0.28012684989429176,0.0004491436031007843,2.340410017114896e-05,1
1546,3,1.0,0.0,8.954343825043266e-06,8
1547,122,0.6176669827936594,1.6141384658883305e-05,0.00047668492043281314,11
1548,38,0.6984352773826458,7.312980841081945e-06,1.2306675494959835e-05,8
1549,49,0.30357142857142855,0.00020264426859552398,2.264391146179401e-05,1
1550,38,0.7823613086770982,1.0052995834034935e-05,1.4405205095366263e-05,7
1551,171,0.4875128998968008,7.74585409757707e-05,0.000603422816079525,11
1552,7,0.42857142857142855,9.468355060907015e-07,9.755833870008446e-06,11
1553,37,0.33933933933933935,0.0012925786791099817,6.359907568677091e-05,8
1554,160,0.5078616352201258,4.3368887458219896e-05,0.0005780876358391619,11
1555,35,0.453781512605042,0.00021148220724132285,1.9467893045999274e-05,8
1556,25,0.79,9.011296634070514e-07,9.972228806289581e-05,11
1557,151,0.5047240618101545,4.8578708641220345e-05,0.0005257954797454971,11
1558,2,1.0,0.0,9.01313001834056e-06,11
1559,187,0.4797883962969352,0.000392995557353326,0.0006610889038238759,11
1560,1,0.0,0.0,8.780383615929952e-06,11
1561,25,0.31333333333333335,1.0911636827398179e-05,3.278587442451794e-05,11
1562,10,0.5111111111111111,0.0,2.152766181729622e-05,8
1563,112,0.5553410553410554,1.8469258944228865e-05,0.00041632460261288183,11
1564,16,0.6166666666666667,2.632892882215548e-06,1.99784285690081e-05,11
1565,44,0.53276955602537,5.768972467057378e-06,2.0814120606129102e-05,1
1566,20,0.46842105263157896,3.779052770311561e-06,1.5125697710139321e-05,1
1567,33,0.5378787878787878,0.0001425836381302924,1.6246276371560226e-05,8
1568,29,0.9236453201970444,1.689748887370336e-07,1.1341191274343234e-05,8
1569,48,0.32269503546099293,1.2544397136015399e-05,2.088549114325052e-05,7
1570,124,0.4961972200367165,3.152947261439621e-05,0.00041704832442601296,11
1571,60,0.5101694915254237,1.470972406199935e-05,0.00019748315349806127,11
1572,43,0.7397563676633444,1.7644393411656721e-06,0.00014117185125444903,11
1573,89,0.4931052093973442,4.4235386040230245e-05,2.178115821700756e-05,7
1574,67,0.3835368611488014,0.0001825538192933948,3.233854700641871e-05,1
1575,20,0.4368421052631579,3.0786108029813263e-06,1.852940193054109e-05,7
1576,66,0.6573426573426573,9.656808424361025e-06,1.8252580155222827e-05,7
1577,170,0.48771319178559,0.033259880556916165,0.007204091614053234,4
1578,36,0.6793650793650794,3.1105778687367604e-06,1.4269625648093271e-05,7
1579,5,0.9,0.0,9.66561742083816e-06,8
1580,83,0.6018219218336762,1.0751035244103049e-05,0.0003036208747852943,11
1581,1,0.0,0.0,8.780383615929952e-06,11
1582,41,0.8,2.8899426354787666e-06,1.4941174295983201e-05,7
1583,97,0.485180412371134,2.7916174541759774e-05,2.2418265694088893e-05,7
1584,211,0.415572105619499,0.0003017222967589617,0.0007021224551060918,11
1585,20,0.45263157894736844,1.3431796740453485e-05,2.3593687138296725e-05,11
1586,3,1.0,0.0,8.918446132361548e-06,11
1587,53,0.6923076923076923,1.9856988204792655e-06,1.6778210796105744e-05,7
1588,23,0.6363636363636364,3.1094325657869816e-05,1.4895680005820701e-05,8
1589,205,0.47508369201339073,6.311029997045203e-05,0.0007247633338614942,11
1590,88,0.48171368861024033,0.0003159265026665165,0.00031068193120606293,11
1591,95,0.38029115341545355,4.205773821850468e-05,2.2416922269160954e-05,7
1592,25,0.8,2.580858291629589e-07,1.2336605572172267e-05,7
1593,32,0.39919354838709675,0.0005975321693804715,1.587915573956775e-05,8
1594,16,0.35,8.081761195200844e-06,3.3577367299070215e-05,11
1595,39,0.6558704453441295,1.3601863947099464e-05,2.0677243862157378e-05,7
1596,77,0.6127819548872181,7.251010571812079e-06,1.992203456237757e-05,7
1597,112,0.6037644787644788,1.797353952768607e-05,0.0004278266231615274,11
1598,136,0.5237472766884531,8.578487765541046e-05,0.0004793519264274463,11
1599,11,0.509090909090909,0.0,1.3480319178679063e-05,1
1600,117,0.5281461833185971,2.6763454349097802e-05,0.00040986351915899455,11
1601,32,0.8467741935483871,4.282308834588477e-07,1.1609570341798048e-05,8
1602,12,0.5303030303030303,4.684612657892678e-07,1.036527662231513e-05,1
1603,145,0.5884099616858237,2.999610261230718e-05,0.0005646329554822645,11
1604,148,0.47205368633940065,0.00012217682853709694,0.0004924357808267642,11
1605,90,0.6102372034956305,2.1076486437513353e-05,0.0003335508390956867,11
1606,31,0.6946236559139785,4.745558181813226e-07,1.4651436714728109e-05,1
1607,5,0.6,0.0,9.09414370202105e-06,8
1608,117,0.5679339817270852,3.2352090222553994e-05,0.0004392348670943745,11
1609,92,0.5518394648829431,1.8818949796606512e-05,0.00030872064477375084,11
1610,179,0.47555081288054735,6.234363235435128e-05,0.0006307023865641616,11
1611,72,0.5860719874804382,4.595168461025626e-05,2.1182755293726547e-05,7
1612,190,0.4755778334725703,0.00012093992993129961,0.0006655448655801977,11
1613,182,0.4801165685143586,8.596605847328944e-05,0.0006435541596686639,11
1614,71,0.544466800804829,1.4144269376851282e-05,0.00025726682217676436,11
1615,24,0.6304347826086957,8.035495801047538e-06,1.526183549909646e-05,8
1616,50,0.5289795918367347,1.1717490097703125e-05,2.2651132808764654e-05,1
1617,117,0.5389036251105217,0.00040919868844878485,0.0004666674717338963,11
1618,24,0.47101449275362317,0.0001966161237709145,0.00013302945955057728,11
1619,115,0.5780320366132723,0.0032643362322319703,0.0009215208261186335,11
1620,128,0.38373523622047245,8.995972397397103e-05,0.0003801933793944582,11
1621,189,0.4819317798041202,0.0007243435996190501,0.0007002790454623228,11
1622,177,0.46334103749357985,0.00010518141493685576,0.0006145091828077409,11
1623,100,0.6430303030303031,1.2805784870221463e-05,0.0003888466915331992,11
1624,35,0.5378151260504201,2.6363452822216266e-05,1.6814956448022567e-05,7
1625,25,0.7466666666666667,1.0316893306963094e-06,1.2765978208691355e-05,1
1626,37,0.3588588588588589,0.0001458653783956264,8.587849594873911e-05,11
1627,3,1.0,0.0,8.923347861904159e-06,11
1628,82,0.5492321589882565,5.425035902050621e-05,2.0474083140439334e-05,7
1629,22,0.7878787878787878,6.682184077498288e-07,1.0816294566980741e-05,8
1630,67,0.3437358661239258,7.675002652312e-05,2.4712537558781278e-05,7
1631,9,0.9722222222222222,0.0,1.3581974787071502e-05,1
1632,79,0.614086335605323,2.1346519704302266e-05,0.00030737836520985153,11
1633,23,0.6047430830039525,4.767557506566051e-05,1.5299711066212622e-05,7
1634,38,0.5149359886201992,5.7887841842371634e-05,1.7269900121207446e-05,7
1635,34,0.7201426024955436,2.317120888066468e-06,1.378243118937682e-05,7
1636,77,0.5850991114149009,2.1445526879489943e-05,2.0017026119050348e-05,7
1637,99,0.49783549783549785,4.1430716748275e-05,0.0003256182269347859,11
1638,34,0.696969696969697,1.3469783133235412e-06,1.413125752800259e-05,7
1639,78,0.5061605061605061,2.6000054489095712e-05,0.000263180850141591,11
1640,8,0.8571428571428571,0.0,9.474987724556694e-06,7
1641,14,0.3516483516483517,4.732032335310849e-06,1.3511136612902255e-05,8
1642,28,0.20634920634920634,0.0013891404878299313,1.2213099525263115e-05,6
1643,100,0.64,9.335861336255835e-06,0.0003948771198425714,11
1644,69,0.5694799658994032,1.2370862897736319e-05,0.00022152959242017977,11
1645,56,0.5084415584415585,2.5410773945463743e-05,2.2028043675382043e-05,1
1646,18,0.5032679738562091,0.0,3.207905922302179e-05,7
1647,50,0.6702040816326531,7.35901425067194e-06,1.6147309940580955e-05,7
1648,25,0.91,1.6946627096536328e-07,1.0937297276396486e-05,8
1649,35,0.5932773109243697,1.4893051099703712e-06,1.3790220084699719e-05,7
1650,21,0.3476190476190476,1.0529391611810974e-05,1.414855436221127e-05,7
1651,4,1.0,0.0,2.1205536251253703e-05,11
1652,81,0.5817901234567902,5.136446321277503e-06,0.00029157839229579277,11
1653,74,0.6878933728248797,4.017913699289918e-06,0.00027998734775878546,11
1654,7,0.8095238095238095,4.0829866741194384e-07,9.891757727822375e-06,1
1655,56,0.6279220779220779,2.8489509632738164e-06,1.6713351575987026e-05,7
1656,34,0.23172905525846701,0.001979749806517372,2.1239936419674225e-05,6
1657,5,1.0,0.0,9.127451954628288e-06,1
1658,19,0.4853801169590643,6.900295239137014e-06,3.313895384763356e-05,7
1659,82,0.64257753688648,7.92910200041728e-06,0.00030091437597434074,11
1660,24,0.5253623188405797,4.6812278563072904e-06,1.852147885469005e-05,1
1661,80,0.4708860759493671,1.670911208351055e-05,2.0845535824388312e-05,7
1662,146,0.5343410486537553,4.15267209424309e-05,0.0005514625942140045,11
1663,235,0.41651209310783777,0.0009586175249404421,0.0008111497776214009,11
1664,6,0.6,2.5919915011352776e-05,1.2936083636988304e-05,7
1665,127,0.5675540557430321,3.300039003261495e-05,0.0004657591464923889,11
1666,36,0.20317460317460317,0.005332971892978034,5.844401787524889e-05,6
1667,27,0.4188034188034188,3.962866563439517e-05,1.5503075651765292e-05,7
1668,122,0.6221379216908278,1.7869330049131242e-05,0.00047023435113222224,11
1669,137,0.5520609703735508,3.4656591692031784e-05,0.0005063597957282773,11
1670,11,0.2909090909090909,2.518995396266228e-06,1.984668430922481e-05,11
1671,32,0.3850806451612903,1.159901743261309e-05,1.4066208444119106e-05,1
1672,25,0.5233333333333333,6.09346549375683e-06,1.549512398989652e-05,7
1673,40,0.5525641025641026,8.533554026736817e-06,2.0082208834394837e-05,1
1674,25,0.2,1.98232748972656e-05,3.7652081149186456e-05,11
1675,117,0.5279988211022694,3.0095067039178515e-05,0.00040017074192899614,11
1676,16,0.7166666666666667,5.759848958036893e-07,1.0420093855793536e-05,8
1677,36,0.5984126984126984,3.75942753352165e-06,1.6314302767878304e-05,1
1678,18,0.27450980392156865,1.645990579491606e-05,3.191940651503796e-05,11
1679,27,0.5612535612535613,2.2846523842677357e-06,1.829538961416214e-05,1
1680,61,0.5639344262295082,2.6523813045662148e-05,2.2494914559673085e-05,7
1681,25,0.62,2.419672187172996e-06,1.2035331653352355e-05,7
1682,38,0.7297297297297297,7.724897299921964e-06,1.4627048945415892e-05,7
1683,123,0.533519925363188,8.873649043855598e-05,0.00044564975143421856,11
1685,93,0.5455820476858345,1.4708798101318398e-05,0.00034351712181613487,11
1686,35,0.5008403361344538,6.898951100378357e-06,1.3661953723020267e-05,7
1687,43,0.3997785160575858,0.0008207543655260617,2.5689684424366067e-05,8
1688,95,0.41500559910414336,0.00048404188459613896,0.00027049260472826047,11
1689,124,0.5645161290322581,1.8973086427998065e-05,0.0004592788152083013,11
1690,4,0.16666666666666666,0.00014035861226514674,9.004756250071396e-06,12
1691,60,0.6734463276836158,2.153652881750723e-05,1.757452615397289e-05,7
1692,50,0.43183673469387757,5.721280332242587e-05,2.6778235769060237e-05,1
1693,3,0.6666666666666666,0.0,8.92094910060098e-06,8
1694,34,0.41532976827094475,2.603314127319417e-05,1.7444996539958115e-05,1
1695,30,0.6873563218390805,1.8994907051077447e-06,1.3853574543190551e-05,1
1696,12,0.4393939393939394,2.590573407526252e-06,1.3783189479581952e-05,1
1697,8,0.5714285714285714,2.177006065393922e-05,4.9202332845916276e-05,11
1698,19,0.672514619883041,3.6914016043706737e-06,1.760653840242002e-05,8
1699,42,0.413472706155633,1.3442061987217506e-05,1.830303963020988e-05,7
1700,17,0.625,3.7290294755808593e-07,6.058732043714523e-05,11
1701,7,0.7142857142857143,5.573038214363753e-07,9.802452758204167e-06,8
1702,45,0.31212121212121213,0.00038757992202409643,0.0001461774142262012,11
1703,70,0.33581780538302275,0.00016831699247376526,2.7115826935944447e-05,7
1704,25,0.6233333333333333,5.815829789627333e-07,1.2046137113536363e-05,7
1705,27,0.6609686609686609,3.4671986787289455e-05,1.4652095195995461e-05,8
1706,42,0.6039488966318235,4.519047253172336e-06,1.528531229345955e-05,7
1707,185,0.49412455934195065,9.674777583667705e-05,0.0006626556819306144,11
1708,10,0.7333333333333333,0.0,9.86925967420949e-06,8
1709,62,0.36700158646218933,9.881756603083432e-05,2.1135947236367177e-05,7
1710,15,0.7047619047619048,2.2351836286937576e-07,4.4710508086983386e-05,11
1711,5,0.7,0.0,1.2225173335523537e-05,11
1712,105,0.6177655677655678,2.1202564307487282e-05,0.0003961685507593055,11
1713,4,0.5,0.0,9.397453703590195e-06,7
1714,187,0.5029038008165143,4.813095922580538e-05,0.0006818422016832777,11
1715,65,0.6158653846153846,2.4223444124501805e-05,2.2914109182828083e-05,7
1716,60,0.6225988700564972,8.100420539817847e-06,1.772465958680903e-05,7
1717,139,0.5139192993431342,1.881454069903845e-05,0.0005047391266449068,11
1718,155,0.3550062840385421,0.02921975577951699,0.004624918544875626,4
1719,19,0.6374269005847953,7.103596782897745e-06,1.1455624758959911e-05,8
1720,49,0.5433673469387755,2.6025115771313897e-05,1.633877238256425e-05,7
1721,115,0.6216628527841342,1.0371678658513572e-05,0.00044805623504850524,11
1722,56,0.5188311688311689,1.985185536659892e-05,0.00016769011534726583,11
1723,49,0.6471088435374149,2.347127726309025e-06,0.00019782286655424205,11
1724,59,0.6265341905318527,8.959197688945246e-06,0.00018053507664540872,11
1725,51,0.29411764705882354,5.0695167519396536e-05,1.8834676049368792e-05,7
1726,21,0.2857142857142857,0.0007327376329561548,1.5877834769266123e-05,6
1727,32,0.3125,6.077693831624846e-06,2.157461665950395e-05,7
1728,32,0.6875,1.2078907926905916e-05,1.3369370421578163e-05,7
1729,80,0.4680379746835443,4.232022109612783e-05,2.0933482934975705e-05,7
1730,226,0.4013765978367748,0.0001699970830111527,0.0007311222389451697,11
1731,8,0.8571428571428571,0.0,1.3076558821208783e-05,1
1732,48,0.6569148936170213,9.179734612747702e-06,1.574496311557883e-05,7
1733,38,0.7368421052631579,2.836407192230473e-06,1.227547321984758e-05,8
1734,49,0.6488095238095238,2.086856379959861e-06,0.0001917702567240655,11
1735,109,0.6211348963642541,9.48756021256928e-06,0.0004185358299806529,11
1736,156,0.5339123242349049,6.929615256731422e-05,0.0005806156284088734,11
1737,79,0.694579681921454,6.3243735134018146e-06,0.0003093074842137622,11
1738,26,0.5784615384615385,1.0984944257695453e-06,1.394298460566906e-05,7
1739,14,0.5714285714285714,3.4065160837319935e-06,1.4187565168802835e-05,7
1740,37,0.5900900900900901,4.054574742078479e-05,2.3096130788083133e-05,1
1741,104,0.5351008215085885,3.377933116990863e-05,0.00038867419122253297,11
1742,79,0.5173644920480364,1.4411050626652238e-05,2.042869637868568e-05,7
1743,26,0.4369230769230769,1.5169629324220848e-06,1.2346667946199036e-05,1
1744,37,0.5885885885885885,2.088369448662718e-05,1.5949263968710025e-05,1
1745,19,0.4678362573099415,5.5474204438337235e-05,1.6933622761541468e-05,7
1746,202,0.47283385054923405,8.704900548713886e-05,0.0007099323593829436,11
1747,22,0.8051948051948052,9.591410321943598e-07,1.0710585805662384e-05,8
1748,13,0.8205128205128205,1.59280739342361e-07,1.01484619003314e-05,7
1749,13,0.4358974358974359,0.0,1.0077748689060775e-05,7
1750,126,0.5977142857142858,1.4955779554200699e-05,0.00047645093229346097,11
1751,50,0.7314285714285714,2.106032087275208e-05,1.610075121338093e-05,7
1752,115,0.6016781083142639,1.4248920673438859e-05,0.0004329674386370171,11
1753,82,0.6446853357422463,7.587938950500524e-07,0.00031390655860433876,11
1754,57,0.4849624060150376,6.43679485062282e-06,0.00018697258584528156,11
1755,2,1.0,0.0,8.933422320653858e-06,7
1756,16,0.7583333333333333,1.3662369299740481e-07,1.0522434411729411e-05,7
1757,131,0.5554903112155021,3.0137282802344127e-05,0.0004989014603754624,11
1758,27,0.1794871794871795,0.0012483968031031958,1.8901537325299595e-05,6
1759,6,0.8,0.0,9.203233234490684e-06,7
1760,3,0.6666666666666666,0.0,9.054833998019896e-06,8
1761,121,0.5132231404958678,0.00015055362468713508,0.0004291913698670416,11
1762,4,1.0,0.0,9.291342738491764e-06,1
1763,32,0.6451612903225806,1.646710939836145e-06,1.4395831525748641e-05,1
1764,25,0.74,4.6433887279085896e-07,1.2562441905114912e-05,7
1765,66,0.5351981351981352,1.7791236795758884e-05,0.0002072138272334998,11
1766,40,0.6064102564102564,4.306838318126778e-06,1.5970699534399158e-05,1
1767,36,0.5317460317460317,2.067869580924335e-05,1.888358687578277e-05,1
1768,209,0.41010305483989695,0.00013795167560489387,0.0006763514060245556,11
1769,25,0.5633333333333334,7.182763481072049e-05,9.85625203485217e-05,11
1770,47,0.42645698427382056,4.72747888772606e-05,1.865040078587427e-05,7
1771,20,0.7947368421052632,9.641334160925795e-08,6.896946810869038e-05,11
1772,61,0.6480874316939891,1.1499299731789408e-05,0.00022832021001956203,11
1773,23,0.7549407114624506,2.8799606665208525e-07,1.2668357674517387e-05,1
1774,40,0.45,1.2790314258534063e-05,0.00011526835483312733,11
1775,8,0.9642857142857143,1.0323751624041916e-08,2.86064285101105e-05,11
1776,5,1.0,0.0,9.127451954628288e-06,1
1777,5,0.9,2.4904821774950643e-07,1.7022430996622324e-05,1
1778,38,0.43385490753911804,5.665422408126699e-05,2.0457838694841035e-05,1
1779,22,0.42857142857142855,1.7540197658731035e-05,2.932216183923106e-05,11
1780,20,0.4052631578947368,6.50687692005397e-05,6.687863237574094e-05,11
1781,26,0.38153846153846155,5.825991714997966e-06,1.2552331173560742e-05,7
1782,67,0.5355042966983266,0.0002661364097805884,0.00026110797819157186,11
1783,121,0.2716253443526171,0.0005406094279423504,2.938960459078549e-05,7
1784,17,0.8014705882352942,1.4425038294065028e-07,1.0285195296774455e-05,8
1785,30,0.3425287356321839,1.2306311235145548e-05,1.2544504576596656e-05,7
1786,97,0.43921821305841924,4.207476806825267e-05,2.3036332275852057e-05,7
1787,38,0.635846372688478,1.0903878318477021e-05,1.2565837266655152e-05,8
1788,10,0.8666666666666667,5.203170818517126e-07,9.66834773072406e-06,8
1789,103,0.5872834570721492,1.4999910804950559e-05,0.0003831989839534251,11
1790,38,0.38975817923186346,5.6700585746069266e-05,1.8463238563888478e-05,1
1791,131,0.514856136230182,4.255577998567066e-05,0.0004767005463553282,11
1792,6,0.6,2.7874129384913173e-07,9.863428186882498e-06,11
1793,145,0.5279693486590038,3.465619025914652e-05,0.0005446306677913954,11
1794,57,0.23934837092731828,6.239502407287621e-05,2.431486910709808e-05,7
1795,89,0.5944841675178754,1.1307987689066754e-05,0.0003312012012820295,11
1796,71,0.6285714285714286,1.0356679265189954e-05,0.000280480551309135,11
1797,5,0.6,5.115252417589801e-07,1.6888796021421096e-05,11
1798,34,0.8021390374331551,7.07267141640095e-07,1.1763483270630991e-05,8
1799,152,0.546270477518299,2.8455283322234564e-05,0.0005619493621053093,11
1800,245,0.4020408163265306,0.00026075304135211386,0.0008019164023670205,11
1801,23,0.6600790513833992,3.2555624807324773e-06,1.5540592557644686e-05,1
1802,12,0.8939393939393939,2.154522078060922e-08,9.780171288882981e-06,8
1803,25,0.5433333333333333,2.364651307468334e-05,1.1750546066294763e-05,8
1804,195,0.4734337827121332,8.396511910846906e-05,0.0006899923076762643,11
1805,22,0.4155844155844156,4.2591419990621654e-06,4.4666944739239254e-05,11
1806,33,0.42234848484848486,0.002110486193832992,0.0005213261729391769,8
1807,51,0.37333333333333335,6.8771652634008896e-06,3.107042680980174e-05,7
1808,14,0.27472527472527475,6.45483023167382e-05,1.7675263759312242e-05,1
1809,113,0.5910240202275601,2.7323981732401667e-05,0.0004040964480469175,11
1810,102,0.6004659289458357,1.5090464856740454e-05,0.00038804038706481377,11
1811,63,0.6523297491039427,6.433781854913695e-06,0.00022811694022051169,11
1812,44,0.7315010570824524,2.5550386010214535e-06,1.5756129774835233e-05,7
1813,156,0.42555831265508687,0.00012120013255158127,0.0005118121211655998,11
1814,10,0.6,4.1295006496167666e-07,1.3514193926588912e-05,1
1815,24,0.6485507246376812,5.986382956878433e-06,1.5471668757537013e-05,7
1816,131,0.573458602466236,2.2500611056345227e-05,0.000499824519017063,11
1817,15,0.6,9.71072607919664e-06,4.5518353423841435e-05,11
1818,30,0.4298850574712644,5.781300909463473e-07,3.72042671801826e-05,7
1819,88,0.6013584117032393,9.69912973436052e-06,0.00031242829942918453,11
1820,67,0.5789235639981909,1.3087159910225573e-05,1.83311352176567e-05,7
1821,27,0.7777777777777778,1.5789378640168151e-07,0.00011705627683355818,11
1822,12,0.8939393939393939,9.177736124080506e-07,1.0695814518522716e-05,11
1823,127,0.6011748531433571,1.997823834507305e-05,0.0005020717759168013,11
1824,58,0.6346037507562009,6.0322837780372305e-06,1.7558535970732613e-05,7
1825,29,0.5443349753694581,0.00023523336309413628,1.883441950299441e-05,8
1826,102,0.602019025431955,2.4893965387578153e-05,0.0003941873719821422,11
1827,201,0.4444278606965174,0.00012043591197219678,0.000673855043723461,11
1828,56,0.4974025974025974,3.2598529861923464e-05,1.717287031745306e-05,7
1829,16,0.6083333333333333,4.245217426062071e-07,1.3617983074402868e-05,1
1830,16,0.4083333333333333,4.188511534442332e-06,1.5840319702469733e-05,7
1831,42,0.26248548199767713,4.167459533884828e-05,1.537457850914841e-05,1
1832,46,0.7227053140096619,3.6701442639561985e-06,0.00015608430700484084,11
1833,191,0.5007440066133921,5.121216236831424e-05,0.0006943484987890022,11
1834,1,0.0,0.0,8.780383615929952e-06,11
1835,182,0.4595956529658187,0.0007401694871260339,0.000643920336257863,11
1836,25,0.6333333333333333,5.8733134092963866e-05,0.00010168339963325231,11
1837,38,0.7297297297297297,6.331305488770419e-06,1.2153571900370362e-05,8
1838,6,0.6,0.0,9.18706353519488e-06,8
1839,165,0.5086474501108648,3.162966946580701e-05,0.0005959264958942641,11
1840,10,0.5777777777777777,5.781300909463473e-07,9.646191121042272e-06,7
1841,49,0.6981292517006803,1.8631875118471454e-05,1.5962868095022336e-05,7
1842,119,0.5546218487394958,2.2338445413710837e-05,0.0004340301461303853,11
1843,40,0.5153846153846153,1.637934596821127e-05,0.00014173485126305844,11
1844,70,0.3391304347826087,6.410309420989407e-05,3.663395996332142e-05,1
1845,101,0.42237623762376236,3.823717895728139e-05,0.0003218490894117331,11
1846,38,0.4310099573257468,0.00022319616556383233,0.00011745413407166386,11
1847,26,0.4,0.0006479084313858587,1.2331339781838598e-05,7
1848,36,0.8380952380952381,7.371665197204273e-07,1.4459377188731739e-05,7
1849,119,0.613160518444666,1.3068747295434185e-05,0.0004771625052639013,11
1850,29,0.5197044334975369,7.52978020796416e-06,1.2747533747844522e-05,7
1851,42,0.4692218350754936,1.0755710701629447e-05,0.00011624671299497733,11
1852,22,0.329004329004329,6.947528046296418e-05,5.691894813565647e-05,11
1853,12,0.8484848484848485,7.090573015998302e-08,1.1527398897018991e-05,1
1854,2,1.0,0.0,8.911698650810542e-06,11
1855,6,0.5333333333333333,7.978233057764793e-07,9.519041979620902e-06,7
1856,4,1.0,0.0,1.2897649888767537e-05,11
1857,73,0.5909436834094368,5.793649742592371e-06,1.9172235351540362e-05,7
1858,29,0.37192118226600984,2.1879818124043844e-05,3.7090631864450233e-05,11
1859,46,0.7256038647342995,5.717083483304675e-06,1.5815568915390075e-05,7
1860,17,0.22058823529411764,9.974661543252004e-06,2.9877458262308592e-05,11
1861,99,0.47557204700061845,5.19835252559196e-05,0.00031465902931350704,11
1862,54,0.6589797344514325,2.6079387084077645e-06,1.6578178972285288e-05,7
1863,49,0.3758503401360544,0.00015718051808510152,0.00014269859945352802,11
1864,107,0.4930347381414213,3.224986147984071e-05,0.000370972058347707,11
1865,8,0.8928571428571429,1.1584053770353527e-07,1.2224997518407565e-05,11
1866,31,0.4752688172043011,0.00025388789547206613,2.004021717329269e-05,8
1867,123,0.5413834466213514,2.8379685722457238e-05,0.00043642839050531796,11
1868,121,0.5632231404958677,3.778153716162414e-05,0.0004311255490264368,11
1869,15,0.7142857142857143,1.9069569649603345e-06,1.4320832768896595e-05,7
1870,23,0.6521739130434783,1.4491335721878603e-06,1.4278928152764076e-05,1
1871,82,0.4995483288166215,2.3308780674445978e-05,2.1006067839094417e-05,7
1872,50,0.5942857142857143,9.047716271581716e-06,1.6141566691732728e-05,7
1873,41,0.8060975609756098,6.987382400051976e-07,1.5255577522329603e-05,7
1874,13,0.6794871794871795,9.191338128473921e-08,4.9929098770142356e-05,11
1875,29,0.4729064039408867,0.002653424185492248,1.3013844692115228e-05,7
1876,56,0.39675324675324675,6.759428087883812e-05,2.013123540546734e-05,7
1877,64,0.6691468253968254,3.7172419834257583e-06,0.00023191631567140116,11
1878,35,0.5697478991596638,5.579374900945246e-06,1.7698689800762377e-05,1
1879,150,0.5690380313199105,5.146781145152364e-05,0.0005756229264409818,11
1880,32,0.8306451612903226,5.434472953083779e-07,1.1599820173670643e-05,8
1881,53,0.28664731494920176,3.252620945806725e-05,5.4434276770147214e-05,1
1882,51,0.5286274509803922,1.173920966521601e-05,2.2650863335858263e-05,1
1883,18,0.37254901960784315,6.777764511976369e-05,6.672979119074061e-05,11
1884,32,0.8306451612903226,5.010949223670109e-07,1.3666515805359903e-05,7
1885,28,0.5185185185185185,3.1252291837807334e-06,4.9972002100348204e-05,7
1886,105,0.5811355311355312,2.515604762730721e-05,0.00039841044323093576,11
1887,11,0.8181818181818182,5.079285799028624e-08,1.0408343144344393e-05,7
1888,254,0.3996763250443497,0.00017653148785175024,0.000832021078921735,11
1889,15,0.4666666666666667,2.923516188794135e-05,1.3611928066384041e-05,8
1890,6,0.4666666666666667,0.0,9.64960995007934e-06,11
1891,71,0.6519114688128773,5.357658024781951e-06,0.0002670855722713543,11
1892,12,0.9696969696969697,0.0,9.78651978580604e-06,8
1893,83,0.46076990890390834,3.6167406513648015e-05,2.1294615960436736e-05,7
1894,63,0.5381464413722479,1.826450760145087e-05,2.658828147874782e-05,7
1895,37,0.7357357357357357,1.8636515190410485e-06,1.2095737435419971e-05,8
1896,9,0.3888888888888889,1.2801452013811979e-06,9.556670957944084e-06,8
1897,36,0.3492063492063492,2.889758299496683e-05,2.8173488590568113e-05,7
1898,101,0.5956435643564356,2.9288270403254077e-05,0.00035694550251125733,11
1899,79,0.5420318078545927,2.9797073826665545e-05,2.0349398856205287e-05,7
1900,26,0.6276923076923077,9.079795733520406e-07,7.963473136308646e-05,11
1901,14,0.3516483516483517,9.341984863143586e-06,1.4408151199604432e-05,1
1902,130,0.5348837209302325,4.202096783277064e-05,0.0004802853436536649,11
1903,40,0.7153846153846154,2.088573176958976e-06,1.4773685248597696e-05,7
1904,30,0.5563218390804597,2.1443862559319154e-05,1.618301324305884e-05,7
1905,11,0.9454545454545454,1.046140164569581e-07,1.5977784141390762e-05,11
1906,22,0.6320346320346321,9.260563017316857e-07,1.5526161396649463e-05,7
1907,30,0.7195402298850575,2.028998011469383e-06,1.8264673443508827e-05,7
1908,10,0.37777777777777777,1.360063898908222e-06,1.3812916962362624e-05,8
1909,41,0.2780487804878049,0.00026959037278348035,0.0001075506568892453,11
1910,31,0.36774193548387096,4.6261903321472295e-06,1.354625469000283e-05,1
1911,39,0.31309041835357626,0.0001756954323618839,8.545186885625178e-05,11
1926,134,0.48726293345303556,0.00037878772284901204,0.005585604064096917,4
1932,95,0.7554311310190369,3.649620172666465e-05,0.00515825250131581,4
1939,79,0.638104511522233,0.00011691993465771317,0.003219534635057062,4
1945,146,0.5971658006613132,0.00015185823122163293,0.006412974029103219,4
1951,64,0.6279761904761905,0.00010051993613046445,0.0009687284879674244,13
1955,92,0.6858576206402294,4.9667783710301907e-05,0.004366275456896621,4
1972,71,0.5006036217303823,0.0032555886585200304,0.0011723614351486853,13
1973,65,0.5379807692307692,0.0001216378659309604,0.0011426496586401183,13
1976,39,0.5721997300944669,4.157465098623654e-05,0.0009046071521170258,13
1991,49,0.6921768707482994,7.802226107652015e-05,0.0008729728213300477,13
1995,63,0.593958013312852,8.228546552641832e-05,0.0009801022584122806,13
1998,54,0.6212438853948288,6.381886350469272e-05,0.0009022798521032354,13
2001,60,0.632768361581921,8.276309326370047e-05,0.0009740930817119894,13
2004,50,0.6326530612244898,7.102986284270486e-05,0.000916233971979496,13
2007,171,0.41630546955624353,0.0006994913081802812,0.01525286389223168,4
2009,45,0.5787878787878787,4.7147889322468444e-05,0.000951300756354339,13
2018,55,0.5872053872053872,6.198642589207211e-05,0.0009637227936438226,13
2024,53,0.6574746008708273,8.711701855471469e-05,0.0009318093966811699,13
2027,44,0.7019027484143763,5.9290063666110723e-05,0.0008705087198531854,13
2032,147,0.5849408256453267,0.00017275424189859223,0.006404462559296013,4
2038,123,0.47580967612954816,0.0004953161137354364,0.004359691495247423,4
2039,112,0.6854890604890604,8.064210841937048e-05,0.005577258226251622,4
2042,96,0.687061403508772,9.71669394946564e-05,0.0049829304975264705,4
2054,163,0.5296523517382413,0.00040854426354791087,0.006733851152556516,4
2068,141,0.569098277608916,0.00017084259568973022,0.006169386917901245,4
2071,123,0.6544049047047847,0.00019665763872617225,0.006467125643536163,4
2072,129,0.5687984496124031,0.00028309833142959576,0.005698738213111402,4
2081,172,0.49224806201550386,0.00047624776946516304,0.008501016673982535,4
2102,132,0.5820032384917881,0.00019355173241869514,0.0058951395285556304,4
2111,184,0.4844381088144452,0.0005372420637787171,0.0071603762854678945,4
2116,65,0.4168269230769231,0.0001022373888929558,0.0016972622687017934,13
2117,142,0.43342323444211367,0.00048229716980007143,0.005696679899813364,4
2127,112,0.6309523809523809,8.883097279258946e-05,0.00498027369177324,4
2128,92,0.49402771141901575,0.00013181948657766987,0.005916196983637407,4
2133,159,0.4239312156675424,0.00077618256965832,0.00550813328403228,4
2135,88,0.7199582027168234,4.514092863695688e-05,0.00455739113612155,4
2138,138,0.6070030678091611,0.000169604632422758,0.006369771589650061,4
2143,102,0.5200931857891672,0.0006569211152042249,0.0044316140999454455,4
2153,139,0.6275675112084246,0.0001282425108821562,0.007205410053731163,4
2157,39,0.6909581646423751,2.7135276176262395e-05,0.0008555229295578879,13
2171,66,0.6074592074592075,9.256713255326473e-05,0.0009968236388407151,13
2174,120,0.5862745098039216,0.00023080808537894314,0.004281798752781038,4
2180,114,0.6534699580810434,7.128508956204477e-05,0.005574950867296013,4
2183,134,0.6125014027606329,9.373491770501545e-05,0.006564846284047936,4
2187,148,0.6114175399889685,0.00011352093283971147,0.006579966943075093,4
2189,113,0.4683944374209861,0.0008450922261501689,0.012001730263528961,4
2199,175,0.48400656814449916,0.0005508277785112066,0.0072412390385053075,4
2203,100,0.6107070707070708,7.63092078720143e-05,0.0037438160703237348,4
2223,116,0.5980509745127436,0.00017294134754192625,0.006004537615520326,4
2224,129,0.6339631782945736,8.541449971491666e-05,0.00602992782357596,4
2225,42,0.6933797909407665,0.00011810369026944314,0.0008548470561756541,13
2247,122,0.5691640699092264,0.00017174207260189486,0.005492816041595142,4
2250,109,0.6055045871559633,0.00010064884952266527,0.0048993530209850275,4
2254,90,0.6441947565543071,7.961282117172496e-05,0.0034799841676434176,4
2264,75,0.5427027027027027,7.182206897075355e-05,0.003536588683263549,4
2267,83,0.5956508962679988,6.62534010119823e-05,0.0032553025326320143,4
2268,130,0.4338700059630292,0.000745691696486397,0.004590182222543404,4
2279,129,0.6197916666666666,0.00010700691780891147,0.006948992383154877,4
2283,161,0.5120341614906833,0.0008333232778990867,0.007078201145449237,4
2284,56,0.6584415584415585,0.00012769836602592507,0.0009096014909262023,13
2289,160,0.44355345911949684,0.0009132074690436878,0.005874093034473029,4
2292,142,0.5493956647687543,0.0003402782429884445,0.008084337513560006,4
2302,123,0.5769692123150739,0.0003492908330404353,0.007176171972557877,4
2319,122,0.620647608725105,0.00010926664238495428,0.00632110770982454,4
2327,125,0.5308387096774193,0.0003840081115541578,0.005354243738125388,4
2336,150,0.5421923937360179,0.0001898727749370346,0.007898211464507605,4
2337,35,0.7546218487394958,2.749333788640478e-05,0.0007996454782038822,13
2364,65,0.6197115384615385,0.00013795394748025133,0.0009781394511931775,13
2378,50,0.6571428571428571,5.447589357544718e-05,0.0009157707857092601,13
2384,188,0.44612583911707815,0.0004973033205579624,0.008085322365786806,4
2398,108,0.6137071651090342,0.00021637976674256006,0.006744576895872808,4
2417,70,0.525879917184265,0.00013362254574532164,0.003020321817655823,4
2436,94,0.6961793639899336,4.0436007889906336e-05,0.004968922404451672,4
2445,70,0.7420289855072464,6.196693634777173e-05,0.0033973920270572873,4
2447,49,0.6471088435374149,6.750355348230433e-05,0.0009095126249660136,13
2451,109,0.6219843696907917,0.00018893536745971713,0.005758593019170826,4
2458,99,0.6402803545660688,9.750804778243058e-05,0.004561797720625734,4
2459,46,0.5217391304347826,6.496346570642284e-05,0.0009540501662080936,13
2461,124,0.6367689483346446,0.00010615938689972512,0.005317915353526713,4
2463,126,0.6642539682539682,6.383055582065453e-05,0.005613321274394879,4
2471,132,0.6377515614156836,0.00011995809638319437,0.006108321086334996,4
2472,77,0.5663021189336979,0.00014414782531973217,0.0041466237912064765,4
2475,97,0.6844931271477663,8.644166819423977e-05,0.004504382577076237,4
2491,121,0.6141873278236915,0.00013061543039137992,0.005793932183554823,4
2494,39,0.6693657219973009,3.696492949290287e-05,0.000811994818340489,13
2498,94,0.621368107984443,0.00028673161876010704,0.003523449471970487,4
2502,43,0.5526024363233666,0.00011068362573848956,0.0022073810503040244,4
2508,98,0.7052387965495477,8.87964065547641e-05,0.005126228165753866,4
2510,138,0.5961070559610706,0.00018921895831561605,0.006644354457551719,4
2511,140,0.5707091469681398,0.00027066178577431644,0.006509309175148577,4
2529,36,0.5444444444444444,7.56519167878863e-05,0.001528686558785518,4
2533,99,0.6953205524634096,0.00012877067581483842,0.0060123264413435955,4
2538,56,0.6279220779220779,7.616866646058077e-05,0.0009626755576703814,13
2543,294,0.35991734577790163,0.005974960257040611,0.07288709353959255,14
2547,54,0.6743535988819007,6.549854189207748e-05,0.0036269485751788877,4
2571,30,0.5103448275862069,3.626170489155957e-05,0.0015940334378240176,4
2583,46,0.6898550724637681,6.069910059158274e-05,0.000882432357759102,13
2589,79,0.7341772151898734,4.8319036588529335e-05,0.003240304762747531,4
2598,164,0.5594044590752656,0.00019231712714066153,0.006943444648906283,4
2617,114,0.6092221704704238,0.00020603151954482805,0.004466368306424185,4
2629,127,0.6260467441569804,0.00012425296668449202,0.006418195350910307,4
2635,20,0.6631578947368421,2.204581389489625e-05,0.0011346141166729427,4
2636,38,0.7596017069701281,4.335902227123594e-05,0.0008170009645832629,13
2640,56,0.6298701298701299,8.459399057973111e-05,0.0009641840008272965,13
2643,100,0.7276767676767677,5.425439449191389e-05,0.00521976550789335,4
2647,48,0.6976950354609929,7.934133095690556e-05,0.0008640301046126895,13
2649,122,0.6377184663324753,0.00010528782612971902,0.005266115586662174,4
2653,72,0.7730829420970265,2.567489675535491e-05,0.0036375892534669216,4
2660,38,0.7652916073968705,5.90652207204938e-05,0.0008410463865822008,13
2704,2,1.0,0.0,3.4156030640750257e-07,0
2740,2,1.0,0.0,3.4156030640750257e-07,0
427,9,0.5277777777777778,3.238607091808955e-05,8.247106625965218e-06,1
464,5,0.6,1.0411061066348097e-05,3.169314404259104e-07,1
549,7,0.5238095238095238,1.6048043768974938e-05,8.081869906254318e-06,1
351,5,0.8,4.167846012791782e-06,2.646728823366245e-07,1
364,9,0.8055555555555556,5.368350844501797e-07,2.721048611848559e-07,1
393,7,1.0,0.0,2.6847555809054566e-07,1
399,8,0.9285714285714286,2.47770038977006e-07,2.702969149349857e-07,1
441,8,0.9285714285714286,2.47770038977006e-07,2.702969149349857e-07,1
476,6,1.0,0.0,2.6660336515937507e-07,1
501,9,0.7222222222222222,0.0006286574828439866,2.706119672833554e-07,1
564,9,0.7222222222222222,4.539501071257291e-06,2.720502805158735e-07,1
349,6,0.6,0.0002602661615602131,0.0004916867941834806,1
350,21,0.3952380952380952,3.1774805696108806e-05,5.24671649596981e-06,1
352,23,0.7707509881422925,1.5268143925061196e-06,2.2527488695137507e-06,1
354,26,0.64,1.367541427570077e-06,1.1667410678061746e-06,1
355,39,0.4777327935222672,9.786195034940515e-06,2.110501085749489e-06,1
356,3,0.6666666666666666,0.0,2.5983942599103406e-07,1
357,18,0.7712418300653595,1.4236138468805038e-05,7.877160472237247e-06,1
358,1,0.0,0.0,2.549133830577316e-07,1
359,26,0.5415384615384615,9.301218352056144e-06,1.2076228923786963e-06,1
360,43,0.5282392026578073,0.00025442378551370404,7.040167444188424e-06,1
361,23,0.6324110671936759,1.8673937741018387e-06,1.094518825300746e-06,1
362,19,0.5497076023391813,2.74286237014424e-06,1.1658526686882574e-06,1
365,6,0.7333333333333333,0.0,6.658579769536135e-07,1
367,32,0.4737903225806452,2.8410790038609132e-05,2.5585353834057545e-06,1
368,34,0.5882352941176471,1.0560712419607701e-05,6.987646252836306e-06,1
369,26,0.46153846153846156,2.1519958329037716e-05,8.256936619269795e-06,1
370,71,0.4688128772635815,0.00021488684273071316,1.395382227299684e-05,1
371,5,0.7,0.0,4.937334427327891e-07,1
372,17,0.4264705882352941,2.130369659507263e-06,7.628792638607032e-07,1
373,94,0.383893845801876,0.0014641657967366484,1.9237052752244768e-05,1
374,68,0.49824407374890256,0.0003265432502952012,1.4397626964715912e-05,1
375,17,0.9264705882352942,4.401847674870289e-07,2.7971693822457473e-06,1
377,2,1.0,0.0,2.569807678761571e-07,1
378,62,0.526176626123744,8.632389754077344e-05,1.7627514574242102e-05,1
379,2,1.0,0.0,2.568565105129192e-07,1
380,11,0.9454545454545454,7.669072635002567e-08,3.768082038500196e-06,1
381,12,0.9393939393939394,0.0,3.839554702343294e-06,1
382,12,0.8181818181818182,6.423005927275879e-07,5.217867333866799e-07,1
383,3,0.6666666666666666,0.0,3.0294517439871536e-07,1
384,4,0.8333333333333334,0.0,2.9269566674989163e-07,1
385,8,0.8928571428571429,7.738277764547858e-08,1.2635111629861248e-06,1
386,3,0.6666666666666666,0.0,2.5862225684203784e-07,1
387,36,0.680952380952381,0.00011017493470521647,7.170497102553771e-06,1
388,38,0.5633001422475107,5.669731954115247e-05,3.961162923054076e-06,1
390,6,0.8,9.832091464587611e-08,8.724844661772761e-07,1
391,61,0.5251366120218579,0.00045077342260582454,1.7178334426276616e-05,1
392,39,0.6518218623481782,0.0001040577153211832,7.785895322259166e-06,1
394,36,0.5253968253968254,3.9627653378286525e-05,6.988059627768828e-06,1
395,77,0.41626794258373206,0.0005036019275960399,1.344510010547151e-05,1
396,27,0.6096866096866097,6.327695732604072e-06,1.1870898339430362e-06,1
397,47,0.3191489361702128,0.00011774891836051583,1.00638282121064e-05,1
398,33,0.6628787878787878,4.474607205084487e-06,3.910975147793641e-06,1
400,73,0.4874429223744292,0.00030974526280076834,1.487355636163274e-05,1
401,2,1.0,0.0,2.566926532656297e-07,1
402,57,0.5238095238095238,0.000139848841094212,1.582359919194825e-05,1
403,20,0.6684210526315789,2.6572642910280804e-07,1.0265696548912564e-06,1
404,51,0.4894117647058824,6.451584470518079e-05,1.2347623809240832e-05,1
405,11,0.4727272727272727,8.764180289813243e-05,8.355237450458417e-06,1
406,4,0.6666666666666666,0.0,3.0534360139609044e-07,1
407,15,0.5333333333333333,1.0974185075931026e-05,4.5433548527717915e-06,1
408,55,0.5212121212121212,0.00013481710539161058,1.2896284529493477e-05,1
409,34,0.6345811051693404,3.3543584888443074e-06,4.022442420637105e-06,1
410,16,0.5916666666666667,0.0003892763527394217,9.916533362357345e-07,1
411,3,0.6666666666666666,2.47770038977006e-07,2.593361193727969e-07,1
412,99,0.33044733044733043,0.0006831435774571316,1.6048745185461422e-05,1
413,17,0.6764705882352942,2.4872919718252723e-06,1.3842953325803582e-06,1
415,26,0.5292307692307693,0.00010488120593358374,9.151671016397712e-06,1
416,21,0.5761904761904761,3.96272960033865e-05,5.682038971754617e-06,1
417,62,0.5901639344262295,9.39633539815302e-05,1.3269251416391654e-05,1
418,23,0.5019762845849802,2.6428816085503363e-06,1.7431900794751906e-06,1
419,57,0.36278195488721804,0.0005022888642925663,1.009340628428943e-05,1
421,25,0.4666666666666667,1.8287745552885128e-05,5.448730301934343e-06,1
422,60,0.22542372881355932,0.0002389631666494361,2.9351384510632788e-06,1
423,57,0.5006265664160401,0.00028278688297926543,9.662764256554287e-06,1
424,17,0.8088235294117647,1.2173982434584496e-07,4.013315760034281e-06,1
425,19,0.5614035087719298,1.3913935146582711e-06,9.141023625627785e-06,1
426,18,0.5555555555555556,3.5357414793937967e-07,5.3186689492814355e-06,1
429,10,0.8444444444444444,2.817590058623132e-07,4.1120416457801554e-07,1
430,38,0.5704125177809388,3.1342286118717774e-05,1.572242441480204e-05,1
431,71,0.5022132796780684,0.00011783296475604126,1.7941280001290017e-05,1
432,55,0.4808080808080808,5.657557466091898e-05,1.2587467500221522e-05,1
433,10,0.7777777777777778,6.552920031000596e-06,4.329941062642199e-06,1
434,33,0.5625,3.521994782035931e-05,1.7146867816253508e-05,1
435,10,0.6,6.8418004948757395e-06,4.539692909171705e-06,1
436,60,0.5141242937853108,0.0004234601417898012,1.7406762101591153e-05,1
437,10,0.37777777777777777,9.910801559080238e-07,3.243036326541264e-07,1
438,71,0.48772635814889337,0.00012325286028599646,1.7450509888079964e-05,1
439,43,0.5227021040974529,7.804779074941832e-05,7.868236273407503e-06,1
440,14,0.6593406593406593,6.87569932177625e-07,1.6921992123007242e-06,1
442,12,0.6666666666666666,1.0353437672812231e-07,5.111383678127042e-06,1
443,2,1.0,0.0,2.5672506303073124e-07,1
444,47,0.4727104532839963,3.969307637448841e-05,8.036946041071887e-06,1
445,27,0.5156695156695157,3.2132966672212354e-06,1.7037864741197876e-06,1
446,18,0.6797385620915033,1.5001491601663988e-05,5.532538910182776e-06,1
447,2,0.0,0.00012572574691437291,2.578124042369746e-07,1
448,3,1.0,0.0,3.6542079643093085e-07,1
449,10,0.5777777777777777,3.513472375169115e-06,4.417295229377075e-06,1
450,22,0.6406926406926406,2.0102187412017293e-06,1.340882780251916e-06,1
451,25,0.7033333333333334,3.838473669581782e-05,9.78364018385434e-06,1
452,42,0.48548199767711964,5.639250449113204e-05,6.881484614380676e-06,1
453,5,0.5,1.23885019488503e-06,2.633036595095611e-07,1
454,3,1.0,0.0,2.5860616467749795e-07,1
455,37,0.3153153153153153,0.00013095060866302947,5.549658029404177e-06,1
456,61,0.5191256830601093,0.00015192862203893494,1.3086214678226008e-05,1
457,20,0.6842105263157895,2.146706021344015e-05,7.890887161742128e-06,1
458,26,0.4492307692307692,4.626330277938683e-06,2.0956405475024884e-06,1
459,10,0.8222222222222222,5.318685784640158e-06,4.4996810715655935e-06,1
460,66,0.41351981351981354,0.0004671034634232234,1.584121800323264e-05,1
461,53,0.5914368650217707,0.00011250801846307296,9.180046184482102e-06,1
462,19,0.6783625730994152,1.2267549940581144e-06,1.5748218556701165e-06,1
463,43,0.3997785160575858,0.00019660076493221057,6.812217267557995e-06,1
465,78,0.42624042624042624,0.0003790764982056066,1.2097232622156138e-05,1
466,9,0.9444444444444444,1.000609772791755e-07,4.061852339393445e-07,1
467,4,1.0,0.0,2.608744203187312e-07,1
468,2,1.0,0.0,2.5672506303073124e-07,1
469,22,0.5324675324675324,2.368694042822712e-05,8.212338590363346e-06,1
470,16,0.6666666666666666,2.6381431098146935e-07,5.540581136046626e-07,1
471,31,0.6709677419354839,3.0825411220748944e-05,7.15339141327574e-06,1
472,5,0.4,3.6499348809349775e-05,4.6497925955710525e-07,1
473,32,0.5181451612903226,6.045779004227305e-05,6.383238000277494e-06,1
474,20,0.7052631578947368,4.59037113084207e-06,8.385370409692379e-07,1
477,12,0.696969696969697,2.8906504547317363e-07,7.5975723090832245e-06,1
478,8,0.5714285714285714,3.542414267511116e-07,3.7313779069266228e-06,1
479,37,0.6066066066066066,3.5288483619510654e-05,7.412119266760382e-06,1
480,7,0.47619047619047616,1.4518861160161061e-05,4.311532597662268e-06,1
481,27,0.5242165242165242,1.607695719357287e-05,1.3951351295496037e-06,1
482,34,0.6060606060606061,1.5532972280270533e-05,1.1156681933121752e-05,1
485,5,1.0,0.0,4.240053153459581e-06,1
486,16,0.825,0.0,3.963973944959404e-06,1
487,33,0.6174242424242424,4.035741549132967e-06,3.6024205813232117e-06,1
488,28,0.6666666666666666,5.600970212581695e-07,2.9247493398135333e-06,1
489,24,0.6956521739130435,6.866036687263159e-06,1.0788927573012899e-06,1
490,13,0.6153846153846154,8.280506880538681e-07,1.150266266885391e-06,1
491,11,0.8545454545454545,2.6081056734421682e-08,1.0617592569166431e-06,1
492,65,0.5317307692307692,0.00026512851760345137,1.4225186111643847e-05,1
493,56,0.4915584415584416,3.32787388318015e-05,9.348064478624692e-06,1
494,23,0.7470355731225297,5.81496436369763e-06,3.547723169542634e-06,1
495,23,0.6126482213438735,8.915886371751996e-07,1.8914518548750912e-06,1
496,40,0.5115384615384615,3.3097207088429025e-05,8.079890780811716e-06,1
497,83,0.3937702027622686,0.0003248114530289238,1.546451485512226e-05,1
498,6,0.4666666666666667,6.665478595240453e-07,3.8809378254922213e-07,1
499,3,1.0,0.0,2.5907945187788404e-07,1
500,83,0.3726124008228034,0.0003133484138094267,1.502479905201379e-05,1
502,11,0.7818181818181819,3.190784305765168e-07,1.15754871597239e-06,1
503,58,0.5245009074410163,0.00014096806027079914,9.6237758413402e-06,1
504,43,0.30564784053156147,0.0001765735111127032,5.787542099182246e-06,1
505,13,0.8974358974358975,0.0,3.860644052614925e-06,1
506,72,0.5007824726134585,6.042974116858955e-05,1.4927560408316848e-05,1
507,65,0.49615384615384617,9.211600249414584e-05,1.4394231914107608e-05,1
508,16,0.4583333333333333,1.4413865413873722e-05,1.1788847480256236e-05,1
509,15,0.8571428571428571,1.2173982434584496e-07,3.9295690279986485e-06,1
510,26,0.4307692307692308,2.3994893957470306e-05,5.133991950835051e-06,1
511,30,0.7494252873563219,1.9638194378841806e-05,7.095992412067506e-06,1
512,29,0.6699507389162561,2.2729392265415197e-05,7.23080079385036e-06,1
513,89,0.42211440245148113,0.0006050168346191444,1.961445575037084e-05,1
514,64,0.4895833333333333,4.723851880449813e-05,1.3791208655074917e-05,1
515,61,0.4628415300546448,0.0001847326313621543,1.3586781519444498e-05,1
516,20,0.7315789473684211,2.101222521331808e-05,7.92451222574258e-06,1
518,19,0.6666666666666666,1.2120248312609655e-05,7.90658049523185e-06,1
519,25,0.6566666666666666,1.4327301688948484e-06,1.379445902154615e-06,1
520,50,0.5714285714285714,0.0003359954421241332,1.5767398961641464e-05,1
521,15,0.6285714285714286,2.264801598656398e-07,1.5674775906709694e-06,1
522,11,0.7636363636363637,3.982178645187323e-07,4.4443489585162867e-07,1
523,43,0.5869324473975637,3.4284616278346286e-05,1.12549244630161e-05,1
524,64,0.5808531746031746,0.00010150057226220721,1.410202560227356e-05,1
525,69,0.5098039215686274,0.00021880647321499545,1.5159633330590776e-05,1
527,46,0.6531400966183575,4.820874169564611e-05,5.304256526275858e-06,1
528,13,0.6538461538461539,1.7553673187535205e-06,4.647745962861313e-06,1
529,9,0.8611111111111112,3.64531015130895e-07,5.026584071984809e-07,1
530,4,0.6666666666666666,9.91080155908024e-08,2.7580431679481364e-07,1
531,40,0.39487179487179486,0.00022052455625961315,5.373708862611651e-06,1
532,10,0.35555555555555557,3.3036005196934132e-06,2.818580072950464e-07,1
533,6,0.5333333333333333,4.770323552290635e-08,4.52903281530778e-07,1
534,8,0.6785714285714286,3.028837134676806e-06,7.4419046534596955e-06,1
535,12,0.6818181818181818,2.679119658510869e-06,1.1036551214543369e-06,1
536,22,0.8138528138528138,3.075187201636989e-07,2.1648600645506343e-06,1
537,40,0.6576923076923077,4.213492451292926e-05,4.596711226514081e-06,1
539,22,0.3203463203463203,3.4649236390346594e-05,4.120761460395231e-06,1
540,8,0.5714285714285714,2.6701512600248167e-07,8.702906000864333e-07,1
541,10,0.5777777777777777,5.638423622204701e-06,4.5667045799722765e-06,1
542,58,0.5021173623714459,0.00017170481199248392,1.2666884243246113e-05,1
543,21,0.46190476190476193,5.031014244708527e-06,4.8808112211091155e-06,1
544,67,0.48801447308909995,9.659748758193466e-05,1.7476566775956358e-05,1
545,46,0.527536231884058,2.520495613298839e-05,1.1674448249401168e-05,1
546,30,0.5241379310344828,3.67151048497201e-05,5.533737686647994e-06,1
547,32,0.5766129032258065,6.850812811663129e-06,1.4640648751492267e-06,1
548,32,0.45161290322580644,2.145494199819347e-05,5.374125367892706e-06,1
550,2,0.0,2.1234936963454748e-06,4.0639099494311553e-07,7
551,17,0.7941176470588235,1.2173982434584496e-07,4.017970335723041e-06,1
552,4,0.8333333333333334,0.0,2.9269566674989163e-07,1
553,85,0.357703081232493,0.0005862044741543607,1.4772958251969814e-05,1
554,19,0.695906432748538,0.00045310204436612946,0.0004984313263067384,1
555,38,0.4822190611664296,2.7694956046864095e-05,5.169326212775446e-06,1
556,48,0.4450354609929078,0.00025615342059827746,7.784954560969328e-06,1
557,37,0.49099099099099097,2.664204207878513e-05,2.623160114994479e-06,1
558,20,0.5631578947368421,1.2831141151735126e-05,5.314431056378352e-06,1
559,83,0.5071995298266235,0.0002716217594274834,1.6868168960270415e-05,1
560,30,0.535632183908046,5.696697910240674e-06,3.1090089764124743e-06,1
561,81,0.4787037037037037,0.00019310136135756607,1.278248475406582e-05,1
562,5,0.7,7.079143970771599e-08,3.112274189650909e-07,1
565,20,0.6578947368421053,4.552669942960762e-07,1.9804985422981094e-06,1
567,63,0.4254992319508449,0.05353052905752763,1.352126073359398e-05,1
568,12,0.4393939393939394,2.5748354662080876e-06,4.7400267853769123e-07,1
569,15,0.6761904761904762,1.6557832149029697e-06,5.071385010453162e-06,1
570,35,0.5008403361344538,1.513790290129042e-05,6.210565933664801e-06,1
571,3,1.0,0.0,3.730285059201874e-07,1
572,4,1.0,0.0,2.608744203187312e-07,1
591,46,0.6347826086956522,9.541627165846036e-05,9.268334573329292e-06,1
656,3,1.0,0.0,5.428909521310138e-07,1
669,34,0.7379679144385026,9.635261286281446e-06,7.84163273515818e-06,1
604,35,0.6218487394957983,0.00011913382545062037,1.1746611059800784e-05,1
645,29,0.5960591133004927,0.00020842804854841955,6.668930183014499e-06,1
646,13,0.7948717948717948,9.420476598657915e-05,1.2240138934706953e-06,1
666,18,0.6666666666666666,2.0536528485886413e-06,4.211573658068179e-07,1
683,33,0.7007575757575758,0.00012001613521129286,6.861627584102109e-06,1
587,10,0.9111111111111111,1.2978003204083584e-06,9.305329400445712e-07,1
590,14,0.4725274725274725,0.0002677967326122347,6.367230081946144e-07,1
614,32,0.7096774193548387,1.766357425595869e-05,7.471277746249175e-06,1
634,16,0.6833333333333333,7.607964989745825e-05,5.182241092238252e-06,1
680,27,0.5584045584045584,8.473565705103748e-06,3.8810627749088603e-07,1
586,7,1.0,0.0,5.455833052662604e-07,1
610,5,0.9,9.650117666661537e-07,7.041121330408291e-07,1
652,4,1.0,0.0,5.537042468201617e-07,1
673,4,1.0,0.0,5.537042468201617e-07,1
676,18,0.8235294117647058,6.678944507438586e-06,5.78349358475126e-06,1
620,20,0.5421052631578948,5.6253499214804865e-06,7.259148513418432e-07,1
574,11,0.6363636363636364,4.935683028276746e-07,4.342559854335196e-07,1
630,39,0.3535762483130904,2.1915288886111304e-05,9.316299524382381e-07,1
678,26,0.42153846153846153,1.6642362980505758e-05,8.159493925536225e-07,1
593,5,0.6,1.59280739342361e-07,5.454313494810581e-07,1
609,30,0.5011494252873563,0.0003788951467845427,4.549414123440794e-06,1
573,32,0.5725806451612904,1.2964899382181422e-06,2.5791769692884085e-07,1
575,12,0.8636363636363636,9.084901429156888e-08,1.919522087544831e-07,1
576,14,0.978021978021978,4.504909799581928e-08,1.8211286008119984e-07,15
577,22,0.9523809523809523,4.504909799581928e-08,1.940845848667218e-07,15
578,24,0.9021739130434783,4.504909799581928e-08,1.9670346251134407e-07,15
579,39,0.4507422402159244,6.847905079105458e-06,3.02296626620978e-07,1
581,2,1.0,0.0,1.6508509875596013e-07,1
582,21,0.9761904761904762,4.504909799581928e-08,1.9254505432176594e-07,15
583,25,0.8666666666666667,7.048574939988723e-07,1.9797305249482826e-07,15
584,15,0.5904761904761905,5.380392906162299e-06,7.058745545979468e-07,1
585,1,0.0,0.0,1.6390995523794623e-07,1
588,14,0.7362637362637363,0.0,1.971244043317181e-07,1
589,21,0.6333333333333333,5.847338005303548e-06,3.830535207816048e-07,1
592,41,0.44878048780487806,6.452177704328102e-06,3.0407257850880785e-07,1
594,8,0.35714285714285715,0.016242829838473246,7.909146080296243e-06,9
595,19,0.9883040935672515,4.504909799581928e-08,1.8978715946346726e-07,15
597,22,0.7489177489177489,1.5207822607543978e-06,2.596147291381237e-07,1
598,16,0.8333333333333334,8.141015566387341e-08,2.2896418909557738e-07,1
599,23,0.9051383399209486,5.721235445469048e-07,1.9533961713594541e-07,15
600,24,0.8804347826086957,7.048574939988723e-07,1.964335219498724e-07,15
602,3,0.0,0.0006827836050464837,2.2500352497980863e-07,6
603,18,0.7973856209150327,4.082182595220059e-07,2.2637105446094429e-07,1
605,18,0.7647058823529411,1.309641634592746e-07,2.3831836658517693e-07,1
607,1,0.0,0.0,1.6390995523794623e-07,1
608,1,0.0,0.0,1.6390995523794623e-07,1
611,16,0.8166666666666667,9.91080155908024e-08,1.97426162622557e-07,1
612,15,0.6952380952380952,1.309641634592746e-07,2.302190189450711e-07,1
613,1,0.0,0.0,1.6390995523794623e-07,1
615,24,0.8659420289855072,5.697102000114145e-07,1.9659929728167505e-07,15
616,19,0.4678362573099415,1.7385096111865124e-06,3.687233887296507e-07,1
617,25,0.5766666666666667,1.9820809004087665e-06,2.6814995509200104e-07,1
618,24,0.5253623188405797,1.4266250696964238e-05,3.938336133615902e-07,1
619,26,0.6523076923076923,4.575244298973859e-07,2.68527388973933e-07,1
621,7,0.8571428571428571,0.0,1.781705258123272e-07,1
622,13,0.6282051282051282,0.0,1.9809814133155703e-07,1
623,17,0.7352941176470589,0.0,2.2604461604170697e-07,1
624,1,0.0,0.0,1.6390995523794623e-07,1
625,21,0.680952380952381,4.632961448097516e-07,2.1093538829048927e-07,1
626,14,0.7912087912087912,2.2299303507930538e-07,2.239853430316386e-07,1
627,24,0.9021739130434783,4.504909799581928e-08,1.9670346251134407e-07,15
628,12,0.9242424242424242,0.0,1.793969867416653e-07,15
631,11,0.7454545454545455,1.3162292041379345e-06,2.2448503719529892e-07,1
632,22,0.9047619047619048,5.721235445469048e-07,1.9395620118672776e-07,15
633,15,0.7619047619047619,1.0168224976199208e-07,1.9826822047686638e-07,1
635,22,0.8917748917748918,1.0418761754730275e-06,3.052453059081126e-07,15
636,25,0.6266666666666667,2.6709366760534395e-06,2.724791568580187e-07,1
638,1,0.0,0.0,1.6390995523794623e-07,1
639,11,0.5454545454545454,1.1086688250402818e-05,1.0579505320556725e-06,1
640,23,0.9209486166007905,4.504909799581928e-08,1.953738891452873e-07,15
642,2,1.0,0.0,1.6508509875596013e-07,1
643,24,0.8804347826086957,7.048574939988723e-07,1.964335219498724e-07,15
644,25,0.58,2.6155971256853535e-06,4.7389184372103556e-07,1
647,19,0.8128654970760234,9.685556069101143e-07,2.2056012717843495e-07,15
648,2,1.0,0.0,1.6580046350530394e-07,1
650,22,0.8917748917748918,0.0,1.9392662295145257e-07,15
653,28,0.5582010582010583,1.0528270435031278e-05,4.851612363534159e-07,1
654,33,0.49053030303030304,6.343042967857815e-06,4.0935794762784096e-07,1
655,6,0.8,2.833362232539648e-07,3.486021375812824e-07,1
657,7,0.6190476190476191,8.447869933595851e-08,1.994557898049232e-07,1
658,24,0.9021739130434783,4.504909799581928e-08,1.9670346251134404e-07,15
659,24,0.9021739130434783,4.504909799581928e-08,1.9670346251134404e-07,15
660,3,1.0,0.0,1.7196368751024478e-07,1
661,24,0.8804347826086957,7.048574939988723e-07,1.964335219498724e-07,15
662,24,0.894927536231884,6.340660542911562e-07,1.9668374821626279e-07,15
663,9,0.7222222222222222,7.0135977491444e-07,3.5575930670023655e-07,1
664,17,0.7352941176470589,4.6588275510676435e-07,2.3072997023908937e-07,1
665,18,0.9215686274509803,3.829173329644638e-07,1.8773061854617475e-07,15
667,3,1.0,0.0,4.046602059452705e-06,9
668,1,0.0,0.0,1.6390995523794623e-07,1
670,23,0.932806324110672,4.504909799581928e-08,1.954141582327786e-07,15
671,5,0.9,1.332005935722288e-07,7.269183145224921e-07,1
672,8,0.8928571428571429,3.8118467534924e-08,1.9224683206403637e-07,1
674,1,0.0,0.0,1.6390995523794623e-07,1
675,23,0.9011857707509882,0.0,1.9532970729819087e-07,15
677,22,0.6536796536796536,7.152648198082515e-06,3.576190389948768e-07,1
679,7,0.8571428571428571,6.798104802449804e-07,5.090281758303652e-07,1
681,23,0.8814229249011858,7.048574939988723e-07,1.9526951011785958e-07,15
682,13,0.5769230769230769,1.8230910434489099e-06,2.262115790465625e-07,1
684,20,0.7315789473684211,6.7309622976171e-07,2.0831654563743254e-07,1
685,17,0.7647058823529411,3.4238211776002416e-07,2.251688923616986e-07,1
1967,2,1.0,0.0,0.000591667440829121,1
3437,547,0.03223711084771414,0.2275240314417597,7.221309376892796e-06,3
3454,14,0.26373626373626374,0.0003266268417136958,1.6076156872407522e-07,3
3487,10,0.5555555555555556,0.00024354734164150764,1.3698597776679034e-07,3
3723,8,0.6785714285714286,0.00020424530347412244,1.3632169382134722e-07,3
3861,16,0.2,0.0007884246843930078,1.5913962210640884e-07,3
3961,7,0.7142857142857143,0.00015652452003290366,1.358741911726311e-07,3
3980,59,0.0853302162478083,0.025302030977019628,6.5095476818871744e-06,9
3989,6,0.4666666666666667,0.0005540812731473483,1.1122080821404027e-07,9
4011,4,0.8333333333333334,0.0,1.1064227142259156e-07,9
4031,11,0.43636363636363634,0.001338695765855173,3.341173160251655e-06,9
686,170,0.11562826313957536,0.035258492303374966,3.7454378255647997e-10,2
687,28,0.5370370370370371,2.8831348304884804e-06,2.66498129340625e-11,2
688,45,0.45151515151515154,1.6754313861367156e-05,3.726927241154576e-11,2
689,8,0.8571428571428571,3.468780545678084e-07,2.491855429505366e-12,2
690,9,0.8611111111111112,1.982160311816048e-08,5.712512690020586e-12,2
691,6,0.5333333333333333,0.0,2.5153096509657684e-12,2
692,1,0.0,0.0,2.3715875040984293e-12,2
693,14,0.7252747252747253,7.549908637078018e-07,1.2639487148168427e-11,2
694,54,0.46331236897274636,1.1395315249707282e-05,3.815654126035672e-11,2
695,41,0.5146341463414634,6.3945889094448685e-06,2.4359461185918856e-11,2
696,31,0.6365591397849463,2.042179641677205e-06,2.9478773391846294e-11,2
697,52,0.4193061840120664,0.0022429070890477255,3.4977740039355925e-10,2
698,68,0.13125548726953468,0.10146387771292557,4.858827250691349e-08,2
699,2,1.0,0.0,2.402901119418706e-12,2
700,7,0.8095238095238095,0.0,5.1332204385586386e-12,2
701,21,0.5857142857142857,8.163885408018506e-07,1.562588309022164e-11,2
702,8,0.8214285714285714,0.0,2.4893351747950034e-12,2
703,43,0.4141749723145072,0.0028272195436095946,3.298587507704729e-10,2
704,5,0.6,2.9791397543663814e-07,2.7137705500225108e-12,2
705,69,0.3269394714407502,3.8721044322350414e-05,4.13907618883292e-11,2
706,18,0.9411764705882353,0.0,1.7551288373746865e-11,2
707,10,0.6222222222222222,1.3509366410889138e-06,2.610220171303645e-12,2
708,29,0.5073891625615764,0.00030376035002888265,3.460864286421292e-10,2
709,17,0.7205882352941176,1.3020153561319446e-06,2.093657489794671e-11,2
710,8,0.75,9.91080155908024e-08,9.31982937631148e-12,2
711,20,0.7105263157894737,4.5491908497693166e-07,1.1107739245869995e-11,2
712,13,0.5,1.891311297524479e-06,2.660683068972768e-12,2
713,71,0.3235412474849095,0.005050610416165365,3.470655265498705e-10,2
714,14,0.6153846153846154,2.0647503248083836e-06,2.6335503906327705e-12,2
715,10,0.9333333333333333,0.0,8.046444262339714e-12,2
716,12,0.5909090909090909,4.276982815674508e-07,5.682188184355039e-12,2
717,4,1.0,0.0,4.3868589127834236e-12,2
718,30,0.5011494252873563,1.1531372728100177e-06,2.2491651552888696e-11,2
719,64,0.3998015873015873,0.003066836014402333,3.490485806614925e-10,2
720,18,0.49673202614379086,5.335829136089064e-07,1.2254717492135046e-11,2
721,5,0.8,3.849965221027324e-07,6.950848642000003e-12,2
722,14,0.7142857142857143,3.3803606494157013e-07,1.032285084994226e-11,2
723,12,0.7272727272727273,7.982674254607452e-07,1.005864621124488e-11,2
724,47,0.484736355226642,1.730164584190235e-05,2.9346299875715826e-11,2
725,8,0.8928571428571429,0.0,2.5337489067444066e-12,2
726,36,0.6190476190476191,2.951504768813916e-06,2.43113844536405e-11,2
727,26,0.5415384615384615,2.9254153455289382e-06,1.8257317412782324e-11,2
728,38,0.45376955903271693,7.2355358198775575e-06,2.775131173035807e-11,2
729,13,0.7307692307692307,1.1334762062829656e-05,3.3056390228339697e-10,2
730,15,0.6190476190476191,2.2536824504823535e-07,1.2026929247342922e-11,2
731,26,0.803076923076923,0.0,2.49511417272018e-11,2
732,14,0.6043956043956044,9.580441507110897e-07,2.6313835872659706e-12,2
733,8,0.5357142857142857,0.0,4.841358965511537e-12,2
734,23,0.4308300395256917,6.279270105446672e-07,1.3183527278759771e-11,2
735,5,0.8,0.0,1.1182551685504167e-11,2
736,14,0.4175824175824176,1.5491526722705186e-06,5.109536940857924e-12,2
737,16,0.7083333333333334,9.55684436054166e-07,1.508191228132936e-11,2
738,25,0.61,2.0946560599589154e-06,1.3813305018518243e-11,2
739,29,0.49014778325123154,2.680769924961929e-06,2.2573126370372085e-11,2
740,8,0.42857142857142855,3.592665565166587e-07,3.1664910537472146e-12,2
741,17,0.5955882352941176,7.680871208287185e-07,1.4927578271463466e-11,2
742,12,0.4393939393939394,1.999858171742977e-06,5.091439761496814e-12,2
743,3,1.0,0.0,2.4476437277047687e-12,2
744,2,1.0,0.0,2.509170460671772e-12,2
745,57,0.41040100250626566,0.002361509298898542,3.3770241193727976e-10,2
746,9,0.6944444444444444,3.303600519693413e-07,4.77206978937504e-12,2
747,57,0.34523809523809523,0.00253171865586394,3.5737066832236477e-10,2
748,19,0.5321637426900585,9.007574448116953e-07,1.4692577343834166e-11,2
749,2,1.0,0.0,2.387872388305087e-12,2
750,2,1.0,0.0,2.457107027663683e-12,2
751,12,0.7424242424242424,3.8118467534924e-08,1.2115859267473743e-11,2
752,38,0.6586059743954481,1.1717838151830694e-06,3.083637333965202e-11,2
753,13,0.6153846153846154,3.854992231165324e-06,3.314037753343041e-10,2
754,30,0.5977011494252874,2.310191725678326e-06,2.3255147554868544e-11,2
755,19,0.6023391812865497,1.1940316325663062e-06,1.0602170184680925e-11,2
756,10,0.6888888888888889,8.696531725204834e-07,7.893488022620353e-12,2
757,4,0.5,4.95540077954012e-07,2.546410301776377e-12,2
758,20,0.6157894736842106,8.887832252301549e-07,1.0765879649907383e-11,2
759,10,0.6222222222222222,0.0,9.934263093133679e-12,2
760,30,0.7126436781609196,1.0906988418695512e-06,2.7536810992497924e-11,2
761,8,0.75,3.8604388208414783e-07,9.614384876716064e-12,2
762,13,0.8717948717948718,2.532760398431617e-07,1.4460386534627148e-11,2
763,14,0.6043956043956044,0.0,9.811952420266239e-12,2
764,28,0.582010582010582,4.029665192852588e-06,1.842250690352565e-11,2
765,14,0.7362637362637363,1.5898824092811083e-06,1.4569039659500826e-11,2
766,35,0.5899159663865546,5.008753916097726e-06,2.5997672902698497e-11,2
767,8,0.7142857142857143,1.6518002598467065e-07,2.504997749317092e-12,2
768,14,0.4065934065934066,2.234649780106902e-06,4.891657715728594e-12,2
769,15,0.6,4.944391799913286e-05,3.3348323109178844e-10,2
770,27,0.3504273504273504,1.68614631329804e-05,1.336010129357724e-11,2
771,15,0.4380952380952381,2.19689434559612e-06,3.032302289895423e-12,2
772,18,0.6797385620915033,0.0005765460116330754,3.2491830966706303e-10,2
773,36,0.580952380952381,4.0740473551790557e-07,2.4274155890830867e-11,2
774,37,0.481981981981982,0.0012193499589302189,3.475321763803172e-10,2
775,2,1.0,0.0,2.387872388305087e-12,2
776,9,0.6666666666666666,2.2267805710890335e-05,3.23455897830458e-10,2
777,18,0.5490196078431373,3.5672862564788322e-06,1.0951188596789464e-11,2
778,16,0.6583333333333333,1.1107205984892574e-06,1.2732714950299447e-11,2
779,18,0.6666666666666666,1.670713730354475e-06,1.2906607883724049e-11,2
780,34,0.5757575757575758,3.29606446380255e-06,2.7983869321644997e-11,2
781,52,0.4411764705882353,6.264137095705642e-06,3.5759354152340816e-11,2
782,13,0.38461538461538464,4.763673963665056e-06,7.006778999555983e-12,2
783,18,0.6405228758169934,0.0,6.615733002732577e-12,2
784,40,0.5128205128205128,7.707163330368679e-06,2.1975038526088372e-11,2
785,3,1.0,0.0,2.5008775901471015e-12,2
786,9,0.5555555555555556,0.0,2.8845713252334366e-12,2
787,29,0.5172413793103449,2.6317872305537855e-06,1.7692066810697623e-11,2
788,4,0.6666666666666666,4.2946806756014376e-07,2.4382597184001335e-12,2
789,13,0.5641025641025641,1.1362026073088418e-06,2.661867610235674e-12,2
790,4,0.8333333333333334,0.0,4.614693025093697e-12,2
791,7,0.8571428571428571,9.91080155908024e-08,2.5182425648603218e-12,2
792,23,0.6403162055335968,7.329059204891264e-07,2.1808994057605234e-11,2
793,20,0.5894736842105263,1.0901757953730034e-06,8.303195192718758e-12,2
794,14,0.7912087912087912,1.2070848052725934e-07,1.0216691622421993e-11,2
795,18,0.5424836601307189,5.368350844501797e-07,6.343273430287428e-12,2
796,7,0.6666666666666666,8.589361351202875e-07,2.606181911587098e-12,2
797,26,0.5046153846153846,1.296701618043195e-06,1.339106337872912e-11,2
798,7,0.47619047619047616,0.0004979170471724364,3.100855968258089e-10,2
799,12,0.45454545454545453,2.4906788203831413e-06,7.651911525096583e-12,2
800,37,0.5345345345345346,0.001149637380652243,3.457156304913943e-10,2
801,1,0.0,0.0,2.3715875040984293e-12,2
802,5,1.0,0.0,2.4838314018313027e-12,2
803,20,0.3368421052631579,0.001441389363704919,3.158365383218329e-10,2
804,16,0.5083333333333333,0.0001823369485356492,3.309661101265917e-10,2
805,66,0.37435897435897436,0.00366654368708849,3.4930684130441744e-10,2
806,15,0.49523809523809526,1.3875122182712336e-06,2.6792794310664977e-12,2
807,20,0.7210526315789474,1.7743516555772337e-06,2.1652682339687504e-11,2
808,9,0.8611111111111112,0.0,3.158381848759314e-12,2
809,18,0.7320261437908496,1.6298670146381198e-07,8.554924755514076e-12,2
810,32,0.6532258064516129,0.0006697906920052163,3.332156334149053e-10,2
811,9,0.8333333333333334,1.7756317442681558e-06,3.2269257570235616e-10,2
812,8,0.7857142857142857,1.1584053770353527e-07,5.663356404286879e-12,2
813,10,0.5333333333333333,1.708524169868915e-07,7.117276298801435e-12,2
814,26,0.6276923076923077,1.7395817389952566e-06,2.4250388231654588e-11,2
815,39,0.5425101214574899,8.32429636122416e-06,3.4810059401657905e-11,2
816,9,0.6666666666666666,7.232525423471651e-07,4.759115428616335e-12,2
817,24,0.5579710144927537,1.6692420931941096e-06,2.1461995639357022e-11,2
818,16,0.44166666666666665,7.0552474811824555e-06,9.210607489457911e-12,2
819,37,0.5165165165165165,0.0011442875080045773,3.438361491475918e-10,2
820,38,0.43812233285917496,4.716451631598244e-06,2.7802650232217472e-11,2
821,9,0.75,1.1173942934257132e-07,3.625404708916259e-12,2
822,15,0.41904761904761906,4.856292763949317e-06,2.7683302371072483e-12,2
823,56,0.45324675324675323,0.002310402710783076,3.5275071725458196e-10,2
824,58,0.42710223835450695,2.3115937378013367e-05,3.722273180384433e-11,2
825,6,0.6,5.9437157306827e-06,3.160249132105975e-10,2
826,11,0.6363636363636364,0.0,7.900352302964253e-12,2
827,45,0.4777777777777778,4.884502513546516e-06,3.6975585560811015e-11,2
828,79,0.32684193443687115,0.004428588788698335,3.569918674204518e-10,2
829,34,0.5098039215686274,3.6002053249547553e-06,1.6971239359221966e-11,2
830,55,0.4356902356902357,0.003299754409133921,3.4457812727567415e-10,2
831,15,0.6095238095238096,1.1506602816952947e-06,1.2587831326866426e-11,2
832,4,0.8333333333333334,0.0,4.47554088902875e-12,2
833,15,0.3619047619047619,2.061210752822998e-06,4.899093635458663e-12,2
834,43,0.6090808416389811,3.6205134037287417e-06,3.158957457897139e-11,2
835,20,0.6368421052631579,4.304150583106198e-07,1.540505339827388e-11,2
836,12,0.5454545454545454,0.0,3.6919491585783134e-12,2
837,13,0.5897435897435898,2.9112979579798205e-07,1.4149759129346852e-11,2
838,22,0.7489177489177489,1.0966361784090735e-06,2.410158983785906e-11,2
839,15,0.5714285714285714,2.47770038977006e-06,2.6787707639793103e-12,2
840,27,0.6182336182336182,0.0005295107146662241,3.382002202446317e-10,2
841,2,1.0,0.0,2.3919014031038385e-12,2
842,37,0.5690690690690691,6.173366259970115e-06,2.385657535666151e-11,2
843,13,0.717948717948718,1.7068602685082637e-07,1.2358183477217937e-11,2
844,14,0.8351648351648352,3.7686031138519397e-07,1.4747097507869763e-11,2
845,23,0.5612648221343873,1.9333465181051657e-06,2.1899763668852032e-11,2
846,6,0.6,3.776785406160778e-07,7.0282354271628815e-12,2
847,27,0.7008547008547008,1.4708054544831282e-06,2.0704411093679213e-11,2
848,21,0.49047619047619045,7.845127830109714e-06,2.1536486309492193e-11,2
849,30,0.4482758620689655,8.90673147554214e-06,2.0518024803639286e-11,2
850,10,0.35555555555555557,2.8664633794982674e-06,5.0146378890700184e-12,2
851,4,1.0,0.0,9.013845880624398e-12,2
852,4,1.0,0.0,4.386858912783423e-12,2
853,44,0.5602536997885835,3.8283430344724575e-06,2.9176616870578554e-11,2
854,3,1.0,0.0,2.629186508420717e-12,2
855,4,1.0,0.0,4.386858912783423e-12,2
856,39,0.31713900134952766,0.00046587324187386236,3.699441121444449e-10,2
890,7,0.8095238095238095,6.005529030472475e-08,3.1793344336973263e-10,2
857,12,0.42424242424242425,0.00023518375480905464,5.4027197716794364e-08,3
858,5,1.0,0.0,3.1552573244017433e-10,2
859,2,1.0,0.0,3.0731897085409556e-10,2
860,2,0.0,0.039927653601779925,2.40145841365898e-07,2
861,10,0.8888888888888888,0.0,3.241897000454525e-10,2
862,24,0.4492753623188406,0.010954109756694086,2.2594576888562563e-07,3
863,11,0.8909090909090909,8.802356647867319e-08,3.2612548920285763e-10,2
864,5,0.8,1.6200348702342702e-07,3.135505487935951e-10,2
865,4,1.0,0.0,2.297474910062057e-09,3
866,5,0.7,0.0,3.132767856700955e-10,2
867,8,0.8214285714285714,0.0,3.210993623566389e-10,2
868,4,1.0,0.0,2.297474910062057e-09,3
869,7,0.9047619047619048,1.1650934721778922e-07,3.1816300627956265e-10,2
870,7,0.7142857142857143,0.0,3.1947387478447766e-10,2
871,7,0.6666666666666666,6.19425097442515e-07,6.594670362577257e-10,2
872,7,0.9523809523809523,0.0,3.1914428164580046e-10,2
873,6,1.0,0.0,3.171529552416161e-10,2
874,8,0.7142857142857143,1.2973201272137526e-05,5.961414815088323e-10,2
875,1,0.0,0.0,3.052775887566888e-10,2
876,11,0.8909090909090909,8.802356647867319e-08,3.2612548920285763e-10,2
877,4,1.0,0.0,3.113922387231398e-10,2
878,10,0.9333333333333333,8.802356647867319e-08,3.24115725262159e-10,2
879,6,0.7333333333333333,0.0,3.1746545450943693e-10,2
880,8,0.8214285714285714,0.0,3.2049760911504194e-10,2
881,7,0.7619047619047619,0.0,3.19486485446673e-10,2
882,8,0.9642857142857143,8.802356647867319e-08,3.200309098511967e-10,2
883,1,0.0,0.0,3.052775887566888e-10,2
884,4,0.8333333333333334,0.0,3.112246093039266e-10,2
885,9,0.6666666666666666,0.0,3.2302868387263555e-10,2
886,8,0.9642857142857143,0.0,3.1974057087919407e-10,2
887,6,1.0,0.0,3.171529552416161e-10,2
888,9,1.0,0.0,3.221078224387322e-10,2
889,13,0.7051282051282052,8.802356647867319e-08,3.301918268109089e-10,2
891,1,0.0,0.0,3.052775887566888e-10,2
892,1,0.0,0.0,3.052775887566888e-10,2
893,4,0.8333333333333334,1.6200348702342702e-07,3.115660887922642e-10,2
894,4,0.8333333333333334,0.0,3.1128277662270946e-10,2
895,6,0.8,0.0,3.1749273296809973e-10,2
3456,51,0.47215686274509805,0.0014693192275450574,2.7250583148085273e-07,3
3495,56,0.38896103896103895,0.0011469284899392573,2.7711399219998146e-07,3
3586,44,0.4788583509513742,7.58624676506734e-06,1.1306386826205889e-07,3
3621,11,0.4727272727272727,0.0,5.7468454063640326e-08,3
3626,8,0.4642857142857143,1.5227154199387718e-05,4.8224442662985126e-08,3
3797,43,0.4983388704318937,0.00044717666050482025,2.7069767795145845e-07,3
3501,50,0.5289795918367347,0.00046966261670495113,2.77500132072847e-07,3
3517,17,0.7132352941176471,4.7040554153253513e-07,6.80212302195929e-08,3
3550,19,0.4502923976608187,0.0003747336558426882,2.1335654305728246e-07,3
3577,52,0.5,0.000526140741967314,2.785859098344598e-07,3
3592,13,0.3333333333333333,0.0009683704798705546,2.0371118791560612e-07,3
3609,27,0.7094017094017094,0.00011454181363164638,2.379838747312419e-07,3
3633,65,0.40240384615384617,0.0007495046590849959,2.872685866281295e-07,3
3677,50,0.4,0.0009488137797149147,2.693498647581928e-07,3
3684,67,0.34780642243328813,0.0012371871230109053,2.8315550755916754e-07,3
3721,30,0.5678160919540229,0.00035492737605686045,2.550600355541362e-07,3
3779,19,0.30409356725146197,7.052050242969834e-06,9.852106333608036e-08,3
3872,14,0.43956043956043955,0.000354328217380016,2.0903786053542503e-07,3
3948,59,0.4091174751607247,0.0007214303022500405,3.210487593446767e-07,3
2678,9,0.8055555555555556,4.454296145495707e-07,6.190351867370188e-07,6
2760,11,0.4909090909090909,1.7661313802528288e-06,5.078890728959477e-07,6
2822,14,0.5934065934065934,7.722549379967166e-06,9.136971187562718e-07,6
2883,15,0.3523809523809524,1.5155436988433415e-05,1.617169784197687e-06,6
2941,11,0.5454545454545454,9.617242299813608e-06,5.130493404993084e-07,6
2968,13,0.3333333333333333,2.7985578371942303e-05,1.0167523690805694e-06,6
3005,43,0.27464008859357697,4.2299037793906076e-05,1.1723757175570157e-06,6
3057,17,0.35294117647058826,1.1767763606945453e-05,6.912467945720407e-07,6
3136,62,0.23426758328926495,0.00030878874040109357,1.1941568510029157e-06,6
3164,10,0.6222222222222222,1.4778990241107651e-06,7.707264463160748e-07,6
3222,15,0.5333333333333333,7.035769158499655e-06,1.3040294500610775e-06,6
3245,14,0.4945054945054945,1.0033686650177176e-05,1.418979451995531e-06,6
3248,31,0.23870967741935484,8.376710971680918e-05,9.733654138704232e-07,6
3263,58,0.17604355716878403,0.000332079443029848,2.1459305970749514e-06,6
3278,19,0.4619883040935672,9.354903897129214e-06,1.6453028916138007e-06,6
3328,18,0.1830065359477124,9.434335841269697e-06,4.3391366322438194e-07,6
3361,14,0.42857142857142855,5.552753960041795e-06,8.880880136731673e-07,6
3440,26,0.5230769230769231,0.0005754486937694691,2.639971865855025e-07,3
3525,36,0.42698412698412697,0.0010648779330059224,2.563106892070237e-07,3
3540,34,0.47771836007130125,0.0005808209585974162,2.520676805215987e-07,3
3556,13,0.47435897435897434,0.00014981307310988132,2.0710800603099217e-07,3
3561,14,0.31868131868131866,0.0009234579565047487,3.3751319506953613e-06,3
3651,32,0.5766129032258065,0.00029140105123930793,2.3656906540778895e-07,3
3674,38,0.5092460881934566,0.0004691884228234657,2.606104055289252e-07,3
3692,38,0.65149359886202,0.00024222435255374323,2.657517805941938e-07,3
3741,18,0.6928104575163399,0.0002883864282808203,2.2225701327553592e-07,3
3750,29,0.5147783251231527,0.00023262213157108008,2.516614234312546e-07,3
3756,61,0.3737704918032787,0.0009412895075076671,2.8111750928764623e-07,3
3830,108,0.1806853582554517,0.006374834523954027,3.4129152378395395e-07,3
3851,60,0.43107344632768363,0.0012213856734971606,2.826647925822579e-07,3
3877,55,0.37575757575757573,0.0011162230278763392,2.728037258458437e-07,3
3886,29,0.5517241379310345,0.00047015326090814785,2.320897957536839e-07,3
3943,25,0.7533333333333333,0.0002792472276036084,2.5005864626360334e-07,3
3962,39,0.5519568151147098,0.0004743921184398245,2.6452289431882876e-07,3
2677,15,0.2571428571428571,1.5828231967687177e-05,9.818251282819914e-07,6
2826,10,0.3111111111111111,1.2736788878664576e-05,9.809105295657987e-07,6
2724,70,0.282815734989648,0.00016238591430317828,4.766172380451775e-06,6
2752,7,0.42857142857142855,5.980893440861616e-06,9.250253571790378e-07,6
2775,27,0.5270655270655271,9.147016436210404e-06,1.2556168286064942e-06,6
2869,70,0.484472049689441,0.00019626565306819213,3.621515778715768e-06,6
2892,29,0.45073891625615764,1.3353158388563616e-05,1.3513553702574535e-06,6
2962,19,0.3684210526315789,2.775425835556661e-05,9.734923945528002e-07,6
3001,35,0.3563025210084034,2.1555994199896637e-05,1.2671547097811726e-06,6
3019,70,0.27867494824016564,0.00010458673308502418,1.9387513949400376e-06,6
3100,34,0.36185383244206776,8.883091011653127e-05,1.9030273617624053e-06,6
3162,57,0.3508771929824561,5.925465712641467e-05,4.678211510033033e-06,6
3168,48,0.41843971631205673,7.134837125613061e-05,4.70482956398338e-06,6
3233,63,0.31131592421915005,8.158269521271538e-05,4.800426680212894e-06,6
3295,46,0.41545893719806765,3.417651043867617e-05,1.4492068783869484e-06,6
3304,35,0.453781512605042,4.5087251735317295e-05,1.0006260422752237e-06,10
3331,36,0.2,2.4550288318109032e-05,1.261070306403802e-06,6
3366,62,0.3157059756742464,7.642781547069159e-05,4.906329913383194e-06,6
3404,18,0.41830065359477125,8.647859661086062e-05,1.051784575308005e-06,6
3406,70,0.38343685300207037,0.00012503856022411057,6.336242861817101e-06,6
3412,45,0.4626262626262626,6.534178388864303e-05,4.538318397300897e-06,6
2813,27,0.19943019943019943,3.767835599915605e-05,8.157625327733655e-07,6
2971,4,0.6666666666666666,5.5060008661556886e-08,3.918353990242165e-07,6
3034,43,0.24141749723145073,4.2520860302923714e-05,1.3182611196553884e-06,6
3178,25,0.2833333333333333,1.885143175354658e-05,3.788120004912161e-06,6
3410,16,0.7416666666666667,1.5169032386258925e-06,5.36171253093712e-07,6
3420,23,0.541501976284585,2.9728169291959052e-06,6.329462804193123e-07,6
2976,41,0.4097560975609756,3.290111024676516e-05,1.2866892048018993e-06,6
3011,42,0.3333333333333333,4.719359602002883e-05,9.227192797224806e-07,6
3179,68,0.4363476733977173,2.3588830566018805e-05,2.3312664839489883e-06,6
3289,19,0.30994152046783624,7.579004026672045e-05,9.242515594260687e-07,6
1920,123,0.6418765827002533,6.347754151808755e-05,0.006261370976789765,4
1941,223,0.3705813436755141,0.0023947446022904353,0.05169542847204562,4
1948,108,0.7114918656974731,2.4394188031118782e-05,0.005524310546913967,4
1959,121,0.5348484848484848,0.00024351955832251765,0.0063221206781369065,4
2028,106,0.6975741239892184,1.9113018993200057e-05,0.005298949468613426,4
2047,205,0.30636059301769486,0.0014818349578298571,0.007541283258807997,4
2053,115,0.6006102212051869,6.022468331341198e-05,0.00592719717217076,4
2065,26,0.6123076923076923,2.350539561740875e-05,0.004272518568790517,4
2087,156,0.5621174524400331,0.00034116370905537595,0.007228716626302991,4
2125,121,0.6260330578512396,3.609302702179694e-05,0.005732611680655745,4
2132,94,0.5616563715396934,0.00020859601742295503,0.00392423309455265,4
2134,85,0.6988795518207283,9.298512162916131e-05,0.004423075930858118,4
2148,90,0.7176029962546816,2.450642087613955e-05,0.004894419062651841,4
2149,128,0.6122047244094488,3.9294880629521616e-05,0.005556668277306824,4
2169,109,0.6591913013931363,4.229058383761915e-05,0.004901907325594424,4
2191,88,0.7567920585161965,2.1674274961990252e-05,0.00540644282978136,4
2194,109,0.655113829425756,4.1323139269067636e-05,0.0056267990913093004,4
2196,110,0.7095913261050876,1.6976422868389442e-05,0.005575330501579652,4
2198,55,0.7185185185185186,5.017864839138059e-06,0.0024152412647792105,4
2239,44,0.6035940803382663,1.7013665288016783e-05,0.003218243857817924,4
2266,234,0.5933017864348337,0.0009727265036332391,0.08697945767553396,14
2282,154,0.5317884729649436,0.00018991373676363772,0.006469528777376509,4
2285,55,0.6841750841750842,2.096524236418021e-05,0.003171518666009979,4
2293,54,0.8190076869322153,4.369351010161999e-06,0.004471304717030131,4
2315,73,0.7941400304414004,2.8259770199978708e-06,0.004316016167068719,4
2328,166,0.48258488499452357,0.0004777885658460899,0.00781457675317668,4
2332,103,0.6632400533028745,2.7789182473183107e-05,0.005226260836956813,4
2333,160,0.48907232704402515,0.000360006762893375,0.007606110288571963,4
2338,109,0.6751613999320422,9.19529364175597e-06,0.005905216111499787,4
2347,291,0.3996445076430857,0.002820923793949777,0.08033390621026643,14
2351,110,0.678231859883236,1.3981819347533255e-05,0.006095867999333922,4
2368,79,0.6075949367088608,0.00021970465075940847,0.0034738435401446754,4
2372,105,0.6600732600732601,4.233753198954685e-05,0.005032427506375663,4
2385,57,0.62468671679198,0.00012829598234545016,0.003766958778609524,4
2399,77,0.6114149008885851,7.258903040211512e-05,0.003393188819627552,4
2420,81,0.7759259259259259,1.1987484808041095e-05,0.00556900378147581,4
2496,22,0.9090909090909091,0.0,0.0017976861321458357,4
2501,76,0.4792982456140351,0.0001543161419846454,0.007226095588927734,4
2509,134,0.5461788800359106,0.0001838066793365446,0.005125407512050329,4
2512,105,0.5124542124542124,0.0006796293304162455,0.00898275526017995,4
2516,88,0.6442006269592476,1.5467317953443315e-05,0.004730231361475546,4
2530,29,0.5714285714285714,1.7508699102766694e-05,0.004001072536836155,4
2542,197,0.6890603957318968,0.005363144320053549,0.07899054475610819,14
2555,135,0.6121614151464898,3.323610444193687e-05,0.006587686141810187,4
2567,116,0.6353823088455772,3.477455041667602e-05,0.00731433412928956,4
2592,125,0.5849032258064516,9.312353776036766e-05,0.006572109796256534,4
2597,105,0.6424908424908425,2.8396705599246665e-05,0.0065691624137427865,4
2608,99,0.5662749948464234,7.430849931062339e-05,0.004344478244577911,4
2642,127,0.4360704911886014,0.00043728131906318096,0.005239899503263452,4
2725,8,0.35714285714285715,7.1653093090017e-06,5.236830178162188e-07,6
2734,26,0.15692307692307692,2.886475625403738e-05,6.167739170645298e-07,6
2764,25,0.31333333333333335,4.950277982251379e-05,1.3875615672462296e-06,6
2964,18,0.21568627450980393,2.9120104254033035e-05,6.997908904123734e-07,6
3020,37,0.17717717717717718,0.00011612108732296399,1.0812033867442244e-06,6
3062,32,0.37298387096774194,2.3914826794964048e-05,8.103846771267466e-07,6
3079,39,0.5384615384615384,2.1212060638629107e-05,1.1385917848325883e-06,6
3165,7,0.6666666666666666,5.797711652304807e-06,5.51314314282399e-07,6
3205,15,0.21904761904761905,2.291539108362248e-05,6.373877208094624e-07,6
3258,47,0.44680851063829785,0.00018813548605968664,4.771091273327941e-06,6
3386,52,0.43137254901960786,3.938388502739568e-05,1.9825061531235904e-06,6
3409,16,0.3,1.0999732764069006e-05,6.050343993729502e-07,6
2693,18,0.3202614379084967,4.7131575588547324e-05,9.288730493203004e-07,6
2979,18,0.24183006535947713,2.4874543563788445e-05,1.0727921476665913e-06,6
3101,122,0.3838233301720634,0.00024853813376308955,1.0964301573587827e-05,6
3265,48,0.7375886524822695,8.055644159246971e-05,5.66156977344105e-06,6
3385,53,0.2656023222060958,0.0002746137444809166,1.52582874556458e-06,6
1913,19,0.7192982456140351,8.137681347846992e-06,0.0009652614673615779,4
1916,79,0.6806231742940604,3.42441373384055e-05,0.0030234283637886232,4
1940,93,0.6979897148200094,9.357302959951534e-06,0.004658769163219662,4
1947,120,0.5686274509803921,0.00015025102284513058,0.00489333525253254,4
1954,93,0.5046750818139317,0.0006502336644904964,0.0034707609284504236,4
1994,64,0.808531746031746,2.172623514986836e-06,0.004601193155413201,4
2002,85,0.6112044817927171,1.3381854588650506e-05,0.004581775799554858,4
2010,84,0.8029259896729777,2.630193256288932e-06,0.003940320155616813,4
2026,96,0.5114035087719299,8.225855179984908e-05,0.01041369562682385,4
2052,106,0.72848158131177,1.3006654247624383e-05,0.005332447387625891,4
2062,76,0.5470175438596491,0.00013769807126883232,0.006209374874221052,4
2101,71,0.6366197183098592,5.818714642855584e-05,0.002828317182492146,4
2137,49,0.6632653061224489,8.32290733482946e-06,0.005909766186372822,4
2144,78,0.7718947718947718,2.1704245112770827e-05,0.004051838698408687,4
2151,86,0.7493844049247605,8.45276168879929e-06,0.004739971651585424,4
2163,31,0.6129032258064516,7.758198942242223e-06,0.0026027440017918424,4
2176,117,0.48320070733863835,0.0002827045349416871,0.00416996518052921,4
2215,58,0.6388384754990926,3.630489220390751e-05,0.003928553847482058,4
2241,119,0.6621563879789204,1.8271403627857637e-05,0.005420740803316477,4
2246,95,0.6777155655095185,1.902506884465414e-05,0.004778932824551873,4
2273,91,0.7032967032967034,1.4869283410768355e-05,0.004002847446956548,4
2294,122,0.5829833355913833,0.0001015728551502549,0.004278946356136519,4
2295,23,0.758893280632411,2.1264891593298457e-06,0.0016800908638808494,4
2298,17,0.5,2.2706388025647047e-05,0.0013174461179417008,4
2343,79,0.7445634534242129,1.9798372966864376e-05,0.003906063217356734,4
2344,121,0.5410468319559228,0.0001843489022983259,0.004868228450787666,4
2355,30,0.5471264367816092,1.346371904411901e-05,0.0019590967811479814,4
2377,94,0.6250285975749257,5.429495670078355e-05,0.0038757053425084774,4
2389,28,0.42592592592592593,4.254461535035902e-05,0.0010525550080400453,4
2394,95,0.6047032474804032,0.00013283045436265697,0.003895977859870621,4
2413,17,0.7941176470588235,8.75937732521924e-06,0.0009038215060146909,4
2419,109,0.5341488277268094,0.0001361639749506556,0.004127340804396006,4
2465,60,0.8576271186440678,2.5101640648173713e-06,0.0034323970390947732,4
2468,177,0.553030303030303,0.0014575944365008953,0.06282642254002045,14
2519,35,0.7647058823529411,6.984445092431239e-07,0.0020934681684709046,4
2544,30,0.6275862068965518,6.214919492973668e-06,0.0023408418052033027,4
2582,101,0.7106930693069307,1.5515938460466106e-05,0.0048587906496551005,4
2588,91,0.7028083028083028,3.0264721441200393e-05,0.0040651112501452185,4
2594,94,0.5099519560741249,0.00010418959282559649,0.004863551545729359,4
2605,17,0.5588235294117647,4.849483400622627e-06,0.001910197655002191,4
2609,49,0.9379251700680272,9.562451063689091e-08,0.0035350437925949375,4
2616,100,0.616969696969697,4.1770343507461125e-05,0.004368482918460893,4
2903,8,0.6071428571428571,1.1549015583023445e-06,4.0627947059966607e-07,6
2938,20,0.32105263157894737,0.00011343613542503431,5.566167112068658e-07,6
2999,30,0.28045977011494255,0.00015557143604670758,5.492013012939598e-07,6
3201,92,0.5212613473483039,6.47822245701239e-05,1.0003804722152349e-05,6
3319,26,0.3323076923076923,1.7400165684783513e-05,1.1061750186929681e-06,6
3355,54,0.6009783368273934,3.750984898096139e-05,8.653849038822262e-06,6
3097,41,0.22439024390243903,3.730520939753477e-05,1.2968890264969039e-06,6
2707,15,0.3619047619047619,1.4297466036630536e-05,8.430054575649658e-07,6
3111,52,0.36048265460030166,0.0001764489719822867,1.4072969869367538e-06,6
3186,23,0.3557312252964427,0.00010238303957980621,3.9373842855203606e-06,6
2661,99,0.4683570397856112,3.420369207912295e-05,9.998506027090134e-06,6
2662,37,0.4114114114114114,1.9008385026669152e-05,4.225051206074723e-06,6
2663,26,0.5076923076923077,1.6137498610038091e-06,3.052812261991183e-07,10
2664,83,0.5548045841904202,0.00010788322013623172,5.378295459050067e-07,10
2665,50,0.2710204081632653,0.00017715985463676333,1.3212829894031491e-06,6
2666,61,0.6338797814207651,7.30468579155878e-06,4.545043182062106e-07,10
2667,20,0.3157894736842105,5.219688821115593e-06,4.3595275201047156e-07,6
2668,34,0.23885918003565063,6.46078432657741e-05,3.8640203073929215e-06,6
2669,97,0.5375859106529209,3.9985842129250385e-05,5.879390128482495e-07,10
2670,19,0.7953216374269005,4.1862245596389743e-07,2.735955327581448e-07,12
2671,6,1.0,0.0,2.58518552730938e-07,6
2672,37,0.5885885885885885,1.0317832593136092e-06,8.493321753329083e-07,6
2673,29,0.6477832512315271,1.1798923065689901e-06,3.3598695648336883e-07,10
2674,70,0.631055900621118,4.5967696072700775e-06,6.147533676228126e-06,6
2675,38,0.41963015647226176,0.00011104153367082965,8.77026048737159e-07,6
2676,83,0.5642080517190714,1.491672744653674e-05,5.341864000136971e-07,10
2679,94,0.46007778540379773,0.0012212605804137557,5.818659911745496e-07,10
2680,53,0.6088534107402032,2.492479067980078e-06,4.296167956722926e-07,10
2681,45,0.5606060606060606,3.295939006954957e-05,3.9171138778317043e-07,10
2682,16,0.5916666666666667,0.0,4.409340817293826e-07,6
2683,78,0.43356643356643354,0.00015481122294135803,4.871795739659232e-07,10
2684,28,0.708994708994709,9.815287617929637e-07,7.191493725250152e-07,6
2685,12,0.5454545454545454,9.704326526599402e-07,3.888018505330447e-07,6
2686,24,0.45652173913043476,9.611780607944987e-07,5.105422335409679e-07,6
2687,21,0.7619047619047619,9.268686897628841e-08,8.737196998738389e-07,6
2688,11,0.36363636363636365,2.4062291578168773e-05,3.3279419141130316e-06,6
2689,67,0.5707824513794663,3.1413872928460025e-05,4.7534284918553185e-07,10
2690,31,0.22580645161290322,1.5409526638377084e-05,5.71319373223154e-07,6
2691,3,1.0,0.0,2.431509896174366e-07,6
2692,5,0.8,3.303600519693413e-08,3.3794615852034305e-07,6
2694,93,0.5081813931743806,0.00017797654418004572,6.559963788900424e-07,10
2695,11,0.8181818181818182,0.0,2.72344413821105e-07,10
2696,19,0.39766081871345027,6.568115373574349e-06,4.455028591649577e-07,6
2697,16,0.5166666666666667,0.0,4.4336656557220587e-07,6
2698,69,0.6197783461210571,3.7230729466719897e-06,4.931369590904967e-07,10
2699,13,0.9358974358974359,8.259001299233534e-08,2.62721595560034e-07,12
2700,15,0.20952380952380953,4.2994001049152846e-06,3.478893226484441e-07,6
2701,26,0.8246153846153846,4.002269657023399e-07,5.666640211386572e-07,6
2702,24,0.3333333333333333,1.5831416391558258e-06,5.908588111889919e-07,6
2703,18,0.8562091503267973,2.5344242997922683e-07,2.7190465184221156e-07,12
2705,27,0.6837606837606838,1.2271632287022243e-06,3.364033118471802e-07,10
2706,67,0.47715965626413387,8.013861917328248e-06,4.62126769501191e-07,10
2708,34,0.6541889483065954,2.0060179908685296e-06,9.104374591027952e-07,6
2709,12,0.4090909090909091,1.735199156519198e-05,3.4051425088277353e-06,6
2710,13,0.5256410256410257,0.0,2.6885698627544544e-07,10
2711,31,0.34623655913978496,6.855094839622064e-06,7.061932273865836e-07,6
2712,44,0.5126849894291755,1.2576706561028405e-06,2.0575738246456563e-06,6
2713,31,0.4860215053763441,4.3148743875693445e-06,1.1382886475957064e-06,6
2714,3,0.6666666666666666,2.47770038977006e-07,2.517429316964351e-07,6
2715,32,0.3024193548387097,6.0982154431450565e-05,6.9847824100043656e-06,6
2716,95,0.29720044792833145,0.00021969432274292344,9.173613347013053e-06,6
2717,54,0.7638015373864431,1.9156073790696415e-06,4.3744420117351864e-07,10
2718,37,0.3303303303303303,0.00013984461256856892,3.906340666946068e-06,6
2719,100,0.42363636363636364,2.753139698336975e-05,3.4124579354920727e-06,6
2720,49,0.4574829931972789,2.152646955326954e-05,4.876023336467669e-06,6
2721,6,1.0,0.0,2.58518552730938e-07,6
2722,3,1.0,0.0,3.365275016233655e-07,6
2723,12,0.45454545454545453,9.25740101605221e-06,3.627434961427469e-06,6
2726,17,0.5955882352941176,0.0,2.802181369809368e-07,10
2727,13,0.4230769230769231,4.60943036060767e-06,3.4693750682255445e-06,6
2728,38,0.5064011379800853,1.0138586854015002e-05,8.605417765508086e-07,6
2729,63,0.46953405017921146,0.00012332877943369401,4.6514668634245e-07,10
2730,89,0.20250255362614913,0.000537729971258728,7.4713320655374895e-06,6
2731,29,0.6527093596059114,3.814853649900157e-06,3.240707559979759e-07,10
2732,8,0.9642857142857143,0.0,2.518380060522375e-07,6
2733,24,0.6666666666666666,9.355535527545354e-07,6.669353437416842e-07,6
2735,19,0.23391812865497075,0.0,5.215317611439152e-07,6
2736,5,1.0,0.0,2.583532395683884e-07,6
2737,21,0.4095238095238095,7.250580815922356e-07,6.320328002030293e-07,6
2738,83,0.4025859535703791,0.0001110597947080367,5.737422730285251e-07,10
2739,31,0.3741935483870968,5.237924086537249e-05,3.755503015561224e-06,6
2741,57,0.4692982456140351,5.071500520230797e-05,4.251163229049203e-07,10
2742,116,0.4058470764617691,9.710641666719753e-05,1.0360828005734471e-05,6
2743,51,0.4949019607843137,1.5140669281706974e-05,3.995804100301246e-07,10
2744,13,0.5897435897435898,2.5343335415362325e-06,4.3581575099178647e-07,6
2745,33,0.4375,1.2932440258883763e-05,3.4485363522140877e-07,10
2746,15,0.7904761904761904,1.7534495066065042e-08,2.9893237681124473e-07,10
2747,13,0.5769230769230769,9.03573632034173e-06,3.65229271970876e-06,6
2748,75,0.34954954954954953,9.903110595265398e-05,5.675334142102389e-06,6
2749,53,0.5616835994194485,4.800887651008671e-06,4.2489487062545874e-07,10
2750,85,0.5834733893557423,5.342350024741601e-06,5.44661748203077e-07,10
2751,35,0.32100840336134456,4.8080698136916476e-05,4.086492319744223e-06,6
2753,52,0.555052790346908,9.546329067712606e-06,5.344930982649836e-06,6
2754,122,0.4083457526080477,0.00019152476451374261,7.045743846879319e-07,10
2755,89,0.559244126659857,4.6703129049979846e-05,5.556209636408221e-07,10
2756,45,0.6404040404040404,2.3860685046818204e-05,3.8707917265945905e-07,10
2757,83,0.5480458419042021,2.0203712458808898e-05,5.353825832490096e-07,10
2758,46,0.3516908212560386,0.00012804063059585795,9.722848699906525e-07,6
2759,22,0.26406926406926406,6.431009011669844e-06,3.2838127835846737e-07,10
2761,28,0.582010582010582,2.400781290414311e-06,3.2604063260397096e-07,10
2762,21,0.319047619047619,1.7947596394786773e-06,5.986821675194028e-07,6
2763,63,0.463389656938044,9.91612168292321e-05,4.4355084059561435e-07,10
2765,47,0.7955596669750231,1.3872350610548908e-06,5.512612930011994e-06,6
2766,13,0.5512820512820513,0.0,2.726985913415332e-07,10
2767,6,1.0,0.0,2.4992499580481393e-07,12
2768,29,0.29064039408866993,0.00018605078812845274,6.117713019885224e-07,6
2769,12,0.5303030303030303,0.0,2.683377262588735e-07,10
2770,41,0.8439024390243902,5.055585576612389e-07,5.157921850015395e-06,6
2771,14,0.6483516483516484,1.1397421792942276e-06,3.241253466424209e-07,6
2772,34,0.17825311942959002,2.7541311013728883e-05,8.202409128094208e-07,6
2773,57,0.5344611528822055,5.078341151607724e-05,4.289293980341956e-07,10
2774,6,0.9333333333333333,0.0,2.4827112071012127e-07,6
2776,6,0.7333333333333333,0.0,2.4880321413909257e-07,6
2777,83,0.5633264766382604,4.129317327071977e-05,5.340871233749941e-07,10
2778,95,0.4311310190369541,0.0001402959380727527,9.16916004149276e-06,6
2779,19,0.783625730994152,7.669072635002567e-08,5.108870596809508e-07,6
2780,59,0.2863822326125073,0.00010207465668390728,7.922130483908878e-06,6
2781,66,0.4027972027972028,5.458116859811572e-05,5.519075234263145e-06,6
2782,98,0.4965285083105407,0.00015630667525939117,5.829480918717834e-07,10
2783,33,0.36553030303030304,0.00011989609395941781,8.930874983873072e-07,6
2784,28,0.2671957671957672,6.867359580312681e-06,5.869421321417261e-07,6
2785,44,0.3488372093023256,8.224268067380011e-05,7.295280206003484e-06,6
2786,102,0.45466899631139585,0.0001630867090780654,5.852633541695831e-07,10
2787,49,0.28316326530612246,5.2426930229750883e-05,4.7857524148479075e-06,6
2788,3,0.3333333333333333,0.003159612778174924,7.467415329289507e-06,6
2789,19,0.43859649122807015,1.2862411309115845e-06,2.831678305565282e-07,10
2790,9,0.4722222222222222,1.292533703330048e-06,4.157926643260577e-07,6
2791,12,0.2878787878787879,0.0,3.6846224665129576e-07,6
2792,3,1.0,0.0,2.431509896174366e-07,6
2793,99,0.4444444444444444,6.407761893812412e-05,1.3130905382041746e-05,6
2794,19,0.7660818713450293,8.845852528346054e-07,2.9389535980785487e-07,10
2795,24,0.2753623188405797,6.137489365053083e-06,3.760074055351423e-06,6
2796,60,0.5485875706214689,9.055729027786323e-06,2.100604103917476e-06,6
2797,27,0.6638176638176638,3.175241408133031e-05,3.736637368690185e-06,6
2798,3,0.6666666666666666,0.0,2.466734046214802e-07,10
2799,8,0.9642857142857143,0.0,2.5206334367246623e-07,6
2800,82,0.5597711532670883,0.00014960605483870475,5.31027363558751e-07,10
2801,10,0.8,1.6518002598467065e-07,3.615571212005269e-07,6
2802,10,0.6888888888888889,1.8361859441674003e-07,6.936610415428159e-07,6
2803,22,0.2510822510822511,4.8531435918428296e-06,3.568437508327043e-06,6
2804,9,0.4722222222222222,0.0,4.283482080584595e-07,6
2805,8,0.4642857142857143,0.0,2.5354442731280466e-07,6
2806,50,0.4595918367346939,7.335288400764372e-06,3.9879362475815733e-07,10
2807,22,0.4025974025974026,1.282360042565252e-06,2.8736689739847583e-07,10
2808,3,1.0,0.0,2.457569161143911e-07,6
2809,19,0.49707602339181284,4.216566875719276e-06,2.8690636900317556e-07,10
2810,58,0.5160314579552329,1.4361211580106527e-05,4.3155844773303604e-07,10
2811,7,0.47619047619047616,5.533530870486467e-07,3.6598986624528857e-07,6
2812,25,0.18666666666666668,1.4445601077649869e-05,5.715795791505685e-07,6
2815,57,0.6804511278195489,3.0440820010799917e-06,4.469355002195784e-07,10
2816,11,0.8363636363636363,0.0,4.01112108992002e-07,6
2817,5,1.0,0.0,2.466035123965895e-07,6
2818,16,0.21666666666666667,4.410306693790707e-06,3.551788073241915e-07,6
2819,24,0.27898550724637683,2.621446340954338e-06,6.455860176103148e-07,6
2820,15,0.5428571428571428,2.7667654352432336e-06,3.4570076926430394e-07,6
2821,13,0.5897435897435898,3.923615994210517e-06,2.7192325709342935e-07,10
2823,38,0.6372688477951636,4.511746197000929e-06,1.055283001084801e-06,6
2824,6,1.0,0.0,2.58518552730938e-07,6
2825,20,0.3,3.6019256575323945e-06,6.73351050141057e-07,6
2827,75,0.6018018018018018,9.580984331267169e-06,5.067221371132355e-07,10
2828,78,0.5547785547785548,2.5685680594688157e-05,9.262426814940694e-06,6
2829,28,0.6772486772486772,4.504909799581928e-08,6.547865736578697e-07,6
2830,22,0.6363636363636364,2.9368522939714704e-06,3.875463729559038e-06,6
2831,18,0.5098039215686274,1.189400294598538e-05,3.6707580459320753e-06,6
2832,30,0.2988505747126437,4.661803096600714e-05,4.086925707184953e-06,6
2833,82,0.49262270400481784,1.4193999339074738e-05,6.14216817359464e-06,6
2834,9,0.8055555555555556,0.0,2.570364827898798e-07,12
2835,44,0.572938689217759,1.4782510101146647e-05,4.0090728094845094e-07,10
2836,31,0.2645161290322581,2.2543337332034082e-05,6.193174822371862e-07,6
2837,14,0.6153846153846154,1.7548108804470367e-06,2.685103618012265e-07,10
2839,137,0.3992056676685273,0.0003460480051056173,6.995889720052073e-07,10
2840,33,0.42803030303030304,9.408190543851656e-06,8.393085808318083e-07,6
2841,31,0.24946236559139784,1.8177668573836852e-05,5.404775631901268e-07,6
2842,1,0.0,0.0,2.3984056377714133e-07,6
2843,29,0.5886699507389163,1.2329441840974496e-05,5.730143817982691e-07,6
2844,29,0.29064039408866993,6.2158514393616075e-06,7.452686531713271e-07,6
2845,26,0.4676923076923077,2.0040892903283175e-06,6.59006428470695e-07,6
2846,27,0.6780626780626781,1.9392412314986417e-06,8.779537602282065e-07,6
2847,12,0.2878787878787879,8.925620689814526e-07,3.8185964875885015e-07,6
2848,21,0.23333333333333334,2.3152989127934298e-05,3.6615469817907485e-06,6
2849,81,0.5540123456790124,1.2893850504945722e-05,9.638447463964248e-06,6
2850,33,0.678030303030303,7.244197669290003e-07,3.5819218525063646e-07,10
2851,22,0.4935064935064935,1.335251478957596e-06,2.8900681512985714e-07,10
2852,11,0.8363636363636363,1.32697371124535e-07,2.7852906444854305e-07,10
2853,62,0.6599682707562137,3.309964240152905e-06,5.912238493848372e-06,6
2854,36,0.37936507936507935,3.8615753741582845e-06,3.470190585079494e-07,10
2855,4,1.0,0.0,3.242465411116603e-07,6
2856,18,0.33986928104575165,5.302868762772159e-06,3.8655836773677704e-07,6
2857,2,1.0,0.0,2.415928953871872e-07,6
2858,17,0.33088235294117646,1.128533534673839e-06,3.74846750168542e-07,6
2859,20,0.39473684210526316,1.6174056310594225e-06,7.232889198814958e-07,6
2860,3,1.0,0.0,2.841381229553705e-07,6
2861,11,0.6727272727272727,4.501155708082276e-07,2.573538470323742e-07,6
2862,72,0.5442097026604069,0.016112736815128974,4.897705084108962e-07,10
2863,104,0.34820761762509334,0.00024268212951208802,9.86840014131861e-06,6
2864,75,0.5297297297297298,0.00011059493241323877,5.067633732665463e-07,10
2865,39,0.3522267206477733,0.00024387224594350548,6.550459890904343e-07,6
2866,78,0.5870795870795871,1.3104899726274566e-05,5.185987723861327e-07,10
2867,80,0.5104430379746835,4.1836963542542565e-05,5.182203269501638e-07,10
2868,21,0.3047619047619048,9.305111211051103e-06,5.615096618293553e-07,6
2870,22,0.36363636363636365,1.8175702144956084e-06,6.05166195988047e-07,6
2871,42,0.32752613240418116,0.00010346225610181416,9.437238382707567e-07,6
2872,76,0.6207017543859649,7.367776897399178e-06,5.106815601597127e-07,10
2873,73,0.5026636225266362,0.00010652375511849178,4.803572698003691e-07,10
2874,47,0.5402405180388529,5.4469813487834044e-05,3.8950105430541255e-07,10
2875,52,0.4803921568627451,1.3100746102152701e-05,1.4503153116096914e-06,6
2876,14,0.5054945054945055,1.3875122182712338e-06,5.870518403541887e-07,6
2877,104,0.4772218073188947,1.4715796682197538e-05,5.990674172910499e-07,10
2878,11,0.38181818181818183,0.0,4.3588680629505993e-07,6
2879,16,0.9333333333333333,8.259001299233534e-08,2.6838660449498414e-07,12
2880,66,0.5710955710955711,4.984866068101178e-06,4.754798467228556e-07,10
2881,45,0.29797979797979796,2.879415276258567e-05,8.665302208676259e-07,6
2882,10,0.28888888888888886,1.0577420949661233e-06,3.792207147127611e-07,6
2884,6,0.4666666666666667,1.2801452013811979e-06,2.5341401234123155e-07,10
2886,10,0.7777777777777778,0.0,2.5783807716901806e-07,6
2887,40,0.5525641025641026,4.338066591825922e-05,3.6554665978014703e-07,10
2888,15,0.6190476190476191,0.0,2.7409253335987594e-07,10
2889,19,0.6374269005847953,1.5692102468543715e-06,2.957028997395739e-07,12
2890,88,0.45480668756530823,0.00017562996448518552,5.311922466877134e-07,10
2891,22,0.6060606060606061,4.729048620015907e-07,3.0969437309101813e-07,10
2893,8,0.42857142857142855,1.3214402078773652e-06,2.807455649965178e-07,6
2894,61,0.419672131147541,6.969081917965891e-06,1.505959049744858e-06,6
2895,9,0.5277777777777778,4.1295006496167666e-07,3.4131172770277937e-07,6
2896,50,0.5469387755102041,2.3500798369902686e-06,4.1823365851276456e-07,10
2897,54,0.6345213137665968,1.774557194069958e-06,4.342770862345952e-07,10
2898,8,0.8928571428571429,0.0,2.9185050247790497e-07,6
2899,6,0.9333333333333333,0.0,2.495830626643438e-07,10
2900,11,0.8727272727272727,3.303600519693413e-08,4.495471022076762e-07,6
2901,78,0.36896436896436896,0.006485187839879507,0.0005094967620299474,6
2902,7,1.0,0.0,2.5014597225979903e-07,6
2904,72,0.2871674491392801,0.00010973129986245606,8.454551454129955e-06,6
2905,74,0.5664568678267309,5.0017298658474685e-06,5.101978989343069e-07,10
2906,92,0.5441949354992833,0.00010308943734101978,5.69929661397969e-07,10
2907,32,0.6895161290322581,2.4278113782522895e-06,3.4159561757030964e-07,10
2908,27,0.8290598290598291,4.774921192156028e-07,3.386318386612475e-07,10
2909,77,0.518796992481203,1.2074350407244045e-05,5.062536805126876e-07,10
2910,83,0.5809579782544814,0.0001107964042488757,5.699510878371701e-07,10
2911,69,0.6462063086104007,4.539399714067007e-06,4.860309472317002e-07,10
2912,61,0.6551912568306011,7.463621283433865e-05,4.600027641760296e-07,10
2913,75,0.5693693693693693,0.0001463637098249995,5.613215077732156e-07,10
2914,41,0.32439024390243903,3.3266153007864227e-06,1.262215683002044e-06,6
2915,91,0.41684981684981687,0.00014514214340150556,5.931238399128647e-07,10
2916,87,0.5707030205827319,1.1078168316918174e-05,5.521179748121037e-07,10
2917,18,0.7189542483660131,5.712475898636527e-08,2.977885876936172e-07,10
2918,20,0.7526315789473684,4.587113982753743e-05,4.691290945243676e-07,6
2919,70,0.5652173913043478,9.564693461969758e-06,4.924447606134774e-07,10
2920,74,0.5438726397630507,9.350042576845145e-06,5.05570467708207e-07,10
2921,40,0.2602564102564103,9.866468979015095e-05,9.917756597940323e-07,6
2922,3,1.0,0.0,2.433935594820303e-07,6
2923,16,0.20833333333333334,2.122563333903018e-06,4.4494761899924727e-07,6
2924,40,0.5,3.771968337586751e-05,3.7339808279953105e-07,10
2925,79,0.5410580980201234,8.39490681000943e-06,5.201813313973383e-07,10
2926,10,0.7333333333333333,0.0,2.8546961196151437e-07,6
2927,92,0.4947443860487339,0.00010366328584467405,5.621463630665772e-07,10
2928,86,0.46812585499316006,0.00010023054887506899,5.352727516836995e-07,10
2929,48,0.6072695035460993,2.6998967882567097e-05,4.0030690416895645e-07,10
2930,8,0.9642857142857143,0.0,2.518380060522375e-07,6
2931,53,0.4448476052249637,1.0912778200982665e-05,4.09665840717797e-07,10
2932,40,0.4269230769230769,7.180241727602141e-05,3.840779030188752e-06,6
2933,14,0.6593406593406593,3.8935291839243796e-07,2.785368800420568e-07,6
2934,20,0.43157894736842106,4.745386175073896e-06,4.2748490496687526e-07,6
2935,12,0.7121212121212122,2.0116567450275966e-06,2.7910172303660115e-07,6
2936,60,0.4378531073446328,1.3180238658519719e-05,2.3104505576715877e-06,6
2937,63,0.5135688684075781,8.368231367484725e-06,2.1466380646166547e-06,6
2939,69,0.6436487638533674,6.916991824662815e-06,9.370531167993096e-06,6
2940,64,0.6036706349206349,6.136187432590726e-06,4.698032146510792e-07,10
2942,10,0.4888888888888889,0.0,3.526398073331227e-07,6
2943,82,0.5073772959951822,1.2224319111000686e-05,5.173675395689939e-07,10
2944,106,0.43090745732255165,0.00026319111876653027,5.95602037640607e-07,10
2945,54,0.5443745632424878,1.3568177989742236e-05,4.1776303021066327e-07,10
2946,59,0.30391583869082406,0.00017504318122660265,7.535420457629458e-07,10
2947,17,0.7352941176470589,5.5060008661556886e-08,5.752184072189024e-07,6
2948,21,0.6238095238095238,8.015803222351329e-07,3.0025123765033336e-07,10
2949,20,0.45789473684210524,1.2642171274469616e-06,2.866436294755242e-07,6
2950,48,0.3342198581560284,4.9366820275740454e-05,4.472307547340486e-06,6
2951,102,0.21840419336051253,0.0007253278351238592,5.390225641745854e-06,6
2952,3,0.6666666666666666,0.0,2.465860597222066e-07,10
2953,34,0.6452762923351159,2.172692934809482e-06,3.549081200393629e-07,10
2954,13,0.5128205128205128,4.919415131022032e-06,3.4278418757527555e-07,6
2955,45,0.3484848484848485,0.013209930931108926,7.06312356659713e-07,6
2956,96,0.4826754385964912,0.00010886367381288768,5.719417455227203e-07,10
2957,14,0.4065934065934066,1.9739013105168143e-06,3.454508196446085e-07,6
2958,42,0.25435540069686413,1.5510468771899638e-06,8.471859693975304e-07,6
2959,18,0.7777777777777778,4.092843390004015e-05,3.387669276425069e-07,12
2960,92,0.5212613473483039,0.00015338450010459406,5.627446362288693e-07,10
2961,11,0.36363636363636365,2.051562875181402e-06,2.7286307083988954e-07,10
2963,4,0.6666666666666666,0.0,2.4777475268294586e-07,10
2965,17,0.34558823529411764,6.179720352845611e-06,4.787657423302499e-07,6
2966,107,0.47804619996473285,0.00021537126508748626,6.090633560884673e-07,10
2967,22,0.6060606060606061,3.344855737196474e-07,3.55580110703759e-07,10
2969,71,0.5380281690140845,0.00010802154852537771,4.978815725104704e-07,10
2970,44,0.8128964059196617,1.24105196412702e-06,5.283999841506107e-06,6
2972,17,0.8602941176470589,1.000609772791755e-07,2.7009886610694287e-07,12
2973,73,0.523972602739726,3.703254131100987e-05,6.134931205050485e-06,6
2974,59,0.6165984804208066,2.0118581966148303e-05,4.501656314024739e-07,10
2975,3,0.6666666666666666,2.47770038977006e-07,2.4407843891001376e-07,6
2977,33,0.7064393939393939,9.275359537641105e-07,3.4371833851266665e-07,10
2978,25,0.44,0.0,2.9840107372694236e-07,10
2980,5,1.0,0.0,3.846332262128227e-07,6
2981,23,0.541501976284585,4.050092722973054e-06,3.104060624934229e-07,10
2982,15,0.9523809523809523,3.8118467534924e-08,2.6658466239431747e-07,12
2983,17,0.6029411764705882,5.091084372313242e-07,2.811794657045433e-07,6
2984,24,0.4057971014492754,1.4733588249640943e-05,3.788173844206852e-06,6
2985,60,0.7056497175141243,7.579967538747087e-05,4.583593889807293e-07,10
2986,100,0.5127272727272727,0.00013001613829049234,5.867263323647392e-07,10
2987,27,0.603988603988604,6.638352577793137e-06,3.250187864340596e-07,10
2988,63,0.5130568356374808,7.560284176205421e-05,4.5040690617779843e-07,10
2989,58,0.5021173623714459,2.353210662354669e-05,5.556721784923408e-06,6
2990,13,0.6923076923076923,2.323401669675164e-06,3.526869175279135e-06,6
2991,61,0.6775956284153005,5.3947985446896816e-06,5.742517772801453e-06,6
2992,72,0.47300469483568075,5.861629584737758e-05,9.084578232904375e-06,6
2993,56,0.5512987012987013,8.972475936535851e-05,4.2343516281125143e-07,10
2994,65,0.4793269230769231,7.700836658074065e-05,4.5414710403013897e-07,10
2995,15,0.3619047619047619,2.353815370281557e-06,4.949306971926501e-07,6
2996,39,0.26720647773279355,3.194988790147198e-05,4.316162290688767e-06,6
2997,14,0.5714285714285714,3.4528524717438483e-06,2.9530266883049023e-07,6
2998,3,0.6666666666666666,3.303600519693413e-07,2.572819042163029e-07,6
3000,91,0.47692307692307695,0.0001271650821133021,5.520764071380442e-07,10
3002,72,0.24804381846635368,0.00010232000379694733,4.5760883877926e-06,6
3004,53,0.6015965166908563,8.331250725028152e-07,4.331475924640502e-07,10
3006,2,1.0,0.0,3.0112640009962305e-07,6
3007,24,0.4673913043478261,6.434906907442155e-06,4.111786438310438e-06,6
3008,16,0.95,7.115447273185813e-08,2.684146690738315e-07,12
3009,19,0.3391812865497076,1.0415530018478919e-05,3.902522498198597e-06,6
3010,32,0.36693548387096775,1.290143855978473e-05,3.28626727887306e-07,10
3012,11,0.7636363636363637,2.5661896894047047e-07,2.6846904245859284e-07,6
3013,24,0.677536231884058,1.2070895671221746e-06,7.658360446170217e-07,6
3014,43,0.5902547065337763,2.2275391504034733e-05,3.850462306543465e-07,10
3015,10,0.3111111111111111,1.232619907544238e-06,3.839862282662064e-07,6
3016,29,0.4187192118226601,2.7935088680217035e-06,1.2163908859265285e-06,6
3017,70,0.3370600414078675,3.832456474992942e-05,1.935080633356591e-06,6
3018,30,0.4160919540229885,9.239221654683182e-05,8.411718024764803e-07,6
3021,50,0.7493877551020408,1.251589476835016e-06,5.455929953101701e-06,6
3022,80,0.5936708860759494,0.00010274263335084864,5.258653469962544e-07,10
3023,35,0.5983193277310924,2.6004456092754342e-06,3.506229290861437e-07,10
3024,14,0.32967032967032966,0.0,5.029779911547754e-07,6
3025,54,0.4703004891684137,0.00011939186328643365,4.048666612565699e-07,10
3026,96,0.4456140350877193,0.00015269474858984987,5.597346643299411e-07,10
3027,66,0.2522144522144522,8.16260917919529e-05,5.047379974143171e-06,6
3028,12,0.5606060606060606,0.0,2.6829631634558427e-07,6
3029,52,0.5957767722473605,2.977296110749209e-05,4.1508831561311815e-07,10
3030,8,0.7857142857142857,2.9149416350236e-08,2.557313187971585e-07,10
3031,1,0.0,0.0,2.3984056377714133e-07,6
3032,22,0.6493506493506493,2.546996122021749e-05,5.263749051019462e-07,6
3033,88,0.5433646812957158,1.873488495856017e-05,5.542267164854266e-07,10
3035,90,0.4991260923845193,6.472866594148302e-05,9.77693654112446e-06,6
3036,38,0.45803698435277385,6.046745626864351e-06,3.6114043923856267e-07,10
3037,3,1.0,0.0,2.431509896174366e-07,6
3038,88,0.3725182863113898,8.397972104200211e-05,6.406647546914166e-06,6
3039,22,0.8008658008658008,4.3927741257878135e-07,5.406347435325464e-07,6
3040,51,0.7349019607843137,1.2959895339589984e-06,4.251069012787942e-07,10
3041,27,0.5754985754985755,2.7223317057258377e-06,9.661799140183043e-07,6
3042,20,0.45263157894736844,1.3946158006490198e-06,2.9865509920515616e-07,10
3043,17,0.3235294117647059,3.560809417298115e-06,5.21202984831934e-07,6
3044,6,0.7333333333333333,0.0,2.569139533194567e-07,10
3045,8,0.5,1.131483177994994e-06,2.527535844355248e-07,10
3046,37,0.43843843843843844,6.753203269887848e-05,4.210808967827143e-06,6
3047,50,0.7395918367346939,1.6838159137423637e-06,4.2103886576463313e-07,10
3048,15,0.41904761904761906,3.855230481075494e-06,3.5345923290353886e-06,6
3049,76,0.5894736842105263,6.126828481636729e-05,9.52460551688401e-06,6
3050,16,0.4666666666666667,3.363183314780741e-06,5.755814006015221e-07,6
3051,101,0.3724752475247525,7.544826793183666e-05,6.638607877618501e-06,6
3052,50,0.4555102040816327,8.503351906478433e-06,3.9987697605658365e-07,10
3053,10,0.8444444444444444,1.6105052533505392e-07,2.5550572486748825e-07,6
3054,83,0.5022039377020276,0.0001241028759774981,5.278169015050158e-07,10
3055,6,0.9333333333333333,0.0,2.4827112071012127e-07,6
3056,78,0.5347985347985348,1.1356018980643732e-05,5.128885396090879e-07,10
3058,15,0.9333333333333333,2.6081056734421682e-08,6.077002327587247e-07,6
3059,5,1.0,0.0,2.4744506375415657e-07,10
3060,78,0.4325674325674326,1.789211477258184e-05,2.4053402618668954e-06,6
3061,14,0.5824175824175825,4.1295006496167666e-07,3.3994172025619634e-07,6
3063,11,0.8363636363636363,2.035253891596835e-07,2.6854295147780637e-07,6
3064,64,0.7118055555555556,2.573461774042262e-06,4.7082022846027914e-07,10
3065,53,0.6734397677793904,6.062427331781442e-06,4.316923516773167e-07,10
3066,14,0.6043956043956044,8.630656357699043e-07,2.698322888911595e-07,6
3067,13,0.2692307692307692,7.512179596581911e-05,3.491467130617272e-07,6
3068,16,0.6916666666666667,5.3093579780787e-07,5.127626409317289e-07,6
3069,16,0.5166666666666667,1.1255907699582888e-05,3.6000868641561377e-06,6
3070,62,0.6187202538339502,3.5643819772097705e-06,9.154575082137546e-06,6
3071,1,0.0,0.0,2.3984056377714133e-07,6
3072,46,0.22415458937198068,3.8801463977781586e-05,9.060488055935617e-07,6
3073,62,0.5044949762030672,7.40063431233532e-05,4.4383282766499716e-07,10
3074,6,0.9333333333333333,0.0,2.4827112071012127e-07,6
3075,23,0.2648221343873518,2.267310376153871e-06,6.550150132102682e-07,6
3076,86,0.37400820793433653,2.808576172521057e-05,2.284197783359923e-06,6
3077,55,0.298989898989899,7.171776654710462e-05,9.250941211102958e-07,6
3078,99,0.5584415584415584,1.3824040732273892e-05,6.494897422906739e-07,10
3080,28,0.42592592592592593,8.090760193707063e-06,3.120672843625998e-07,10
3081,25,0.2833333333333333,3.9752926395208004e-05,3.4884109302538443e-06,6
3082,116,0.4158920539730135,8.07207074100878e-05,1.3496267414716436e-05,6
3083,10,0.7777777777777778,0.0,2.6359658363697396e-07,6
3084,76,0.44456140350877194,0.0002044881271154495,4.767639258272585e-07,10
3085,52,0.5874811463046757,2.847579232565535e-06,4.2499474432762414e-07,10
3086,37,0.5330330330330331,1.1925268118919694e-05,7.762572879680468e-07,6
3087,51,0.3027450980392157,5.2721581686718804e-05,8.949406204245435e-07,6
3088,10,0.5111111111111111,1.0819291701995928e-06,5.2297601776841e-07,6
3089,52,0.40271493212669685,2.115759649227535e-05,1.8385923976958686e-06,6
3090,108,0.3679473866389754,0.00024603057241997557,5.815754163155916e-07,10
3091,6,1.0,0.0,2.58518552730938e-07,6
3092,12,0.4696969696969697,0.00010502529000528105,6.14165970843942e-06,10
3093,16,0.5083333333333333,2.7685512373987565e-06,5.785115904045758e-07,6
3094,7,0.8095238095238095,0.0,4.75614668299229e-07,6
3095,15,0.42857142857142855,4.5328953747665316e-06,2.758711548907895e-07,10
3096,76,0.6231578947368421,3.991561262376277e-06,5.115104183709303e-07,10
3098,65,0.6038461538461538,6.17843971788402e-06,4.714212366490445e-07,10
3099,10,0.7111111111111111,6.19425097442515e-07,2.6899532834938995e-07,6
3102,49,0.7899659863945578,1.0541306820858941e-06,5.436709137385107e-06,6
3103,20,0.5578947368421052,9.05313603954445e-07,5.193822825758569e-07,6
3104,83,0.4346165148398472,0.00010855075703161546,5.59463183982788e-07,10
3105,12,0.48484848484848486,1.6724477630947906e-06,2.620389253385573e-07,6
3106,62,0.5668958223162348,3.7288932272912195e-05,1.1922039993049076e-05,6
3107,51,0.1984313725490196,4.955462660169235e-05,1.157350282890297e-06,6
3108,63,0.7204301075268817,3.5091583249814624e-06,4.686377464711395e-07,10
3109,18,0.6601307189542484,5.336585454889359e-07,7.030798330068981e-07,6
3110,17,0.35294117647058826,2.0671688417831315e-05,6.728815547810267e-06,6
3112,12,0.7727272727272727,3.989855700112818e-08,4.2959580539507375e-07,6
3113,68,0.4666374012291484,3.407558463127352e-05,5.631651344741049e-06,6
3114,46,0.4270531400966184,6.313841141285067e-06,3.755775195814571e-07,10
3115,61,0.5109289617486339,1.3786242271143007e-05,2.5428187995638573e-06,6
3116,103,0.4401294498381877,7.753990248367682e-05,1.0030068623544505e-05,6
3117,63,0.3143881208397337,4.047460715788085e-05,7.582392982354349e-07,10
3118,44,0.346723044397463,9.518538390656033e-06,9.80614126506111e-07,6
3119,69,0.4812446717817562,6.437845921497982e-05,4.6723046438448887e-07,10
3120,71,0.6012072434607646,6.196131707135626e-06,1.2472700772242152e-05,6
3121,4,0.6666666666666666,2.47770038977006e-07,2.4747306019527097e-07,6
3122,9,0.9444444444444444,6.19425097442515e-08,2.538053572839569e-07,6
3123,33,0.5946969696969697,6.376305740211249e-06,3.37439724829322e-07,10
3124,30,0.25057471264367814,1.0011876003551813e-05,7.484840762617314e-07,6
3125,2,1.0,0.0,2.45940533165644e-07,6
3126,8,0.9642857142857143,0.0,2.523742588646548e-07,6
3127,6,0.9333333333333333,0.0,2.4827112071012127e-07,6
3128,10,0.8222222222222222,0.0,2.5802564493422775e-07,6
3129,35,0.4907563025210084,3.202872764036201e-06,3.5255696739342016e-07,10
3130,13,0.6410256410256411,0.0,2.6682254640471973e-07,10
3131,8,0.9642857142857143,0.0,2.518380060522375e-07,6
3132,84,0.5720022948938611,8.300295398646748e-06,6.5989263821074265e-06,6
3133,10,0.6444444444444445,0.0,3.883397637052208e-07,6
3134,2,1.0,0.0,2.6386907713590075e-07,6
3135,35,0.6033613445378151,3.0697303445671144e-06,3.4937141375074113e-07,10
3137,49,0.39540816326530615,3.628158149367893e-05,3.7951971427477613e-07,10
3138,20,0.37894736842105264,0.003588036912767069,0.00048808014910050495,6
3139,21,0.49523809523809526,1.3184905645562104e-06,2.867736001001912e-07,10
3140,71,0.2414486921529175,5.9015036495783145e-05,5.25000277972021e-06,6
3141,11,0.6909090909090909,3.881730610639761e-07,2.5742438758724293e-07,6
3142,56,0.674025974025974,2.712112371096339e-06,4.4262720550749864e-07,10
3143,4,0.8333333333333334,0.0,2.459453720648041e-07,10
3144,16,0.26666666666666666,4.1790546574121684e-06,4.7236875375073024e-07,6
3145,69,0.44714407502131287,1.3959264927374693e-05,2.0757120256474735e-06,6
3146,62,0.627181385510312,0.005263037459249586,0.0004897286205569624,6
3147,5,1.0,0.0,2.466035123965895e-07,6
3148,30,0.3701149425287356,1.4191418322689377e-05,1.0918421871997934e-06,6
3149,66,0.593006993006993,4.397206806861495e-06,4.724284907687057e-07,10
3150,89,0.40551583248212464,3.299411264456885e-05,6.511623118923202e-06,6
3151,14,0.3956043956043956,2.7213409280974494e-06,5.049301922138642e-07,6
3152,85,0.43221288515406164,7.243608112148115e-05,9.114375262750202e-06,6
3153,11,0.41818181818181815,1.4040302208697008e-06,2.6522546596141534e-07,10
3154,91,0.25396825396825395,0.00014193367890735426,8.785667833565409e-06,6
3155,12,0.5757575757575758,0.0,3.310518406622189e-07,6
3156,13,0.7307692307692307,0.0,3.1949789564427624e-07,6
3157,15,0.24761904761904763,1.536174241657437e-06,4.2943646392048287e-07,6
3158,53,0.5058055152394775,0.006443371831383802,4.069471039001583e-07,10
3159,7,0.6190476190476191,1.23885019488503e-06,3.2832011488817054e-07,6
3160,30,0.49885057471264366,3.3938174249951846e-06,1.132551477089894e-06,6
3161,6,0.4666666666666667,0.0,2.9795235650920075e-07,6
3163,23,0.5928853754940712,5.3821403876299526e-06,3.165280293136321e-07,10
3166,38,0.55049786628734,9.144283483116927e-06,3.5939181825066306e-07,10
3167,17,0.6029411764705882,1.5949673672138662e-05,3.5315840935636174e-06,6
3169,61,0.7316939890710382,2.4920469703811093e-06,6.0539919356861814e-06,6
3170,25,0.68,8.758252502495756e-07,9.156921276873041e-07,6
3171,19,0.3216374269005848,4.930623775642419e-06,5.344395855640751e-07,6
3172,72,0.44561815336463223,1.4538039952636287e-05,1.9512072829354746e-06,6
3174,74,0.5916327286190299,7.491340460045879e-05,5.13777226700161e-07,10
3175,6,0.9333333333333333,3.097125487212575e-08,3.0106556349048187e-07,6
3176,27,0.5925925925925926,1.913745522516382e-06,5.972563434791748e-07,6
3177,41,0.3621951219512195,1.56830257020651e-05,1.0023941404084122e-06,6
3180,8,0.9642857142857143,0.0,2.518380060522375e-07,6
3181,8,0.9642857142857143,0.0,2.518380060522375e-07,6
3182,68,0.47058823529411764,5.978735251669456e-06,2.0146322902552976e-06,6
3183,1,0.0,0.0,2.3984056377714133e-07,6
3184,61,0.46939890710382515,1.4877804367334179e-05,4.412621491172513e-07,10
3185,80,0.4151898734177215,1.895153686331675e-05,2.5196085963885957e-06,6
3187,34,0.45454545454545453,2.7453511351970136e-05,6.216294335786765e-07,6
3188,51,0.42274509803921567,1.3368058609562102e-05,1.8196465948909524e-06,6
3189,19,0.5672514619883041,1.2343026562076132e-06,5.054023088130639e-07,6
3190,12,0.5606060606060606,6.076265241578956e-07,3.440982909044495e-07,6
3191,41,0.35,0.004363281871268399,0.000492990045138909,6
3192,16,0.5666666666666667,2.2595550293663914e-07,5.428533776009063e-07,6
3193,27,0.4586894586894587,4.424021803288665e-06,3.1345746525406384e-07,10
3194,17,0.6691176470588235,3.9804709569487596e-07,5.788841461075896e-07,6
3195,72,0.6044600938967136,0.00014098529641201531,4.968294907670229e-07,10
3196,40,0.38461538461538464,0.0001228781515451636,6.945880388583489e-07,6
3197,8,0.7857142857142857,0.0,4.4865844674734053e-07,6
3198,86,0.3058823529411765,0.00010372043087708645,8.913901530233476e-06,6
3199,22,0.5411255411255411,2.4107733276214776e-06,8.310835756392873e-07,6
3200,11,0.7090909090909091,6.565906032890659e-07,2.571388299886302e-07,6
3202,11,0.7818181818181819,1.1584053770353527e-07,2.79378784567259e-07,10
3203,31,0.37849462365591396,2.4084238772204298e-05,4.132624331379653e-06,6
3204,47,0.47641073080481033,8.191495989387028e-06,1.8794673341482444e-06,6
3206,51,0.672156862745098,8.004528097657697e-06,8.680587196974895e-06,6
3207,41,0.49634146341463414,3.8850762388990135e-06,9.809973349319201e-07,6
3208,15,0.3333333333333333,1.2388619553711542e-05,3.5086346188523584e-06,6
3209,24,0.6920289855072463,1.1452671785991467e-06,8.094307443182578e-07,6
3210,14,0.45054945054945056,1.5526922442559045e-06,5.819111543582482e-07,6
3211,25,0.20666666666666667,3.202945391865581e-05,3.7336429984842424e-06,6
3212,35,0.5176470588235295,6.55753308251658e-06,1.3455928530298186e-06,6
3213,36,0.5333333333333333,4.812563098338248e-06,4.033382823290549e-07,10
3214,63,0.19508448540706605,8.574395183848491e-05,4.466279210644041e-06,6
3215,25,0.2633333333333333,1.3730069134683783e-06,7.434637446182738e-07,6
3216,7,0.6666666666666666,2.47770038977006e-07,2.5147502891729485e-07,6
3217,6,0.6,4.335975682097605e-07,3.151340025468525e-07,6
3218,9,0.9444444444444444,6.19425097442515e-08,2.538053572839569e-07,6
3219,39,0.3792172739541161,8.387766931350578e-05,8.234336449837012e-07,6
3220,54,0.5932914046121593,4.273619820831649e-05,4.241078012290394e-07,10
3221,26,0.31076923076923074,0.000141573443583923,5.648768044165708e-07,6
3223,23,0.39920948616600793,2.0219044279724528e-05,3.6613710636669977e-06,6
3224,55,0.45521885521885525,5.718155038637802e-05,5.337503407336227e-06,6
3225,28,0.5158730158730159,2.2537491593455118e-06,6.842315481524573e-07,6
3226,79,0.6079195066536839,1.3896932685745275e-05,5.664836858531202e-07,10
3227,5,0.4,7.43310116931018e-07,2.492817386983276e-07,10
3228,36,0.5873015873015873,2.53765456110784e-06,3.6786848832981694e-07,10
3229,14,0.6593406593406593,0.0,2.717688399102162e-07,10
3230,1,0.0,0.0,2.3984056377714133e-07,6
3231,28,0.455026455026455,8.477096138737103e-06,3.0086965162187044e-07,10
3232,105,0.4891941391941392,0.00017024206103573482,6.033568999724142e-07,10
3234,33,0.5,4.612391901151771e-06,3.3903496330822067e-07,10
3235,8,0.75,0.0,5.57400541971013e-07,6
3236,22,0.5454545454545454,0.00021564774081555535,4.3734912692135743e-07,6
3237,28,0.455026455026455,3.9998264239192705e-06,3.7113215976705134e-07,10
3238,41,0.6134146341463415,4.539420111229446e-05,3.775379470062027e-07,10
3239,62,0.6932839767318879,1.3851713830290191e-05,6.134584350737751e-06,6
3240,66,0.4354312354312354,2.9304245263521907e-05,5.6711621217271474e-06,6
3241,19,0.7426900584795322,7.212916139667609e-07,4.364652947583007e-07,6
3242,15,0.3333333333333333,2.742474254951371e-06,3.2976366310719526e-07,6
3243,27,0.7207977207977208,2.408938941848016e-07,3.328997799055696e-07,10
3244,14,0.5384615384615384,6.489215306540633e-07,3.839226246760214e-07,6
3246,14,0.6153846153846154,5.574825876982635e-07,3.959823171498894e-07,6
3247,66,0.66993006993007,2.16060737669278e-06,6.2823934995398035e-06,6
3249,14,0.38461538461538464,8.412561518195472e-07,4.216492913505128e-07,6
3250,34,0.8288770053475936,5.677344627887882e-07,3.6708783731548746e-07,10
3251,9,0.7777777777777778,2.47770038977006e-07,2.5361384443618165e-07,6
3252,86,0.5521203830369357,8.033870255155066e-06,9.963821607077783e-06,6
3253,51,0.3003921568627451,6.492455225454654e-05,1.2193505643998903e-06,6
3254,12,0.36363636363636365,4.426824696389174e-06,3.608574094450313e-07,6
3255,32,0.4112903225806452,0.00016054249617005367,6.12913837853745e-07,6
3256,63,0.23911930363543266,0.0003247804104600649,4.163266406294113e-06,6
3257,42,0.5598141695702671,4.597809538876344e-06,3.7327143884173056e-07,10
3259,31,0.3053763440860215,5.793646782534489e-06,6.4614152386421e-07,6
3260,28,0.48677248677248675,5.287047995780721e-06,9.339423850268731e-07,6
3261,54,0.4912648497554158,1.0051798554805041e-05,1.4621513602405441e-06,6
3262,24,0.8152173913043478,5.366345618361094e-07,5.199366863998398e-07,6
3264,31,0.5741935483870968,2.9948938448516124e-05,5.50378517242896e-07,6
3266,8,0.9642857142857143,0.0,3.1620729493852307e-07,6
3267,72,0.5395148669796557,3.99336522851469e-05,9.182431613220026e-06,6
3268,2,1.0,0.0,2.4148421835472376e-07,6
3269,9,0.5555555555555556,1.734390272839042e-06,2.559600326268292e-07,10
3270,6,0.9333333333333333,0.0,3.923291168249585e-07,6
3271,5,0.7,1.498222164258578e-05,2.9123892405746496e-07,6
3272,44,0.4164904862579281,1.019131661628233e-05,1.4062149933111072e-06,6
3273,26,0.5169230769230769,5.337066748671366e-07,5.82484287346724e-07,6
3274,63,0.28110599078341014,8.820187681882289e-05,1.4100224706731342e-06,6
3275,29,0.2044334975369458,6.955205466372647e-05,3.6809696645175075e-06,6
3276,20,0.26842105263157895,5.154449651188874e-06,6.267230740392302e-07,6
3277,71,0.5879275653923541,3.656137164220992e-05,9.237247932588039e-06,6
3279,25,0.2,4.450018027992463e-05,3.5311443096826506e-06,6
3280,107,0.3900546640804091,6.082697255908184e-05,3.649831073352791e-06,6
3281,12,0.8939393939393939,2.77298961013541e-07,3.988714699465081e-07,6
3282,2,1.0,0.0,2.4766007336383245e-07,6
3283,16,0.9,2.0388842218382563e-07,2.6816340969278684e-07,12
3284,70,0.6811594202898551,5.652660821020185e-06,4.941627049676349e-07,10
3285,27,0.6068376068376068,2.093930479248899e-06,5.270902883582743e-07,6
3286,23,0.5177865612648221,3.51516039404871e-05,3.0791017810893846e-07,10
3287,48,0.40425531914893614,2.3823239160249414e-05,9.069287345160129e-07,6
3288,48,0.42819148936170215,6.829044777860219e-05,7.919680571116966e-06,6
3291,119,0.3396952001139439,0.000146501897523004,1.3327767938154381e-05,6
3292,12,0.30303030303030304,1.51965623905897e-06,3.838337505259313e-07,6
3293,60,0.523728813559322,8.509513460023655e-05,4.374808570246071e-07,10
3294,23,0.43873517786561267,8.340182492816881e-07,3.094784195463592e-07,10
3296,41,0.39878048780487807,7.6102355514444995e-06,1.570793763524881e-06,6
3297,63,0.6825396825396826,1.5086597353052772e-05,5.9012454763734066e-06,6
3298,45,0.43636363636363634,9.48048191917946e-06,1.1095599267807929e-06,6
3299,60,0.37796610169491524,7.985773524952383e-05,5.167999251082238e-06,6
3300,18,0.5163398692810458,0.0,2.7619759330476283e-07,10
3301,40,0.5692307692307692,6.738569867537644e-06,3.763296753962686e-07,10
3302,67,0.17005879692446857,0.00013863264455455111,4.734487795066281e-06,6
3303,36,0.4,5.848182603585672e-06,3.9149828794666553e-07,10
3305,5,0.7,1.6518002598467065e-07,3.136574482314662e-07,6
3306,22,0.3939393939393939,1.9717382387479675e-06,7.759005365352037e-07,6
3307,19,0.3333333333333333,1.3666217020167747e-05,3.6160083715049385e-06,6
3308,9,0.8888888888888888,0.0,3.1852793233844673e-07,6
3309,18,0.8169934640522876,6.162485584812714e-07,2.7293721393347886e-07,12
3310,5,0.9,0.0,2.5360259490690577e-07,6
3311,11,0.9636363636363636,3.8118467534924e-08,2.587315204900307e-07,12
3312,17,0.5220588235294118,1.0349315199491924e-06,5.406310687780437e-07,6
3313,32,0.2600806451612903,4.692656168905763e-05,3.906205489337469e-06,6
3314,16,0.9,1.982160311816048e-07,2.6832633680985314e-07,12
3315,14,0.6703296703296703,3.2506857061745143e-07,2.75768266949592e-07,10
3316,39,0.7975708502024291,1.7431955240231904e-06,5.0644204457535405e-06,6
3317,7,1.0,0.0,2.5237362000311547e-07,10
3318,20,0.7263157894736842,7.489825079332388e-07,2.9634546246512054e-07,12
3320,113,0.34876738305941846,0.00015573801382212895,6.453863792165452e-06,6
3321,69,0.4100596760443308,3.1260992037788236e-05,5.785007282140158e-06,6
3322,8,0.9642857142857143,0.0,2.523742588646548e-07,6
3323,7,0.47619047619047616,3.433384825824226e-07,3.8291166043349745e-07,6
3324,87,0.39427960438385456,0.000213628355345724,5.729945573212927e-07,10
3325,19,0.7719298245614035,7.489825079332388e-07,2.926141350403877e-07,12
3326,16,0.3,2.193354773610734e-06,4.942650519880308e-07,6
3327,50,0.2016326530612245,0.00034744612327403216,8.868256534711017e-07,6
3329,19,0.30994152046783624,8.627116785713658e-06,5.131835446543826e-07,6
3330,93,0.416783543712015,6.554468156340108e-05,9.771174724491357e-06,6
3332,62,0.5145425700687467,1.2837959855318704e-05,2.153467466403135e-06,6
3333,7,0.7619047619047619,1.23885019488503e-07,2.524260944804893e-07,10
3334,9,0.8611111111111112,8.259001299233534e-08,4.2745548568775457e-07,6
3335,65,0.4230769230769231,2.237127771636757e-05,5.713290138001061e-06,6
3336,7,1.0,0.0,2.505896559681914e-07,6
3337,24,0.47101449275362317,6.328431956916567e-05,5.991163702715796e-07,6
3338,9,0.8611111111111112,0.0,2.834972330766138e-07,6
3339,73,0.5901826484018264,5.115104125527438e-06,5.02518379761381e-07,10
3340,16,0.25,3.9112270438513095e-06,3.913856979508692e-07,6
3341,31,0.2731182795698925,1.1783860821265937e-05,8.465598483497111e-07,6
3342,68,0.257243195785777,0.0003651032705805833,5.110540016004214e-06,6
3343,14,0.25274725274725274,3.1755859995552935e-06,3.547583685511882e-07,6
3344,76,0.5431578947368421,1.804638555683484e-05,1.2479160576245831e-05,6
3345,65,0.4153846153846154,5.342090418536334e-05,5.448365127938022e-06,6
3346,35,0.41008403361344536,0.00017070257574925928,8.20007880749893e-07,6
3347,77,0.5088858509911142,0.00042199575162535667,9.192600432752223e-06,6
3348,84,0.5697074010327022,4.199501937044215e-05,5.354328988734183e-07,10
3349,12,0.48484848484848486,0.0,3.728016002657098e-07,6
3350,82,0.4019873532068654,2.0386965227421615e-05,2.493224968040532e-06,6
3351,84,0.5418818129661503,3.094389937150531e-05,9.648707119866845e-06,6
3352,13,0.9487179487179487,7.115447273185813e-08,5.806286074726563e-07,6
3353,62,0.3046007403490217,4.4711999698721394e-05,1.844342297636041e-06,6
3354,9,0.9444444444444444,6.19425097442515e-08,2.538053572839569e-07,6
3356,20,0.7736842105263158,1.995200840183259e-07,5.260765431587456e-07,6
3357,15,0.4,1.062461524279971e-06,6.438601978478313e-07,6
3358,11,0.5454545454545454,0.0,3.91052381150056e-07,6
3359,18,0.5751633986928104,4.09282987068718e-06,3.602727719744521e-06,6
3360,74,0.3187708256201407,0.00011130471267560621,5.25451564464749e-06,6
3362,75,0.4648648648648649,8.172123204852761e-05,5.348421835584997e-07,10
3363,131,0.4119788608338227,0.0003673682315491279,6.794297707368266e-07,10
3364,49,0.5892857142857143,1.72484343279905e-05,4.095646820888562e-07,10
3365,46,0.27053140096618356,1.3868542209149761e-05,8.604844624187767e-07,6
3367,11,0.9090909090909091,6.903447825120203e-08,3.7872309337741463e-07,6
3368,9,0.8888888888888888,0.0,2.6471515899126954e-07,6
3369,43,0.3864894795127353,5.44758805639299e-05,6.706752127422807e-07,6
3370,6,0.8,0.0,3.909629917548861e-07,6
3371,15,0.8476190476190476,1.114965175396527e-07,4.2066583551853933e-07,6
3372,7,1.0,0.0,2.5014597225979903e-07,6
3373,17,0.3161764705882353,5.82159757514325e-06,5.611537921971777e-07,6
3374,16,0.45,3.759750346394922e-05,3.533199065076326e-06,6
3375,3,0.6666666666666666,1.23885019488503e-07,2.557361590413728e-07,6
3376,8,1.0,0.0,2.7772787807165726e-07,6
3377,31,0.5720430107526882,4.729213928794162e-06,7.517580667717994e-07,6
3378,60,0.4824858757062147,1.8156645662047587e-05,4.985667653135131e-06,6
3379,25,0.5433333333333333,8.549881230621488e-06,3.827254788341004e-06,6
3380,21,0.4142857142857143,2.3110738968662087e-05,3.868060887476728e-06,6
3381,54,0.6995108315863033,6.681416321872004e-06,5.444840460366329e-06,6
3382,17,0.9117647058823529,1.2070848052725934e-07,2.701658176748958e-07,12
3383,17,0.4338235294117647,3.4730055727841776e-05,3.353145366590646e-06,6
3384,49,0.608843537414966,2.4633980084479566e-05,4.04957750265086e-07,10
3387,97,0.48646907216494845,0.00015971525698369596,5.732484095952421e-07,10
3388,10,0.5555555555555556,2.239459967676785e-07,2.6546160673701904e-07,10
3389,7,0.8571428571428571,3.964320623632096e-07,2.6344767758930754e-07,6
3390,26,0.44,0.00028248894566278247,3.871222041945447e-07,10
3391,53,0.7024673439767779,4.4276901325075485e-07,2.814917490246549e-06,6
3392,17,0.5367647058823529,0.0,2.763228975067339e-07,10
3393,19,0.29239766081871343,1.3205673855562909e-05,3.6586578295670107e-06,6
3394,31,0.3913978494623656,6.068577553666981e-06,3.2412066079186456e-07,10
3395,38,0.3200568990042674,0.00011505197022100387,8.024396267718339e-07,6
3396,76,0.4298245614035088,2.985455819656362e-05,2.032505855096248e-06,6
3397,115,0.3673531655225019,0.0008961121409572259,1.0263505190997579e-05,6
3398,8,0.8928571428571429,0.0,2.9187703551460807e-07,6
3399,37,0.6471471471471472,9.808468723095266e-07,3.693751476288447e-07,10
3400,35,0.49747899159663866,8.354942484154641e-06,3.4618975212076996e-07,10
3401,8,1.0,0.0,2.7772787807165726e-07,6
3402,15,0.6,2.2710630678710158e-05,3.2664687617698026e-07,6
3403,52,0.30165912518853694,0.000338798618093237,1.148908744089742e-06,6
3405,13,0.5,1.6930952663428742e-06,3.83111989390749e-07,6
3407,2,1.0,0.0,2.4148421835472376e-07,6
3408,2,1.0,0.0,2.439090790133161e-07,6
3411,62,0.3569539925965098,0.00010601714042840976,5.037456101955778e-06,6
3413,3,1.0,0.0,2.4357279096703275e-07,10
3414,19,0.6491228070175439,0.0003749050212952122,2.955140873273844e-07,10
3415,29,0.3669950738916256,9.15787381725964e-06,7.415129554925786e-07,6
3416,53,0.7554426705370102,2.707025308864417e-06,5.796983121405484e-06,6
3417,89,0.48621041879468846,8.070520615237597e-05,5.422830163627975e-07,10
3418,10,0.5333333333333333,2.490304878372664e-06,3.5706515313211907e-06,6
3419,63,0.5826932923707118,0.0003945759891985557,5.746776138764143e-06,6
3421,20,0.4631578947368421,0.0,7.896583681175403e-07,6
3422,40,0.46153846153846156,2.855910886165766e-06,1.1199587231302687e-06,6
3423,16,0.9166666666666666,1.6576995464890162e-07,2.683742900612356e-07,12
3424,7,0.9523809523809523,0.0,2.638705708084457e-07,6
3425,10,0.7111111111111111,0.0,3.159650842427599e-07,6
3426,113,0.42620101137800254,4.0991550888207706e-05,6.171211568704828e-07,10
3427,9,0.8611111111111112,0.0,2.834972330766138e-07,6
3428,8,0.4642857142857143,0.0,2.535875532865896e-07,10
3429,5,0.9,0.0,3.3456554178572585e-07,6
3430,21,0.44761904761904764,1.9231243644952654e-06,2.9854378641935754e-07,10
3431,23,0.19367588932806323,4.309709499069307e-05,3.7860938708040313e-06,6
3432,6,0.4,3.4372915051207895e-06,4.179218254834538e-07,6
3433,65,0.5557692307692308,4.494740916837514e-05,4.5846665558964117e-07,10
3434,107,0.42038441192029624,4.612844110595381e-05,1.3127874150639074e-05,6
3435,49,0.5739795918367347,4.028471010319148e-05,4.0034844813111915e-07,10
3436,7,0.5714285714285714,2.1611053399661078e-07,2.557875130116613e-07,10
2003,48,0.7881205673758865,9.115430490886328e-05,0.0017925321742983172,4
2031,53,0.45863570391872277,0.0001424737926561934,0.0015229696891586395,4
2155,41,0.4926829268292683,7.156766972751324e-05,0.0014295692535452483,4
2185,17,0.6544117647058824,2.8674689004463357e-05,0.000979311950320578,4
2325,79,0.3810451152223304,0.00019519466374281103,0.0022264998962999737,4
2330,48,0.7730496453900709,1.0673559266249869e-05,0.0022643501501958935,4
1914,47,0.7150786308973173,1.1377793465353521e-06,0.0008446709629483971,13
1915,11,0.6,4.4005653076428926e-07,0.0006307688137970774,4
1917,192,0.743619109947644,0.004673664074378202,0.07975646234074175,14
1918,161,0.7998447204968944,3.5700802514329154e-05,0.06922943796219976,14
1919,55,0.6363636363636364,4.994451603445065e-06,0.0009169420056595695,13
1921,40,0.5961538461538461,8.399242139192247e-07,0.0008944063623458298,13
1922,15,0.6095238095238096,4.60144358100154e-07,0.0006539013039287086,4
1923,56,0.437012987012987,7.79806891086145e-06,0.0015640608890328661,4
1924,6,0.8666666666666667,9.9940856057952e-08,0.0006467257543695168,5
1925,125,0.8230967741935484,3.863292556519064e-05,0.054586079420291915,14
1927,55,0.663973063973064,1.3214156031037538e-06,0.0008980654583015002,13
1928,23,0.7944664031620553,5.698164035604126e-07,0.0007504874359820753,13
1929,151,0.8426490066225165,4.51711055856067e-06,0.06669226179506006,14
1930,13,0.5641025641025641,7.655005105317058e-07,0.000728320033127143,4
1931,39,0.6842105263157895,9.251311627403612e-07,0.0008382930965070816,13
1933,11,0.6545454545454545,2.3597146569238666e-07,0.0006368082872313862,4
1934,12,0.4090909090909091,0.0,0.0006487267855519295,4
1935,50,0.6759183673469388,2.696152019980085e-06,0.0008709903875136132,13
1936,22,0.5324675324675324,2.880685812980841e-06,0.0007236170964372559,4
1937,4,0.6666666666666666,0.0,0.0006000037546014309,4
1938,189,0.7722616233254531,1.2817016674102665e-05,0.08000533357895621,14
1942,39,0.5465587044534413,3.3107825745243124e-05,0.011134672294824342,14
1943,192,0.7536540139616056,2.3495650500563667e-05,0.08025105461166387,14
1944,29,0.6600985221674877,2.148656885969153e-06,0.0009913507224584498,4
1946,191,0.76268944612841,1.2320255160961664e-05,0.08036865658861367,14
1949,8,0.5714285714285714,1.3214402078773653e-07,0.0006201644129043557,4
1950,12,0.803030303030303,4.224604300941274e-07,0.0006457043305477409,13
1952,17,0.5367647058823529,5.153995859908697e-06,0.0012407992746224783,4
1953,123,0.8665866986538718,3.400137025178782e-06,0.05489632730395742,14
1956,8,0.5,1.1975551883888623e-06,0.0006146581460399278,4
1957,39,0.7314439946018894,9.541867610457333e-07,0.0008009074146536527,13
1958,34,0.7415329768270945,1.1115823388909842e-06,0.0007713001655373237,13
1960,43,0.40420819490586934,1.1971863261966854e-05,0.0008072125685503244,4
1961,7,0.5714285714285714,4.1295006496167666e-07,0.0006445969695001512,4
1962,187,0.781381174170548,2.0350051167483228e-05,0.07957001782997214,14
1963,86,0.8686730506155951,5.096227107144986e-06,0.03846426979987786,14
1964,96,0.2519736842105263,8.488511387107872e-05,0.002415234170327593,4
1965,20,0.4631578947368421,3.982624428386086e-06,0.0007924562083029545,4
1966,172,0.7394260845913233,0.00012614185773500487,0.07111877052129921,14
1968,35,0.6605042016806723,6.39874136036109e-07,0.0008367635926238438,13
1969,4,1.0,0.0,0.0006999052663240013,4
1970,72,0.5187793427230047,1.6586321518690144e-05,0.0024034002275780232,4
1971,176,0.7776623376623376,5.162004215561086e-05,0.07472736214038417,14
1974,7,0.6666666666666666,0.0,0.0006453493814742746,4
1975,36,0.37142857142857144,1.0109727052632553e-05,0.0008187983438853036,4
1977,9,0.8333333333333334,0.0,0.0006475229002679823,4
1978,15,0.8571428571428571,1.0699160774007078e-07,0.0006936075350556655,4
1979,176,0.7577922077922078,1.3092249379465253e-05,0.07380386957885192,14
1980,57,0.6152882205513784,8.087933432774725e-06,0.0009130027646161301,13
1981,55,0.7804713804713804,2.5536658388526193e-06,0.0021463913831712687,4
1982,19,0.23976608187134502,0.0,0.001950016912785902,4
1983,199,0.7041266940764428,0.00021593454826850835,0.08039446081562715,14
1984,178,0.776106138513299,1.1578058163072855e-05,0.07546785511276409,14
1985,224,0.587363869314542,0.0005182938637645087,0.0827364294247834,14
1986,153,0.771327829377365,1.7507395056136113e-05,0.06445405477344347,14
1987,36,0.6158730158730159,1.1304232137200731e-06,0.0020588932616848123,4
1988,24,0.532608695652174,4.474428291466635e-06,0.0008391637200311085,5
1989,87,0.8524458700882117,3.7646583517829735e-06,0.03869591901694633,14
1990,20,0.6210526315789474,2.078382829626726e-06,0.0007165933318424407,4
1992,15,0.8571428571428571,2.9149416350236e-08,0.0006728250475715975,5
1993,203,0.7290152660586255,7.361424335208644e-05,0.08352732834686963,14
1996,4,0.8333333333333334,9.91080155908024e-08,0.0006082311224109054,4
1997,135,0.847208402432283,3.566469317684314e-06,0.0599050781762252,14
1999,34,0.696969696969697,5.297382811304952e-07,0.0008142400157179002,13
2000,33,0.7196969696969697,1.2984376949522868e-06,0.0007827216312852857,13
2005,155,0.8135735232509426,5.806159374572527e-06,0.06736932280502021,14
2006,52,0.6779788838612368,5.820792504550191e-06,0.0008696461653225387,13
2008,7,0.5714285714285714,0.0,0.000628157294852228,4
2011,40,0.7128205128205128,1.3144396985905652e-06,0.0008275368884995592,13
2012,15,0.8285714285714286,1.237067328330935e-07,0.0006734958314199439,13
2013,9,0.8055555555555556,1.3332368485537482e-07,0.0006334272629162662,13
2014,10,0.8222222222222222,0.0,0.0006351142481756713,13
2015,5,0.6,0.0,0.0006039306930778429,4
2016,18,0.8300653594771242,1.641064053468943e-07,0.0006890442947666499,13
2017,7,0.38095238095238093,9.910801559080238e-07,0.000613486512162073,4
2019,19,0.6842105263157895,0.0,0.0031493463181998618,14
2020,158,0.8329436426670966,5.882460952673424e-06,0.06938496344073818,14
2021,31,0.8516129032258064,6.198731623508284e-08,0.01379653482418915,14
2022,50,0.6465306122448979,2.305534547691643e-06,0.0009034558320618509,13
2023,25,0.49666666666666665,0.0,0.0007582143175877137,4
2025,30,0.7862068965517242,6.796197659948073e-07,0.0007457154194242041,13
2029,34,0.4206773618538324,2.8441389615106175e-06,0.0012867524639630392,4
2030,187,0.7834512103961819,1.3382384295966963e-05,0.07964626433891661,14
2033,173,0.780682887484877,6.020084999619877e-06,0.07371784866427807,14
2034,8,0.42857142857142855,1.1562601818926947e-06,0.0006153106772305985,4
2035,30,0.5471264367816092,1.589475616463072e-06,0.0007508804492254742,4
2036,21,0.6666666666666666,1.3049222052788985e-06,0.0008832254439086009,4
2037,173,0.6965317919075145,0.00015041396197778162,0.06947039724061836,14
2040,152,0.743813175322412,9.705620713697049e-05,0.06326720410284101,14
2041,8,0.42857142857142855,1.94086530531988e-06,0.0006244391489615891,4
2043,174,0.7869908976147765,8.5323523222435e-06,0.0743218150222924,14
2044,25,0.7033333333333334,5.072565062318953e-06,0.007399479173907178,14
2045,176,0.7886363636363637,9.178936452358204e-06,0.07518232946246613,14
2046,123,0.880714380914301,1.9293985609049975e-06,0.055742840806208026,14
2048,17,0.3897058823529412,3.7221405326870686e-06,0.002041005858959188,4
2049,37,0.4144144144144144,1.0296927948669876e-05,0.0008048892563939973,4
2050,23,0.8221343873517787,2.0446720237014132e-07,0.0007096642152182248,13
2051,9,0.7222222222222222,2.851784566264755e-07,0.0006314946631550039,4
2055,73,0.8359969558599696,1.9618906578682885e-06,0.03178059870786714,14
2056,115,0.6466819221967963,1.7327518988226474e-05,0.04407455719654944,14
2057,42,0.6782810685249709,4.778659595331094e-06,0.0028258226124213094,4
2058,76,0.7249122807017544,3.595566750895012e-05,0.030732102157044135,14
2059,193,0.7787672711571675,9.343084679933176e-06,0.08205963149546423,14
2060,106,0.7626235399820306,7.15147437301305e-05,0.044452795747386406,14
2061,48,0.6843971631205674,5.167183009901129e-06,0.0008675676145966402,13
2063,141,0.8092198581560284,1.7972590429025285e-05,0.060866943140282376,14
2064,186,0.772391746585295,2.0028963207853862e-05,0.07868389749529138,14
2066,9,0.8333333333333334,0.0,0.0007421485787414752,4
2067,33,0.5435606060606061,4.0752974165922516e-07,0.0076300212131661495,14
2069,168,0.7510692899914457,3.4044492026269027e-05,0.07010195906253743,14
2070,13,0.6282051282051282,4.5780252006941887e-07,0.0006488917658113114,4
2073,197,0.7517870092199316,0.001794599955132095,0.08226157167295448,14
2074,162,0.8324514991181657,5.55678704711282e-06,0.07100684636399535,14
2075,48,0.8226950354609929,2.208640079145671e-06,0.002079150045209329,4
2076,17,0.7426470588235294,3.828290013997661e-06,0.0006859006164306191,5
2077,126,0.8679365079365079,2.3166221781324185e-06,0.05652898811957219,14
2078,204,0.7320100453974693,1.9797167478790195e-05,0.08413107929643428,14
2079,1,0.0,0.0,0.0005878429753654842,4
2080,9,0.5833333333333334,0.0,0.0006761079369307038,4
2082,18,0.477124183006536,2.215675318756842e-06,0.0006966395219873121,4
2083,147,0.8213586804584848,1.4848134886271261e-05,0.06403239862322174,14
2084,141,0.7031408308004052,0.0001280274003214033,0.05661412473093062,14
2085,30,0.4298850574712644,5.922293860214674e-06,0.0009030471112729193,4
2086,136,0.8471677559912854,4.181766936762258e-06,0.0601815065524619,14
2088,199,0.7396578853865287,0.02197504007392325,0.08246755925158587,14
2089,23,0.6640316205533597,1.2186394449895204e-06,0.0007022078365482991,4
2090,189,0.7917370257795789,9.918214342690146e-06,0.08099256543506116,14
2091,34,0.44919786096256686,4.629019115596375e-06,0.0007677443315068568,4
2092,43,0.4795127353266888,8.507713513866467e-06,0.011504209790701702,14
2093,177,0.7864663585002568,2.846727773334008e-05,0.0755745716290108,14
2094,7,0.9047619047619048,9.91080155908024e-08,0.0006106569609960906,4
2095,154,0.805025040319158,0.00011794877524397033,0.06651230193838521,14
2096,21,0.7523809523809524,5.685958903123115e-07,0.0010971280503244503,4
2097,38,0.7766714082503556,4.794206346853447e-07,0.0007908292030977734,13
2098,117,0.8480695549661067,4.238170749648856e-06,0.05178693377909099,14
2099,16,0.4666666666666667,2.229930350793054e-06,0.0012174161669082013,4
2100,6,1.0,0.0,0.0006167504110214372,4
2103,184,0.7600974103112378,2.1205711082360963e-05,0.07722382767877403,14
2104,181,0.7936771025168815,7.1856653884914145e-06,0.07759500293199889,14
2105,11,0.5454545454545454,1.4876675938434515e-06,0.0006337342600368632,4
2106,4,0.8333333333333334,1.6518002598467065e-07,0.0005990046681319083,4
2107,37,0.2702702702702703,1.6872353487230356e-05,0.0008445899085126073,4
2108,164,0.8411641478377974,4.08592593280562e-06,0.07233811297267168,14
2109,135,0.8515201768933113,4.563668437135227e-06,0.05975519278260639,14
2110,43,0.8283499446290143,1.5960133409027905e-06,0.002145573045492901,4
2112,160,0.793317610062893,8.663004428230975e-06,0.06864560647467607,14
2113,10,0.7777777777777778,0.0,0.0006324821499970038,4
2114,15,0.42857142857142855,2.456856243633899e-06,0.0006753750915666054,4
2115,136,0.8441176470588235,7.3739052897692735e-06,0.06012342746124885,14
2118,188,0.7821708954374786,1.3609286738962824e-05,0.0800708797040527,14
2119,15,0.49523809523809526,1.1850862416221623e-06,0.0006651042379543641,4
2120,23,0.4308300395256917,1.5721598901755263e-06,0.0006972378748706476,4
2121,158,0.8281061033620898,5.315065939486658e-05,0.06922048830642283,14
2122,146,0.8367501180916391,4.276551173381033e-06,0.0640823952356096,14
2123,203,0.7307223333170756,2.1438625461171842e-05,0.08366625110987568,14
2124,169,0.8083262890955198,8.882044901229931e-06,0.0731275793245497,14
2126,54,0.2802236198462614,4.1978996123122556e-05,0.0009645950219100501,4
2129,39,0.3603238866396761,3.260938130726365e-05,0.0012700612293332911,4
2130,11,0.5818181818181818,0.0,0.00064264265714967,4
2131,199,0.7330084767270697,0.006489878331847362,0.08213118459154316,14
2136,74,0.8467234357645317,8.062896928692172e-07,0.03250976950872459,14
2139,178,0.8049260458325398,1.408864153256951e-05,0.07681592387279344,14
2140,171,0.8074303405572756,1.0303320214939359e-05,0.07388404405683713,14
2141,24,0.8369565217391305,2.224557954185783e-07,0.0009469078332944294,4
2142,221,0.6238173591114767,0.0005819906056771601,0.0841891644432641,14
2145,43,0.39424141749723146,1.3087625472755888e-05,0.0011462183608442018,4
2146,24,0.38405797101449274,1.2262909241123233e-06,0.0006991385040049908,4
2147,41,0.5353658536585366,4.1855946129105025e-06,0.01280904673825583,14
2150,193,0.7423359240069085,0.0005077103619921092,0.08015315038516582,14
2152,18,0.28104575163398693,1.2559581261477281e-06,0.0006641247522412254,4
2154,160,0.8093553459119497,1.6462248607171707e-05,0.06921529649944921,14
2156,27,0.2849002849002849,3.976727002207135e-06,0.0007014583788707866,4
2158,10,0.8,1.0172851867683373e-07,0.0006315492122861142,4
2159,48,0.6861702127659575,1.1534636515233872e-06,0.0008724526838253271,13
2160,24,0.42028985507246375,4.192187102035493e-06,0.0006981469854236442,4
2161,82,0.6151761517615176,1.1475134946987886e-05,0.003385821082568031,4
2162,15,0.5523809523809524,1.9860629168255764e-06,0.0006807488607875914,4
2164,92,0.8055422838031534,7.5115910276531445e-06,0.0397635051593573,14
2165,128,0.8271407480314961,1.172130393231784e-05,0.056033928222505205,14
2166,9,0.5,0.0,0.0006587475325183462,4
2167,5,1.0,0.0,0.0006030931255575097,4
2168,3,1.0,0.0,0.0005953142700372753,4
2170,18,0.7647058823529411,1.91152903373663e-07,0.0007023684183832487,5
2172,193,0.7378562176165803,1.8385184306695422e-05,0.07988717632825222,14
2173,30,0.3931034482758621,1.1301878940287091e-05,0.0007605784837313625,4
2175,8,0.7142857142857143,5.209070105159435e-07,0.0007722136429538715,4
2177,11,0.8545454545454545,1.734374633160775e-07,0.0009030740542677769,4
2178,3,0.6666666666666666,0.0,0.0005957486092592644,4
2179,94,0.8522077327842599,4.256546467717805e-06,0.04194010803521821,14
2181,17,0.40441176470588236,1.634662075831997e-06,0.0006623201703928157,4
2182,8,0.8214285714285714,0.0,0.0006673510883028817,4
2184,186,0.7582098227259517,2.2538953469420808e-05,0.07799196620033672,14
2186,18,0.7843137254901961,6.60802126105902e-07,0.0008271204018376303,4
2188,194,0.7503338496875167,1.564026676900232e-05,0.08096044159123698,14
2190,168,0.8059595095523239,5.056049274452023e-06,0.07260578345317119,14
2192,41,0.6939024390243902,1.1207880638420352e-06,0.0008290526368852812,13
2193,14,0.4175824175824176,2.04084191463021e-06,0.0006883325161262971,4
2195,1,0.0,0.0,0.0005878429753654842,4
2197,22,0.5108225108225108,9.044768403362991e-07,0.000710651274435228,4
2200,173,0.7660975937626024,1.3412511657775637e-05,0.07284345937920923,14
2201,191,0.7706806282722513,0.002983560938905776,0.08074075768837133,14
2202,49,0.6556122448979592,1.1245111958768397e-06,0.0008718167679452829,13
2204,4,1.0,0.0,0.0005991278602823697,4
2205,14,0.7692307692307693,2.252454899790964e-08,0.0008045509839573539,4
2206,210,0.7219867851446798,2.497779425758673e-05,0.08604710359979453,14
2207,22,0.5064935064935064,2.0659301821368454e-06,0.0018314489956330646,5
2208,22,0.683982683982684,1.3504497107070139e-06,0.004514597527023579,4
2209,36,0.6492063492063492,2.9577758063026703e-06,0.0011782715772807554,4
2210,98,0.7973911213970124,7.017586693630205e-05,0.042372949996607734,14
2211,54,0.44654088050314467,6.716147613679038e-06,0.0014412633276346223,4
2212,140,0.8480986639260021,3.8001373124266764e-06,0.062087450366580796,14
2213,103,0.8431372549019608,1.3082823293106514e-06,0.04556166527691421,14
2214,28,0.41005291005291006,2.399239877427341e-06,0.0014439905378846758,4
2216,133,0.8452950558213717,7.123217416509935e-06,0.05873349303223554,14
2217,13,0.5512820512820513,1.1975551883888623e-06,0.0006463087008383119,4
2218,205,0.7252510760401721,6.910050049434275e-05,0.08415063223697199,14
2219,5,1.0,0.0,0.0006351062873599863,4
2220,195,0.7654771345492994,1.7863038280448623e-05,0.0821507168252805,14
2221,41,0.7085365853658536,5.290519341418674e-06,0.001488959557632105,4
2222,46,0.6705314009661836,9.961841365294704e-06,0.001564872502499594,4
2226,51,0.3607843137254902,1.0725336286736494e-05,0.002052664087794439,4
2227,7,0.5714285714285714,0.0,0.0006233930114625713,4
2228,32,0.4314516129032258,5.981264673548069e-06,0.0007973297250060817,4
2229,207,0.6912433750762159,0.00012793955274560803,0.08300291415556228,14
2230,5,0.9,4.129500649616766e-08,0.0006559551611420631,4
2231,36,0.41904761904761906,2.3571332427264645e-06,0.0008359262940233262,4
2232,71,0.46398390342052315,2.1114703037493942e-05,0.002845649706718503,4
2233,222,0.6306713953772777,0.0002038570904902392,0.08516978548809913,14
2234,29,0.5714285714285714,1.8795081649050292e-06,0.00623357454531615,14
2235,70,0.5995859213250517,3.532446311599705e-05,0.0023537688786381614,4
2236,37,0.3963963963963964,4.563301199913555e-06,0.000772769157797956,4
2237,124,0.8456595856281144,2.9235170608698453e-06,0.05483578508164925,14
2238,13,0.34615384615384615,7.540530283954346e-07,0.0006401270110201877,4
2240,201,0.7339303482587065,2.7233905398459685e-05,0.08305196773775625,14
2242,40,0.4064102564102564,8.23562459699513e-06,0.0024265784239330167,4
2243,59,0.7019286966686148,4.80054178905523e-06,0.002743462578508126,4
2244,200,0.7468844221105527,1.3135539277597081e-05,0.08333676068656974,14
2245,7,0.9047619047619048,0.0,0.000610727772488875,4
2248,18,0.7124183006535948,1.1875905466379662e-06,0.0007071247438648062,4
2249,19,0.7134502923976608,3.4677216993576696e-07,0.0012125970529672093,4
2251,9,0.4166666666666667,0.0,0.0006311420367274417,4
2252,10,0.9777777777777777,0.0,0.0008985194751791282,4
2253,157,0.8075289890576515,6.2188451364256035e-06,0.06786815979003447,14
2255,10,0.7555555555555555,2.47770038977006e-07,0.0006331194436116723,5
2256,7,0.9047619047619048,0.0,0.0006615657388285747,4
2257,155,0.7831587767071638,9.242490967942114e-06,0.06604973795359048,14
2258,49,0.8324829931972789,8.564476403977902e-07,0.021305574228873435,14
2259,55,0.5737373737373738,1.926529089633524e-05,0.0034871578078678944,4
2260,20,0.33157894736842103,1.0929590485580931e-06,0.0007088532604695118,4
2261,129,0.8433866279069767,3.7316667128443726e-06,0.057245956307500644,14
2262,14,0.6923076923076923,1.5444332429566706e-06,0.002635154045676896,14
2263,7,0.8095238095238095,0.0,0.0006201556939936484,4
2265,11,0.6727272727272727,0.0,0.0006652375281477542,4
2269,2,0.0,0.00012075160923179347,0.0005880108699640034,1
2270,15,0.8476190476190476,2.252454899790964e-08,0.000717297621694932,4
2271,180,0.7880198634388579,1.675515381567127e-05,0.07693722478526469,14
2272,29,0.6428571428571429,6.881722795951678e-07,0.0012571707214726544,4
2274,35,0.8840336134453781,4.810725363474666e-07,0.0014841923033383126,4
2275,185,0.7849588719153937,1.640227215841822e-05,0.07890584013023658,14
2276,154,0.8085052202699261,6.878250698441561e-06,0.06659310174237972,14
2277,16,0.375,7.185331130333174e-07,0.0007227235308320113,4
2278,174,0.7509135605607601,0.0002774145242970022,0.07261538234854739,14
2280,59,0.6797194623027469,1.0760544443550353e-05,0.0025902679606088037,4
2281,9,0.75,9.91080155908024e-08,0.0006183666213544989,4
2286,24,0.5615942028985508,5.435521963005522e-06,0.0007378636672012144,4
2287,68,0.8520632133450395,4.2553903786752974e-05,0.030461446685094644,14
2288,21,0.4238095238095238,3.289597497453815e-06,0.003949145329315953,14
2290,184,0.7963886909004514,7.0733837854916804e-06,0.0790340779163729,14
2291,17,0.6397058823529411,0.0,0.0012759807090381367,4
2296,34,0.5793226381461676,1.029672680575944e-05,0.0010871412268323387,4
2297,38,0.6770981507823614,1.6006945566615278e-06,0.0008063397628235355,13
2299,155,0.8196062002513615,3.8188628394082755e-05,0.06748724679424369,14
2300,122,0.6585828478525945,8.511853524384273e-05,0.04727110474941438,14
2301,10,0.6444444444444445,7.020151104348503e-07,0.0006247528104534763,4
2303,29,0.6280788177339901,0.0,0.008366109399500034,14
2304,66,0.5958041958041959,2.4921636291274227e-06,0.002425760082015604,4
2305,16,0.7916666666666666,1.4099641074336663e-07,0.001071429176126834,4
2306,113,0.888432364096081,1.1615064096501589e-06,0.05094738258799045,14
2307,141,0.8533941236068896,4.141043222759071e-06,0.06258820722039664,14
2308,156,0.836641852770885,4.066975114561454e-06,0.06858027423620931,14
2309,199,0.731130399472108,0.00016163706803480382,0.08201696939629036,14
2310,23,0.6482213438735178,1.9471370424608448e-07,0.0010289028107757516,4
2311,51,0.7788235294117647,4.1629346541318366e-06,0.02138027787332171,14
2312,16,0.85,1.377137116581277e-07,0.0008612196465782756,4
2313,85,0.15630252100840336,0.00011810853081294257,0.0020899468800010743,4
2314,19,0.7192982456140351,9.209427904055695e-07,0.0007135927239028032,4
2316,10,0.3111111111111111,0.0,0.0006632179370421724,4
2317,36,0.41904761904761906,1.027094162230205e-05,0.0008024421884415773,4
2318,37,0.5420420420420421,6.198728361830786e-06,0.0010928736969389422,4
2320,16,0.8583333333333333,6.726788388516001e-08,0.0006774303538797298,5
2321,7,0.38095238095238093,7.185331130333174e-07,0.0006201151606005686,4
2322,46,0.36231884057971014,1.517788044590854e-05,0.001137249259328994,4
2323,183,0.7703116555575572,9.408418754505276e-06,0.07732933334999972,14
2324,198,0.7052761113674819,0.0023400832791071573,0.08018136888846182,14
2326,180,0.7906890130353817,1.0861529310158864e-05,0.07701059211543591,14
2329,124,0.8317597692105954,8.640929013009012e-05,0.054643973771551176,14
2331,190,0.7538290169869117,2.363345307763224e-05,0.07942908233565207,14
2334,139,0.7443436555103743,2.6655541287823684e-05,0.05747210430973893,14
2335,34,0.40998217468805703,3.982168270017515e-06,0.0007947438907622245,4
2339,182,0.744399247161678,1.8391685283851926e-05,0.07566691034534784,14
2340,200,0.7429145728643216,0.023812205982459665,0.08305770990284382,14
2341,26,0.3507692307692308,1.4014436105726881e-06,0.0007019601797374562,4
2342,28,0.41798941798941797,5.2346525885794514e-06,0.0007714162899665903,4
2345,52,0.41704374057315236,2.0004916273991854e-05,0.002733150397793299,4
2346,36,0.7158730158730159,9.873926151415323e-07,0.0007811259378283707,13
2348,151,0.8296688741721854,1.4069780822227873e-05,0.06621484106716884,14
2349,18,0.7843137254901961,1.9750971840081064e-06,0.0006936940715708496,5
2350,28,0.5079365079365079,1.7274722065074224e-05,0.008450236193317672,14
2352,168,0.8097376675220986,9.355890742718814e-06,0.07259993641819898,14
2353,86,0.8429548563611491,2.5953807734238894e-06,0.03793493063168504,14
2354,177,0.7969311761684643,8.994918086563293e-06,0.07600644009195986,14
2356,172,0.8279613763089896,8.312681984504005e-06,0.07524675421647732,14
2357,13,0.28205128205128205,0.0,0.0006460378366229005,4
2358,6,0.7333333333333333,7.43310116931018e-07,0.0006607496382523494,4
2359,147,0.8568632932625104,4.693968760568512e-06,0.0653708960665333,14
2360,12,0.4696969696969697,1.3013826332935125e-06,0.0006378606190582188,4
2361,45,0.35555555555555557,9.770162703040087e-06,0.0008924105333709338,4
2362,25,0.8233333333333334,2.4266502290758785e-07,0.0009329576893623826,4
2363,167,0.8222350479763365,8.849091423200812e-06,0.07284672510970433,14
2365,55,0.6316498316498317,2.601281452184361e-06,0.0009226382064192315,13
2366,36,0.5301587301587302,3.2295238040187623e-06,0.0011928885240064925,4
2367,50,0.5224489795918368,7.977805803427338e-06,0.0021035554344030183,4
2369,197,0.7412203460064228,3.482959372000721e-05,0.08175231125981672,14
2370,158,0.8352817866645167,3.667338059478655e-06,0.06942169612272195,14
2371,36,0.47619047619047616,4.324258109215431e-06,0.0008170559986839629,4
2373,12,0.4090909090909091,3.92426757221852e-07,0.0006404432143654362,4
2374,168,0.8238522954091816,6.4041873920259874e-06,0.07344892861599492,14
2375,6,1.0,0.0,0.0006166454262244666,4
2376,179,0.7501726194212541,3.39954946899022e-05,0.07461423819470604,14
2379,36,0.5349206349206349,5.270237366126237e-06,0.001741360288433529,4
2380,3,1.0,0.0,0.0006055911689394757,4
2381,176,0.7972727272727272,3.743592154984897e-05,0.07560175080571283,14
2382,2,1.0,0.0,0.0005916983532562463,4
2383,24,0.6195652173913043,2.745748344062698e-05,0.007985570649135389,14
2386,139,0.8609112709832134,7.362312012558057e-06,0.06220001928362303,14
2387,50,0.5126530612244898,1.5235999842102745e-05,0.01411495822068877,14
2388,6,0.4666666666666667,0.0,0.0006175864088366617,4
2390,50,0.8,0.0005031461547430786,0.002185581396238409,4
2391,72,0.6173708920187794,6.692067070026235e-05,0.026430611060058902,14
2392,92,0.8279980888676541,4.9020071376002946e-06,0.04071755566152144,14
2393,32,0.5705645161290323,1.0402075027755662e-05,0.008160937939037195,14
2395,179,0.7718285104513213,3.562090285086939e-05,0.07573591610786981,14
2396,69,0.6534526854219949,9.685957978178876e-06,0.0025171235793602993,4
2397,35,0.346218487394958,1.109847201410955e-05,0.0007896494996478,4
2400,19,0.7485380116959064,1.0894505691478881e-07,0.0010121078173071984,4
2401,21,0.5190476190476191,1.4753912468739153e-06,0.0012498879676853905,5
2402,15,0.7047619047619048,3.680331811989145e-07,0.0006649314057173667,4
2403,17,0.6544117647058824,1.3156229434022749e-06,0.0007037261337419597,4
2404,170,0.7367211973546816,2.9409660015498576e-05,0.07010911887420306,14
2405,20,0.4052631578947368,1.8067246028993623e-06,0.0006777370705083837,4
2406,36,0.5285714285714286,6.143105681499458e-06,0.0010746313202269317,4
2407,89,0.866956077630235,5.547413974454789e-06,0.03997067971163402,14
2408,153,0.8390092879256966,6.810110537949873e-06,0.06742785572448069,14
2409,178,0.7775026978988129,1.4971862695382258e-05,0.07554433845021723,14
2410,208,0.6933296172426607,0.004817560367410994,0.08351571909330141,14
2411,32,0.3810483870967742,6.334249173308729e-06,0.0007829902499714779,4
2412,31,0.3247311827956989,5.8420690623796285e-06,0.000724167779202602,4
2414,184,0.7643739605607033,0.0015119844010276248,0.07755028506795589,14
2415,41,0.875609756097561,1.1110348090965512e-06,0.0015679059625081549,4
2416,37,0.6201201201201201,1.9501984744442236e-06,0.0011077600845078412,4
2418,117,0.8723843206601827,3.188824062172927e-06,0.052311198440363714,14
2421,8,0.42857142857142855,2.436405383273892e-06,0.0006138946924964751,4
2422,5,0.9,0.0,0.0006126552691395865,4
2423,165,0.80169992609017,8.270682645348815e-06,0.07119183018242754,14
2424,11,0.6363636363636364,2.6307793149499923e-07,0.0006345697606597968,4
2425,36,0.5,6.9066324990179795e-06,0.0014575942343201683,4
2426,18,0.673202614379085,4.38922942350669e-07,0.001628427101076115,5
2427,25,0.6466666666666666,6.575576468194924e-07,0.007422440530176524,14
2428,191,0.7329291815927252,3.1924865309258554e-05,0.07872069600730633,14
2429,86,0.639124487004104,0.00010589982721164987,0.03207490196761867,14
2430,146,0.8199338686820973,1.2531008170200596e-05,0.06352361317135069,14
2431,5,1.0,0.0,0.0006125650310617452,4
2432,28,0.7724867724867724,1.3814604406301939e-06,0.0012326587888577527,4
2433,147,0.8347777467151244,1.9414329259243457e-05,0.06476650692802484,14
2434,91,0.5619047619047619,1.2313791368223616e-05,0.003163425419820329,4
2435,27,0.7749287749287749,4.244922624553591e-07,0.0007326552158747976,13
2437,5,0.8,0.0,0.0006027950506119705,4
2438,68,0.6180860403863038,8.041118309565459e-06,0.0031822473187964784,4
2439,10,0.7333333333333333,0.0,0.0006320132014874792,4
2440,34,0.49376114081996436,8.880648735059128e-07,0.0008290381473827892,4
2441,4,1.0,0.0,0.0006086983836665479,4
2442,3,0.6666666666666666,0.0,0.0012424720653541168,14
2443,23,0.31225296442687744,0.00016100701399008916,0.004607086827565115,14
2444,16,0.9083333333333333,6.726788388516001e-08,0.0006777262644729978,5
2446,161,0.8075310559006211,6.910737743274807e-06,0.06960884177406333,14
2448,33,0.5056818181818182,3.87734933012046e-06,0.0007906423205948855,4
2449,46,0.5256038647342995,1.4262705539081036e-05,0.013087633031016005,14
2450,12,0.6666666666666666,8.341591312225869e-07,0.0006410121101561093,4
2452,10,0.6666666666666666,3.1297961480545683e-07,0.0006882218547989687,4
2453,14,0.4725274725274725,8.805366000567444e-07,0.0007472619651971231,4
2454,16,0.75,4.119893323195401e-06,0.00487890791177589,14
2455,16,0.525,6.072029856297299e-07,0.0006666882095893737,4
2456,8,0.42857142857142855,6.19425097442515e-07,0.0006258768645688642,4
2457,1,0.0,0.0,0.0005878429753654842,4
2460,169,0.7969146238377007,1.0018865502921971e-05,0.07268778739382242,14
2462,96,0.7478070175438597,2.4726145598512457e-05,0.04006563996117626,14
2464,202,0.7493719521205852,1.1666306535647212e-05,0.08427358694322913,14
2466,11,0.7818181818181819,1.5303443583873902e-07,0.0006580190771468405,5
2467,130,0.8441264162194395,2.788676683839964e-06,0.05741305353119031,14
2469,135,0.8715312327252626,2.8405590598615517e-06,0.060892915492281235,14
2470,2,1.0,0.0,0.0005918935985147783,4
2473,49,0.5306122448979592,8.46443937028785e-06,0.00228698215351538,4
2474,26,0.39384615384615385,6.2355665567094505e-06,0.0008053858839976253,4
2476,36,0.5841269841269842,1.0495380290493605e-05,0.011631004630386167,14
2477,113,0.8574589127686473,2.639599926321257e-06,0.050100418030785944,14
2478,93,0.5593735390369331,0.00020206916171590716,0.03218585219232853,14
2479,46,0.8830917874396135,5.758896463529508e-07,0.0018063041516980405,4
2480,27,0.5470085470085471,3.107634144477841e-06,0.0009608605971710078,4
2481,3,0.6666666666666666,0.0,0.0005954996454353285,4
2482,160,0.8165094339622642,1.4948479916144883e-05,0.06951668165188016,14
2483,3,1.0,0.0,0.0005953512094374541,4
2484,126,0.8419047619047619,1.06145346887087e-05,0.055445531843152075,14
2485,137,0.8311507084585659,6.479313027541952e-06,0.0601155610496415,14
2486,18,0.7647058823529411,3.15037922862166e-07,0.0006891568929774572,5
2487,9,0.75,9.91080155908024e-08,0.0006183666213544989,4
2488,39,0.46153846153846156,1.2553361872960742e-05,0.0007867438652622856,4
2489,108,0.8537556247836622,5.093245306822097e-06,0.0476040919335451,14
2490,15,0.6761904761904762,9.627635800249374e-07,0.0007414425914274412,5
2492,178,0.7922300514187773,7.167232222372492e-06,0.07637267036701287,14
2493,6,0.8,0.0,0.0006558851647763763,4
2495,145,0.8005747126436782,6.6773261200454225e-06,0.06226515824164353,14
2497,25,0.5133333333333333,7.365854802088216e-06,0.0007398937989502112,4
2499,93,0.6870032725572698,2.6352072647997076e-05,0.03682624195703246,14
2500,181,0.7800491098833641,7.978002306196386e-06,0.07694446377983465,14
2503,16,0.8833333333333333,2.41523735473384e-07,0.0006991857177143186,4
2504,151,0.8185430463576159,7.192141284787791e-06,0.06566525610002892,14
2505,5,1.0,0.0,0.0006152064629975659,4
2506,124,0.8036978756884343,2.3063176794391677e-05,0.053333833060252814,14
2507,201,0.7392039800995025,2.2800775482156922e-05,0.08326801884968654,14
2513,15,0.8380952380952381,1.479557106054094e-06,0.0006814508387695912,5
2514,9,0.75,0.0,0.0006953248184749838,4
2515,13,0.8076923076923077,3.15037922862166e-07,0.0006643141666770355,5
2517,6,1.0,0.0,0.000654970815883154,4
2518,48,0.5124113475177305,2.8756340297341875e-06,0.004561249838150595,4
2520,165,0.8058388765705838,5.358239749675432e-05,0.07118933856402242,14
2521,141,0.8252279635258358,7.324363754660414e-05,0.06177872009110207,14
2522,14,0.5384615384615384,1.762262610633205e-06,0.0014385988542152375,4
2523,17,0.45588235294117646,2.6645628815716407e-06,0.000666983854013442,4
2524,13,0.717948717948718,4.425909221577756e-07,0.005143525210097538,14
2525,35,0.6201680672268908,8.158385993277788e-07,0.001179365245571489,4
2526,191,0.6689997244419951,0.00043465875824220544,0.07522622769893321,14
2527,4,0.6666666666666666,0.0,0.0006235517233448764,4
2528,7,0.8571428571428571,0.0,0.0006202084452261636,4
2531,23,0.5059288537549407,1.4066897883183044e-06,0.0015053218675869712,4
2532,106,0.891644204851752,3.301664661721169e-06,0.04829575263283819,14
2534,18,0.6993464052287581,1.952316861743187e-06,0.0007158395830461739,4
2535,11,0.5272727272727272,1.379253216972e-06,0.0006283277292805971,4
2536,63,0.7526881720430108,2.060760554310987e-05,0.025978462898713892,14
2537,95,0.5948488241881299,1.666751299610761e-05,0.003794005798773421,4
2539,140,0.8396711202466598,4.036451847682751e-06,0.06170433289096536,14
2540,31,0.3311827956989247,2.5751311571978525e-06,0.0008054245808477875,4
2541,2,1.0,0.0,0.0005916983532562463,4
2545,9,0.6388888888888888,0.0,0.0014944693970128699,14
2546,144,0.8039044289044289,1.0833187067842366e-05,0.0621245710472584,14
2548,8,0.9285714285714286,0.0,0.0006244420671612811,4
2549,161,0.8392080745341615,6.508122599272647e-06,0.07092570361115612,14
2550,162,0.7925772563453722,0.00020329979606526413,0.0694803691305366,14
2551,158,0.7666693541885028,1.980852410404397e-05,0.06674998776753295,14
2552,112,0.8650257400257401,2.994004694419496e-06,0.050091202212826494,14
2553,173,0.7945960478558947,2.637657680066107e-05,0.07410600005717463,14
2554,93,0.895278167367929,2.765211587806307e-05,0.042369952374995044,14
2556,131,0.8173810921902525,5.719413976441401e-06,0.05694876973434012,14
2557,31,0.5720430107526882,1.3291700833215586e-06,0.001096876727159819,4
2558,22,0.33766233766233766,2.5189953962662277e-06,0.0006825453575913134,4
2559,165,0.8184035476718403,7.779427372395915e-06,0.07193562973046826,14
2560,201,0.6933333333333334,0.00037313821371012936,0.08078236526322577,14
2561,155,0.7961457896941768,1.5180262374915584e-05,0.0665825467561098,14
2562,14,0.3956043956043956,1.316762032316261e-06,0.0006575979023599258,4
2563,110,0.8492076730608841,3.923904377989839e-06,0.0487413123974047,14
2564,188,0.7602685174650131,2.0890511355040188e-05,0.07894643991751278,14
2565,4,0.8333333333333334,9.91080155908024e-08,0.0006082311224109053,4
2566,26,0.64,4.6758653509506775e-07,0.000896093296842267,4
2568,11,0.8909090909090909,2.9149416350236e-08,0.0007946562347452361,4
2569,2,0.0,0.00029068102314186407,0.0005878688966347288,0
2570,21,0.38571428571428573,4.734394263791449e-06,0.000681239394367991,4
2572,19,0.7017543859649122,2.4801295077992466e-07,0.002185024835024869,4
2573,152,0.8367898222377135,9.90368210149797e-06,0.0669627072578121,14
2574,103,0.8254330858557015,4.368926800727687e-06,0.044666787163277544,14
2575,141,0.7688956433637285,2.6498058499847927e-05,0.059395890889532794,14
2576,45,0.6313131313131313,1.4765718353104172e-05,0.016390080957435892,14
2577,20,0.531578947368421,2.700895568237808e-06,0.0006816883732240976,4
2578,164,0.832485410743678,6.970184390017569e-06,0.07199281688696697,14
2579,116,0.8835082458770614,1.7128891692409414e-06,0.05244797357904392,14
2580,7,0.6190476190476191,1.486620233862036e-06,0.0006574889090768483,4
2581,24,0.3007246376811594,9.551528941417932e-06,0.0020878332073770963,4
2584,15,0.7523809523809524,0.0,0.0022778046882817628,14
2585,40,0.7397435897435898,1.496722495222942e-06,0.0008168876597762996,13
2586,188,0.7893958357037205,0.004680506798841101,0.08042627588874127,14
2587,19,0.5380116959064327,2.7274547342540252e-06,0.0006696184445794195,4
2590,197,0.7460375012949342,2.3583574568707026e-05,0.0819971166744582,14
2591,96,0.8739035087719298,1.6513525766829668e-06,0.04303239715320622,14
2593,186,0.780528916012787,0.003594854877699674,0.07912800787704978,14
2595,3,1.0,0.0,0.0005953512094374541,4
2596,2,1.0,0.0,0.000596740532261363,4
2599,14,0.8571428571428571,3.132157633567106e-08,0.001437632697902511,4
2600,183,0.7380652134750495,0.0005894045433755593,0.07582760472673973,14
2601,190,0.7660818713450293,1.3361690529606983e-05,0.08013789712091178,14
2602,198,0.7284520330205609,7.80555287347556e-05,0.08148892536397177,14
2603,68,0.5935030728709394,1.2783541656020725e-05,0.0022323338884935873,4
2604,197,0.7472806381435823,0.0016305314822687004,0.08206870971304436,14
2606,75,0.9012612612612613,3.530712327863525e-07,0.03453611704142316,14
2607,195,0.7462860163891092,4.551458807972781e-05,0.08124045985731786,14
2610,51,0.4054901960784314,8.96494226422578e-06,0.0013017541990991929,4
2611,207,0.6688710660850804,0.00015167780144750536,0.08154189360119975,14
2612,28,0.656084656084656,4.0525790640308e-06,0.0009948972538989748,4
2613,31,0.8473118279569892,5.331953640455812e-07,0.013918841997788029,14
2614,17,0.4411764705882353,0.0,0.0006816131410131371,4
2615,185,0.7790246768507638,1.3196098780314942e-05,0.0786408859617713,14
2618,23,0.44664031620553357,3.782786093377846e-06,0.0007457199145889574,4
2619,164,0.7964985784827173,9.566077613147947e-06,0.07037197677751278,14
2620,55,0.661952861952862,2.5159885845497424e-06,0.0009197999894956369,13
2621,6,0.9333333333333333,0.0,0.0006164581966414409,4
2622,21,0.5857142857142857,1.003301068424406e-05,0.0021487460495409434,5
2623,130,0.8197972570065594,7.654800493475105e-06,0.05651378793700849,14
2624,188,0.7690294686539993,5.3287001430593836e-05,0.07939707488953729,14
2625,186,0.7826213310084278,9.171616829534438e-06,0.0792690897314132,14
2626,34,0.6203208556149733,4.128765457804184e-06,0.0007624451055268479,13
2627,41,0.7207317073170731,1.4354072646136692e-06,0.0008454107893231239,13
2628,28,0.6058201058201058,2.3527412656071867e-06,0.0007603355253148484,4
2630,173,0.7998386879956983,1.2693114077711097e-05,0.07437565910587551,14
2631,116,0.8187406296851574,5.064223621817496e-05,0.05050025715217455,14
2632,7,0.9047619047619048,1.3214402078773653e-07,0.0006217148472193392,4
2633,41,0.7341463414634146,9.141183514598978e-07,0.0008122705597374782,13
2634,5,0.4,0.0,0.0006042198249166475,4
2637,35,0.5714285714285714,3.107299618598014e-06,0.001186479161171899,4
2638,166,0.8240233661920409,6.3493608912281825e-06,0.07250001263378564,14
2639,37,0.7192192192192193,1.0220077113043182e-06,0.0008116489840278913,13
2641,19,0.6023391812865497,5.944977195715791e-07,0.0008839626160036252,4
2644,27,0.42165242165242167,2.209312817182993e-06,0.0007614726913184877,4
2645,54,0.6464011180992313,1.8083096148367968e-06,0.000901233924047885,13
2646,135,0.7833056937534549,1.6923016430378166e-05,0.05723060030053786,14
2648,48,0.6781914893617021,6.290102139196715e-06,0.000871619963051351,13
2650,18,0.8169934640522876,6.726788388516001e-08,0.0006856311581982248,5
2651,7,0.6190476190476191,0.0,0.0006314952251733183,4
2652,49,0.8903061224489796,5.212559670928191e-07,0.0018692659602322992,4
2654,151,0.8481236203090508,2.9370440774945013e-06,0.06686293818238974,14
2655,168,0.8250641573994867,6.479578683567445e-06,0.07338664055117489,14
2656,16,0.4083333333333333,0.0,0.000675190877859223,4
2657,52,0.7051282051282052,2.066350970515736e-06,0.0008659754405173521,13
2658,36,0.7174603174603175,1.5723699233322296e-06,0.0007945729233398523,13
2659,58,0.4010889292196007,3.446114383473864e-05,0.0008989217339715083,13
3438,24,0.5797101449275363,6.222115061037736e-06,6.830188922176865e-08,3
3439,9,0.75,2.6428804157547305e-07,4.716835570474831e-08,3
3441,6,0.5333333333333333,4.2946806756014376e-07,4.633885332838401e-08,3
3442,45,0.3656565656565657,1.208594025282885e-05,7.938809159924803e-08,3
3443,22,0.49783549783549785,7.176024485938535e-06,9.884374961252813e-08,3
3444,5,0.9,0.0,4.671948149517038e-08,3
3445,7,1.0,0.0,4.670288049838056e-08,3
3446,11,0.7272727272727273,1.5338145270005133e-07,4.7808813113775025e-08,3
3447,6,0.6,0.0,4.6297596004841275e-08,3
3448,47,0.47178538390379277,1.4149743988466223e-05,1.1478509187949593e-07,3
3449,45,0.5606060606060606,6.211418504375636e-06,1.1937680892773784e-07,3
3450,18,0.7647058823529411,1.9834309274005457e-07,7.711598474576796e-08,3
3451,1,0.0,0.0,4.4813493282538024e-08,3
3452,16,0.75,6.036676752549216e-07,7.534761725627337e-08,3
3453,1,0.0,0.0,4.4813493282538024e-08,3
3455,38,0.4850640113798009,3.695600958335444e-06,5.850376026971324e-08,3
3457,6,0.6666666666666666,2.47770038977006e-07,4.954617526205676e-08,3
3458,20,0.6157894736842106,1.4088084974484914e-06,7.715473094366087e-08,3
3459,15,0.3904761904761905,0.0,1.3321357588662145e-07,3
3460,28,0.4417989417989418,4.952380034162766e-06,1.2265682467943425e-07,3
3461,8,0.6785714285714286,0.0,5.137714698938785e-08,3
3462,20,0.6684210526315789,2.146168194796299e-06,8.009580065428768e-08,3
3463,24,0.6413043478260869,1.3592797272430035e-06,8.027925531000053e-08,3
3464,31,0.410752688172043,0.0004956444110327605,3.255164408079048e-06,3
3465,16,0.9416666666666667,1.23885019488503e-07,1.1295075828427337e-07,3
3466,26,0.5076923076923077,1.1901384228967414e-05,1.2094521683385319e-07,3
3467,3,1.0,0.0,4.7570360167317334e-08,3
3468,29,0.32019704433497537,0.0,1.6029572417327234e-07,3
3469,28,0.5291005291005291,5.56830337555991e-06,1.63731691022331e-07,3
3470,16,0.5666666666666667,1.6256467557324671e-06,5.022789628732246e-08,3
3471,25,0.5533333333333333,3.987680320693665e-06,6.481507957069508e-08,3
3472,15,0.8380952380952381,2.47770038977006e-08,4.9662310255249856e-08,3
3473,17,0.8088235294117647,1.114965175396527e-07,4.972367916365051e-08,3
3474,18,0.6013071895424836,1.475134501535721e-06,1.159846496627414e-07,3
3475,32,0.4899193548387097,5.820044955461323e-06,7.096140435239945e-08,3
3476,15,0.8476190476190476,4.95540077954012e-07,1.1183306454343761e-07,3
3477,6,0.6,9.91080155908024e-08,4.944251058090046e-08,3
3478,17,0.8014705882352942,0.0,5.002656385262912e-08,3
3479,15,0.9238095238095239,1.313932024878062e-07,5.131626886578198e-08,3
3480,25,0.6633333333333333,1.5580217366456481e-06,7.307922093767408e-08,3
3481,14,0.9230769230769231,1.313932024878062e-07,5.099886736509103e-08,3
3482,13,0.6923076923076923,5.203170818517126e-07,4.903379562887209e-08,3
3483,13,0.38461538461538464,0.0,9.135079049588161e-08,3
3484,15,0.5428571428571428,0.0,5.6888061069335274e-08,3
3485,19,0.5730994152046783,2.2466844466175155e-06,5.624497705388776e-08,3
3486,30,0.6183908045977011,5.803836676587129e-07,8.190459881999583e-08,3
3488,47,0.5615171137835338,6.965641431502988e-06,9.878619728616429e-08,3
3489,5,1.0,0.0,6.645631413611724e-08,3
3490,15,0.5238095238095238,5.250365111655604e-07,4.8973889241848884e-08,3
3491,23,0.5849802371541502,1.3730707985704527e-06,6.576453590225036e-08,3
3492,9,0.5,7.946339107191122e-07,5.3161629278677e-08,3
3493,19,0.7192982456140351,1.0081862267073629e-06,7.646759852430922e-08,3
3494,4,0.5,0.0,4.719808457360692e-08,3
3496,19,0.27485380116959063,0.0,5.867212637867317e-08,3
3497,24,0.6376811594202898,1.0940861227955449e-06,7.981062357184409e-08,3
3498,18,0.8627450980392157,0.0,5.110380358623403e-08,3
3499,21,0.3904761904761905,3.0896709340918383e-06,1.3712765001081477e-07,3
3500,20,0.6789473684210526,0.0,5.0971971897895994e-08,3
3502,8,0.8214285714285714,0.0,4.90285389453573e-08,3
3503,13,0.6025641025641025,2.47770038977006e-07,7.307799619094903e-08,3
3504,9,0.4166666666666667,0.006954922505916283,5.1918905821654433e-08,3
3505,25,0.49,5.698710896471138e-07,5.2932513725428995e-08,3
3506,48,0.34397163120567376,5.516961654057388e-06,1.6932812972770761e-07,3
3507,9,0.4722222222222222,9.993391572072575e-07,5.000762811793477e-08,3
3508,24,0.43478260869565216,1.6765772637444075e-06,5.243652556848118e-08,3
3509,22,0.696969696969697,2.7388985252650506e-07,7.804171571915735e-08,3
3510,20,0.6105263157894737,1.4962736120039971e-06,1.1719343622982123e-07,3
3511,22,0.19047619047619047,6.452738050802352e-06,5.567620024928162e-08,3
3512,13,0.44871794871794873,1.295676414214042e-06,5.6300053000257976e-08,3
3513,6,0.8,1.23885019488503e-07,4.6291707211237415e-08,3
3514,41,0.5804878048780487,6.339494178949472e-06,1.3711836005577882e-07,3
3515,11,0.4727272727272727,2.1648594314657594e-06,5.1349687444920344e-08,3
3516,14,0.945054945054945,0.0,5.100278860262985e-08,3
3518,33,0.7064393939393939,1.991333299586357e-06,1.2856235219123888e-07,3
3519,17,0.8455882352941176,5.533530870486466e-07,1.136908478613325e-07,3
3520,10,0.5333333333333333,0.0,5.183107804649572e-08,3
3521,58,0.25045372050816694,3.784283073710484e-05,7.536958593451403e-08,3
3522,9,0.5,0.0,5.230094082156657e-08,3
3523,14,0.9230769230769231,1.313932024878062e-07,5.099886736509103e-08,3
3524,16,0.575,1.7060736969559558e-06,5.58042587165456e-08,3
3526,30,0.3425287356321839,6.339026408964655e-06,5.6819497738738386e-08,3
3527,23,0.7075098814229249,8.9759519157572e-07,6.260420373005402e-08,3
3528,36,0.6492063492063492,2.6400333334610166e-06,8.967501761872896e-08,3
3529,35,0.4084033613445378,1.0524884012428493e-05,1.6717338026623695e-07,3
3530,8,0.5357142857142857,1.4878524834564824e-05,6.74363994106654e-08,3
3531,9,0.7222222222222222,2.6428804157547305e-07,4.722468798165856e-08,3
3532,15,0.4095238095238095,0.0,5.4594372807120594e-08,3
3533,15,0.580952380952381,7.085222023675798e-07,6.067394945035427e-08,3
3534,23,0.3557312252964427,0.00020239244354313218,3.2708271605230635e-06,3
3535,19,0.4444444444444444,0.0,1.1532642643205226e-07,3
3536,11,0.4,0.0,4.775946211198647e-08,3
3537,4,0.6666666666666666,0.0,4.5695639929334654e-08,3
3538,20,0.6789473684210526,4.7135300272054237e-07,5.05987612005859e-08,3
3539,10,0.26666666666666666,1.6518002598467066e-06,6.89974825916439e-08,3
3541,12,0.9242424242424242,4.129500649616766e-08,4.822738921005641e-08,3
3542,33,0.5454545454545454,3.056890608074407e-06,1.0495031562111106e-07,3
3543,10,0.4222222222222222,0.0,4.9404787796390144e-08,3
3544,5,0.5,0.0,4.7706354423696294e-08,3
3545,83,0.3397002644725242,4.497795631370668e-05,1.3626243758722963e-07,3
3546,16,0.44166666666666665,8.719145657333686e-07,4.925194571201526e-08,3
3547,13,0.3333333333333333,0.0,5.494720617051092e-08,3
3548,8,0.5,1.0288355904188058e-06,5.0854666944708625e-08,3
3549,15,0.5142857142857142,3.881730610639761e-06,4.899102063644017e-08,3
3551,9,0.5555555555555556,7.231047558409919e-06,5.07059901526717e-08,3
3552,7,0.7142857142857143,0.0,5.2032946341701174e-08,3
3553,33,0.4412878787878788,7.880304912737268e-06,5.598292382033993e-08,3
3554,21,0.5952380952380952,3.5828984560905922e-06,1.1845670385039943e-07,3
3555,20,0.30526315789473685,1.1077072651638672e-06,1.1589804094672499e-07,3
3557,31,0.7010752688172043,1.5938409050864572e-06,1.2705762732066428e-07,3
3558,38,0.40825035561877665,2.5030709623689986e-06,1.4784338301576405e-07,3
3559,27,0.4472934472934473,1.1488468759258038e-05,6.178366002994014e-08,3
3560,3,1.0,0.0,4.7477517147650685e-08,3
3562,15,0.9238095238095239,1.313932024878062e-07,5.131626886578198e-08,3
3563,17,0.5882352941176471,4.013466834037143e-06,6.394027655929726e-08,3
3564,17,0.47058823529411764,1.0518606849500022e-06,9.494687928028455e-08,3
3565,4,1.0,0.0,4.741857109744966e-08,3
3566,9,0.3611111111111111,0.0,4.9277847331213534e-08,3
3567,14,0.9010989010989011,9.084901429156888e-08,4.883481480432361e-08,3
3568,35,0.34789915966386553,1.4044111305200316e-06,1.670397806956526e-07,3
3569,26,0.7169230769230769,4.3793377187312323e-07,8.023402607733254e-08,3
3570,1,0.0,0.0,4.4813493282538024e-08,3
3571,17,0.8014705882352942,5.781300909463474e-07,1.130913719785343e-07,3
3572,8,1.0,0.0,6.778039574000388e-08,3
3573,22,0.47186147186147187,5.324764192040732e-06,6.20028457931836e-08,3
3574,15,0.638095238095238,1.0843546077469168e-06,9.648590750737569e-08,3
3575,3,1.0,0.0,4.696247277768067e-08,3
3576,42,0.4912891986062718,7.471941797623275e-06,1.1812048514636334e-07,3
3578,24,0.7246376811594203,4.4178795757869597e-07,1.0611674490260638e-07,3
3579,16,0.9416666666666667,1.23885019488503e-07,1.1295075828427337e-07,3
3580,9,0.6111111111111112,0.0,4.718760906130409e-08,3
3581,12,0.9696969696969697,4.129500649616766e-08,4.833885026040538e-08,3
3582,3,1.0,0.0,4.627269485481089e-08,3
3583,10,0.3111111111111111,7.582549764248691e-07,1.4734398855043892e-07,3
3584,49,0.32482993197278914,4.7749935080795844e-06,1.5344396439093052e-07,3
3585,8,0.6071428571428571,1.698994552985184e-07,4.6910704578935565e-08,3
3587,17,0.8382352941176471,0.0,5.003028485878053e-08,3
3588,4,0.8333333333333334,0.0,4.5790424757773043e-08,3
3589,3,0.3333333333333333,0.013160187153329663,5.0910578714653413e-08,3
3590,27,0.6438746438746439,6.1510273549882265e-06,5.589023856404281e-08,3
3591,19,0.7894736842105263,3.0333059317184973e-07,5.6878059309002315e-08,3
3593,47,0.36077705827937095,1.2124823289914616e-05,1.7342401515764433e-07,3
3594,12,0.9696969696969697,0.0,5.037162160293502e-08,3
3595,14,0.8901098901098901,9.084901429156888e-08,4.883104839137339e-08,3
3596,86,0.3321477428180575,0.0015444143063875974,3.319384496182058e-06,3
3597,3,1.0,0.0,4.5789781293444805e-08,3
3598,11,0.8727272727272727,2.47770038977006e-08,4.815052206619538e-08,3
3599,33,0.5833333333333334,1.7864632266879855e-06,5.590787607826635e-08,3
3600,7,0.38095238095238093,1.598888758670874e-05,3.199965585288368e-06,3
3601,21,0.4714285714285714,2.67472418749738e-06,9.926712447861505e-08,3
3602,17,0.6323529411764706,1.600689125109519e-06,1.140949331635672e-07,3
3603,9,0.6666666666666666,1.7363567017198117e-07,7.147111163092506e-08,3
3604,76,0.292280701754386,7.333408461227556e-05,2.1036838047963058e-07,3
3605,39,0.5546558704453441,6.259920301898154e-06,1.3684356870435715e-07,3
3606,5,0.8,9.91080155908024e-08,4.599459458999019e-08,3
3607,8,0.75,0.0,4.704317450517601e-08,3
3608,19,0.783625730994152,2.3426974839172042e-07,5.154898945417476e-08,3
3610,15,0.3238095238095238,1.734390272839042e-06,7.160124720799387e-08,3
3611,57,0.4342105263157895,3.0618486809076574e-05,1.2866980229486275e-07,3
3612,20,0.22631578947368422,0.021913444816423974,0.000508282528953867,3
3613,15,0.9238095238095239,1.313932024878062e-07,5.131626886578198e-08,3
3614,10,0.5777777777777777,1.23885019488503e-06,1.2986784078096463e-07,3
3615,20,0.6263157894736842,9.698889929105508e-07,5.181240260158153e-08,3
3616,12,0.5909090909090909,1.4205482234681675e-06,4.847226868868191e-08,3
3617,33,0.2784090909090909,8.478079353177489e-06,1.8475100884574007e-07,3
3618,20,0.7578947368421053,5.87379290448195e-07,7.112855437139286e-08,3
3619,4,0.6666666666666666,1.6518002598467065e-07,4.611985915971797e-08,3
3620,16,0.6,0.0,9.391145500641407e-08,3
3622,12,0.6363636363636364,6.015305946275091e-07,5.259035904354472e-08,3
3623,19,0.6783625730994152,2.6032493106192143e-07,9.798287852924655e-08,3
3624,14,0.5054945054945055,1.6022462520513056e-06,4.8688512494130073e-08,3
3625,37,0.5285285285285285,1.0552577729871631e-05,9.088322602337138e-08,3
3627,19,0.7309941520467836,7.017102669145779e-07,9.686380195928752e-08,3
3628,23,0.525691699604743,1.2146631196515605e-06,5.3584243579025516e-08,3
3629,37,0.4924924924924925,3.324205110949673e-06,5.734699049004291e-08,3
3630,13,0.8846153846153846,2.806735468268936e-07,9.317138654548078e-08,3
3631,10,0.6666666666666666,8.316756553074328e-08,5.1266037864918543e-08,3
3632,6,0.5333333333333333,3.71655058465509e-07,4.677879055335308e-08,3
3634,22,0.7359307359307359,2.5431698122598848e-06,1.1920343942045218e-07,3
3635,27,0.6381766381766382,0.00025699570683151816,3.2580006527909854e-06,3
3636,25,0.72,5.664211030169504e-07,5.3343811454435784e-08,3
3637,5,0.7,8.259001299233533e-07,4.7721024292724656e-08,3
3638,11,0.6363636363636364,1.1975551883888623e-06,4.8187992631017085e-08,3
3639,12,0.9848484848484849,0.0,5.039016409755582e-08,3
3640,42,0.5644599303135889,8.45192650267803e-06,1.326989993124625e-07,3
3641,10,0.8444444444444444,0.0,4.764408598375597e-08,3
3642,23,0.5138339920948617,6.583356839461452e-06,8.13265976257233e-08,3
3643,24,0.5797101449275363,8.012393240958801e-07,9.817358939550509e-08,3
3644,13,0.7692307692307693,2.229930350793054e-07,4.878551344700683e-08,3
3645,18,0.39215686274509803,2.0417431069033756e-06,9.624849614822273e-08,3
3646,17,0.7794117647058824,3.7317614904092807e-07,9.547185116533637e-08,3
3647,8,0.8928571428571429,3.964320623632096e-07,4.7332135757634896e-08,3
3648,21,0.5238095238095238,1.2326898366996232e-06,9.596390075154461e-08,3
3649,15,0.9238095238095239,1.313932024878062e-07,5.131626886578198e-08,3
3650,1,0.0,0.0,4.4813493282538024e-08,3
3652,7,0.6190476190476191,4.1295006496167666e-07,6.799783867385565e-08,3
3653,4,1.0,0.0,4.614060601817839e-08,3
3654,12,0.7121212121212122,2.8690197370432676e-07,5.691166990854292e-08,3
3655,15,0.9047619047619048,0.0,4.942598874455446e-08,3
3656,22,0.7056277056277056,1.3909181280977307e-06,7.33665573318521e-08,3
3657,13,0.8461538461538461,0.0,4.851616156460704e-08,3
3658,16,0.6083333333333333,1.135068735781232e-06,7.587865969332771e-08,3
3659,10,0.5111111111111111,0.0,4.886958206580349e-08,3
3660,6,0.4666666666666667,0.0,4.70424651496649e-08,3
3661,6,0.6666666666666666,6.654395332525304e-07,4.8553482361091204e-08,3
3662,17,0.4264705882352941,4.971918782138587e-06,4.9557882395515485e-08,3
3663,14,0.8021978021978022,3.618691829765012e-07,4.932208831314387e-08,3
3664,10,0.5333333333333333,1.486620233862036e-06,4.802080291402889e-08,3
3665,6,0.8,3.303600519693413e-07,6.71842795743569e-08,3
3666,9,0.9444444444444444,0.0,4.769579079858963e-08,3
3667,23,0.5533596837944664,2.0241356791192256e-06,6.858495257668376e-08,3
3668,11,0.9818181818181818,3.8118467534924e-08,9.185991123146107e-08,3
3669,7,1.0,0.0,4.870724619536917e-08,3
3670,22,0.6926406926406926,0.00014412020433473568,3.2538153140830443e-06,3
3671,9,0.3888888888888889,0.0,4.947902378140574e-08,3
3672,47,0.34967622571692875,2.0658596090678904e-05,1.0034758879606122e-07,3
3673,4,0.5,9.016492125191037e-06,3.17651557276725e-06,3
3675,14,0.9120879120879121,0.0,1.1126449154108707e-07,3
3676,5,1.0,0.0,6.645631413611724e-08,3
3678,5,0.5,0.0,4.664222090767429e-08,3
3679,13,0.44871794871794873,2.515455824280842e-06,4.833588086307238e-08,3
3680,43,0.30454042081949056,2.1669930270238228e-05,1.3020861293974274e-07,3
3681,10,0.7777777777777778,2.5016456601124495e-07,7.021160413988267e-08,3
3682,9,0.5555555555555556,4.2120906626091023e-07,4.720000188807815e-08,3
3683,17,0.5882352941176471,9.854723957851011e-07,6.494400838973178e-08,3
3685,15,0.819047619047619,2.47770038977006e-08,4.967122005148498e-08,3
3686,5,0.6,0.01945447616662392,0.0005116222710517342,3
3687,33,0.7102272727272727,2.430953466231218e-06,1.139268722723096e-07,3
3688,2,1.0,0.0,4.630791199329534e-08,3
3689,3,1.0,0.0,4.6997650529916904e-08,3
3690,26,0.28,2.5201752535946895e-06,1.1790048482441359e-07,3
3691,3,1.0,0.0,4.7477517147650685e-08,3
3693,29,0.5788177339901478,1.092485833072362e-05,9.83664140354615e-08,3
3694,5,0.5,0.0,4.646701073110886e-08,3
3695,15,0.9238095238095239,1.313932024878062e-07,5.131626886578198e-08,3
3696,15,0.8571428571428571,0.0,4.916809530031694e-08,3
3697,21,0.6142857142857143,6.717637335480974e-07,6.89419271644131e-08,3
3698,18,0.673202614379085,2.229930350793054e-07,5.060692262104677e-08,3
3699,3,1.0,0.0,4.540839239971002e-08,3
3700,7,1.0,0.0,4.870724619536917e-08,3
3701,15,0.7904761904761904,3.71655058465509e-07,1.1166105640127594e-07,3
3702,38,0.5320056899004267,7.67768897639321e-06,1.355006918313157e-07,3
3703,15,0.6476190476190476,9.91080155908024e-08,5.780211308808755e-08,3
3704,2,1.0,0.0,4.518637917212518e-08,3
3705,38,0.3399715504978663,2.0984319916806074e-05,1.202861343313736e-07,3
3706,25,0.6266666666666667,9.347644047254586e-07,7.902230146163677e-08,3
3707,24,0.4782608695652174,3.582819855558159e-06,6.092027417859522e-08,3
3708,15,0.9619047619047619,8.259001299233533e-08,1.1226427675062454e-07,3
3709,1,0.0,0.0,4.4813493282538024e-08,3
3710,26,0.7138461538461538,4.240262122350185e-07,5.34133760429469e-08,3
3711,29,0.5591133004926109,2.5668707807735272e-06,1.0146706775690734e-07,3
3712,8,0.75,5.5060008661556886e-08,5.2559103826897344e-08,3
3713,26,0.7569230769230769,5.133275232361633e-07,5.388113509479725e-08,3
3714,26,0.6184615384615385,1.3919591195044581e-06,8.03517539222956e-08,3
3715,14,0.9230769230769231,1.8941337013298194e-07,4.93511147606206e-08,3
3716,7,1.0,0.0,4.6601556579971016e-08,3
3717,3,1.0,0.0,4.7477517147650685e-08,3
3718,27,0.6210826210826211,8.186286195758184e-07,1.0178912331355521e-07,3
3719,23,0.44664031620553357,7.669535324150984e-07,1.3779349958095357e-07,3
3720,10,0.5333333333333333,3.468780545678084e-07,4.789210515586825e-08,3
3722,33,0.5075757575757576,1.5783713019021953e-05,5.712027551018905e-08,3
3724,6,0.4666666666666667,8.011231260256528e-07,6.734749782386533e-08,3
3725,19,0.7485380116959064,2.2358296374353637e-07,5.031233089084183e-08,3
3726,15,0.7142857142857143,6.870181984118023e-07,9.472922902148573e-08,3
3727,6,0.6,4.4598607015861075e-07,4.6276794931466997e-08,3
3728,28,0.6587301587301587,1.406917012885205e-06,5.405836402029679e-08,3
3729,1,0.0,0.0,4.4813493282538024e-08,3
3730,28,0.701058201058201,1.191094393154832e-06,1.0352731866357613e-07,3
3731,40,0.5128205128205128,5.239558703470789e-06,1.311091306404681e-07,3
3732,2,1.0,0.0,4.525979108284187e-08,3
3733,3,1.0,0.0,4.612708962924423e-08,3
3734,49,0.5153061224489796,7.054109581600196e-06,1.2094197376109334e-07,3
3735,16,0.9,0.0,5.017045663049114e-08,3
3736,12,0.6515151515151515,1.795528334404797e-07,5.665477182751684e-08,3
3737,39,0.5276653171390013,6.672340553615007e-06,9.308397667269798e-08,3
3738,30,0.4206896551724138,9.117412541017446e-06,1.442506075420067e-07,3
3739,15,0.8380952380952381,1.0323751624041916e-07,4.9125483121764517e-08,3
3740,27,0.6923076923076923,1.0616105240726432e-06,5.408610440760113e-08,3
3742,5,0.8,1.6518002598467065e-07,4.670883070448043e-08,3
3743,19,0.7485380116959064,2.2358296374353637e-07,5.031233089084183e-08,3
3744,3,1.0,0.0,4.7477517147650685e-08,3
3745,6,0.6,0.0,4.6287579012324024e-08,3
3746,3,0.6666666666666666,0.0,4.7100647360850286e-08,3
3747,22,0.5584415584415584,0.0,5.163922756197851e-08,3
3748,2,0.0,7.077547796542696e-05,4.481723733077577e-08,2
3749,6,0.9333333333333333,9.91080155908024e-08,4.672077452159087e-08,3
3751,6,0.8666666666666667,0.0,4.627441482152488e-08,3
3752,19,0.6432748538011696,5.651449424427457e-06,1.367567657992258e-07,3
3753,25,0.6733333333333333,5.761494254763954e-07,5.3106823828936836e-08,3
3754,8,0.5357142857142857,6.19425097442515e-07,5.034977618763219e-08,3
3755,8,0.8214285714285714,0.0,5.212076212605881e-08,3
3757,17,0.875,2.0647503248083833e-07,1.1337176484327576e-07,3
3758,44,0.32346723044397463,0.0003916939895676132,3.3251900953101505e-06,3
3759,19,0.7076023391812866,0.0002847764462271106,3.2251847693040854e-06,3
3760,17,0.5367647058823529,1.944593681980322e-06,6.361474452756656e-08,3
3761,21,0.7142857142857143,1.0018008333452267e-06,1.3804786380939067e-07,3
3762,17,0.625,8.802356647867319e-08,7.683893151374399e-08,3
3763,12,0.4696969696969697,0.0,7.200761615497299e-08,3
3764,29,0.2733990147783251,0.0002541400556882466,3.2926437978763644e-06,3
3765,4,1.0,0.0,4.876520081469525e-08,3
3766,10,0.9777777777777777,0.0,4.790050147895535e-08,3
3767,10,0.35555555555555557,0.0,7.004865172260529e-08,3
3768,23,0.5217391304347826,6.713566965210288e-07,1.1910535022753742e-07,3
3769,13,0.6923076923076923,3.024065091103971e-07,4.898205498883501e-08,3
3770,10,0.3333333333333333,9.586340793753208e-07,7.04133799091304e-08,3
3771,7,0.42857142857142855,0.0,4.7189040275525676e-08,3
3772,8,0.5,1.1362026073088418e-06,4.954283904767695e-08,3
3773,14,0.8241758241758241,2.47770038977006e-08,4.9477588265583127e-08,3
3774,18,0.7973856209150327,4.95540077954012e-07,1.1377972710525012e-07,3
3775,9,0.3333333333333333,0.0,6.763096650483196e-08,3
3776,19,0.7076023391812866,0.0,5.067744742638729e-08,3
3777,10,0.6,4.101970645285988e-07,9.108647287693799e-08,3
3778,13,0.7948717948717948,5.5060008661556886e-08,4.906576386820201e-08,3
3780,16,0.5583333333333333,6.099664383758557e-06,8.327933333290591e-08,3
3781,4,0.8333333333333334,0.0,4.6279376438320255e-08,3
3782,32,0.3911290322580645,4.8421220998819515e-06,1.45651172703647e-07,3
3783,13,0.9743589743589743,0.0,4.857490959600083e-08,3
3784,12,0.5151515151515151,0.0,5.3061119266567584e-08,3
3785,19,0.5906432748538012,1.0109337266400751e-06,7.775308112632862e-08,3
3786,21,0.5476190476190477,1.7871352584091468e-06,1.1842523310266484e-07,3
3787,5,0.8,0.0,4.5982499466048034e-08,3
3788,12,0.8939393939393939,5.6679420681014446e-08,7.677234767453242e-08,3
3789,8,0.6428571428571429,1.8334982884298445e-06,4.728475738388178e-08,3
3790,45,0.5444444444444444,5.966359704287787e-06,1.3689253890425905e-07,3
3791,21,0.5761904761904761,0.0,5.142043921168685e-08,3
3792,15,0.6190476190476191,5.470084621009862e-07,5.3113836101177e-08,3
3793,49,0.34098639455782315,1.533948135516751e-05,1.738074379235699e-07,3
3794,35,0.5310924369747899,7.328048153746823e-06,8.544264402660172e-08,3
3795,5,0.7,0.0,4.975445475477506e-08,3
3796,11,0.6545454545454545,0.0,5.8735961994788284e-08,3
3798,3,0.0,0.016619730516457005,5.013486196686443e-08,1
3799,14,0.46153846153846156,2.865873450834036e-06,4.939040324161462e-08,3
3800,49,0.483843537414966,1.1482369084219346e-05,1.309682899259385e-07,3
3801,3,0.6666666666666666,0.0,4.5436840791988366e-08,3
3802,16,0.775,3.4299146572111027e-07,5.057049666549162e-08,3
3803,21,0.37142857142857144,5.4261638535964305e-06,9.667140823099993e-08,3
3804,49,0.5280612244897959,9.351066525959426e-06,1.4036760129789642e-07,3
3805,5,0.5,0.0,4.8113019152984836e-08,3
3806,6,0.7333333333333333,0.0,4.629020334034677e-08,3
3807,2,1.0,0.0,4.5107593694267526e-08,3
3808,2,1.0,0.0,4.511212479069076e-08,3
3809,16,0.6166666666666667,0.0,4.985321623831861e-08,3
3810,35,0.4436974789915966,0.00031101027366616565,3.2584014867508753e-06,3
3811,3,1.0,0.0,4.5418665284374405e-08,3
3812,7,0.6190476190476191,3.468780545678084e-07,4.712864556037953e-08,3
3813,7,1.0,0.0,4.870724619536917e-08,3
3814,8,0.7857142857142857,0.0,4.692384509108879e-08,3
3815,15,0.9142857142857143,0.0,4.970115188396777e-08,3
3816,3,0.6666666666666666,0.0,4.5696727061147035e-08,3
3817,12,0.5454545454545454,1.7084031588608674e-06,5.4619361146495195e-08,3
3818,14,0.6483516483516484,1.2070848052725934e-07,9.414553032982428e-08,3
3819,13,0.8589743589743589,1.1208644620388365e-07,4.85234050536509e-08,3
3820,1,0.0,0.0,4.4813493282538024e-08,3
3821,26,0.2953846153846154,5.649746817339967e-06,1.0107679759331659e-07,3
3822,30,0.5747126436781609,2.55721699818301e-07,8.129521076999215e-08,3
3823,14,0.2967032967032967,1.1865431866565509e-06,7.233437723310828e-08,3
3824,50,0.4922448979591837,1.189313285269887e-05,1.2811579290689842e-07,3
3825,27,0.28774928774928776,0.00033090086674025007,3.3104903749110258e-06,3
3826,32,0.5665322580645161,7.854171499072896e-06,8.370378413187501e-08,3
3827,8,0.7857142857142857,1.6518002598467065e-07,4.728736977784801e-08,3
3828,28,0.5343915343915344,2.4476362806538493e-06,9.162771097919986e-08,3
3829,37,0.3633633633633634,1.609434690155448e-05,1.4810535740409177e-07,3
3831,25,0.46,4.840874173861462e-06,6.651928862519378e-08,3
3832,12,0.7575757575757576,5.427343710924894e-07,9.345632474032604e-08,3
3833,32,0.5826612903225806,1.5008687436331085e-06,1.2217001846921073e-07,3
3834,7,0.7619047619047619,0.0,6.945952807246184e-08,3
3835,26,0.7538461538461538,9.920204583565847e-07,5.388498161516567e-08,3
3836,22,0.5584415584415584,0.00030335517351348846,3.246126319520925e-06,3
3837,17,0.8529411764705882,0.00026728315004349656,3.224037534212366e-06,3
3838,61,0.3945355191256831,1.5004625962762497e-05,1.2549450463213526e-07,3
3839,5,0.7,1.183572699005218e-06,4.809324774533629e-08,3
3840,12,0.8939393939393939,2.47770038977006e-08,4.8571286792114677e-08,3
3841,33,0.6571969696969697,3.5576766138118705e-06,1.0696868803238611e-07,3
3842,41,0.4426829268292683,8.359294149535513e-06,8.765872747182996e-08,3
3843,8,0.5357142857142857,0.0,7.026443209278905e-08,3
3844,5,1.0,0.0,4.601285462504697e-08,3
3845,20,0.6842105263157895,1.7726529535313504e-06,5.913040227290749e-08,3
3846,2,1.0,0.0,4.510842027715613e-08,3
3847,13,0.34615384615384615,0.0,5.3053268129223345e-08,3
3848,6,0.9333333333333333,9.91080155908024e-08,4.6743433802710856e-08,3
3849,5,0.9,0.0,4.671948149517038e-08,3
3850,20,0.6421052631578947,0.0,5.134722332032148e-08,3
3852,22,0.5757575757575758,2.3404540469430126e-06,6.307596091346152e-08,3
3853,1,0.0,0.0,4.4813493282538024e-08,3
3854,2,1.0,0.0,4.554861560856617e-08,3
3855,15,0.4857142857142857,1.4338650859897845e-06,9.233710395681242e-08,3
3856,1,0.0,0.0,4.4813493282538024e-08,3
3857,11,0.9636363636363636,0.0,4.79253719991837e-08,3
3858,32,0.6491935483870968,1.3212251580079491e-06,1.1219248055272486e-07,3
3859,6,0.4,6.607201039386826e-07,4.814559766773404e-08,3
3860,37,0.6321321321321322,2.3124454739620267e-06,9.66399474285184e-08,3
3862,19,0.7660818713450293,6.172317729216563e-07,5.086412939055792e-08,3
3863,11,0.7090909090909091,0.0,4.781751653172012e-08,3
3864,7,1.0,0.0,4.870724619536917e-08,3
3865,4,0.8333333333333334,0.0,4.599950301080886e-08,3
3866,19,0.5614035087719298,0.0,5.847662105026608e-08,3
3867,26,0.7261538461538461,1.5857334668392146e-06,5.38171719972254e-08,3
3868,18,0.7908496732026143,1.6164045399928488e-07,5.002171950608353e-08,3
3869,32,0.4274193548387097,0.0005277983906677421,3.1968949673340934e-06,3
3870,26,0.5384615384615384,1.7563479871852858e-06,7.967406009416539e-08,3
3871,8,0.9642857142857143,0.0,4.701037373514876e-08,3
3873,38,0.5163584637268848,6.669230845733208e-06,8.953129214238375e-08,3
3874,14,0.9120879120879121,0.0,4.883488404016815e-08,3
3875,2,1.0,0.0,4.510218804008252e-08,3
3876,9,0.9722222222222222,0.0,4.781776856695019e-08,3
3878,10,0.6,6.359431000409821e-07,5.093501548622197e-08,3
3879,2,1.0,0.0,4.554861560856617e-08,3
3880,10,0.4666666666666667,1.5403037423070538e-06,9.250367788238541e-08,3
3881,18,0.3790849673202614,1.8458867903786948e-06,1.1558727232284954e-07,3
3882,4,0.5,0.0,4.625922079562914e-08,3
3883,15,0.9238095238095239,1.313932024878062e-07,5.131626886578198e-08,3
3884,34,0.5490196078431373,5.644152138187799e-06,9.824566164966271e-08,3
3885,2,1.0,0.0,4.5096084380328754e-08,3
3887,5,0.4,0.0,4.6420784399734396e-08,3
3888,10,0.5111111111111111,8.011231260256528e-07,5.329605338278973e-08,3
3889,15,0.9142857142857143,6.292572418463644e-08,8.459361520026366e-08,3
3890,5,0.4,0.0,4.721897783501279e-08,3
3891,24,0.5072463768115942,2.4939875735774417e-06,5.9437408495113776e-08,3
3892,13,0.9102564102564102,4.129500649616766e-08,4.853291618039727e-08,3
3893,6,0.5333333333333333,5.712459462789431e-06,3.2360903169716262e-06,3
3894,9,0.6111111111111112,4.4244649817322496e-07,4.717991011776338e-08,3
3895,13,0.38461538461538464,0.00019196585178441066,3.221992584106559e-06,3
3896,21,0.6,4.91777684615573e-07,7.645784641193894e-08,3
3897,4,1.0,0.0,4.5744104572743935e-08,3
3898,16,0.825,2.6916836052502014e-06,5.162136432029288e-08,3
3899,7,1.0,0.0,6.831877035245241e-08,3
3900,34,0.46167557932263814,2.122161746288077e-06,8.528821720667512e-08,3
3901,8,0.4642857142857143,9.497851494118562e-07,4.7389304615317244e-08,3
3902,42,0.47502903600464574,1.838679798771774e-05,9.483204558712346e-08,3
3903,18,0.6666666666666666,0.0,5.5210070679916264e-08,3
3904,7,0.47619047619047616,7.43310116931018e-07,4.8142921068408585e-08,3
3905,8,0.6428571428571429,0.0,4.691618007648527e-08,3
3906,44,0.3657505285412262,1.07814779758048e-05,1.6914544639636102e-07,3
3907,26,0.6984615384615385,1.406265001367581e-06,5.3827595835096384e-08,3
3908,7,0.5714285714285714,0.0,4.884796391125778e-08,3
3909,22,0.48917748917748916,7.3507354528437906e-06,7.765034487859261e-08,3
3910,4,1.0,0.0,6.620237468628192e-08,3
3911,7,1.0,0.0,4.870724619536917e-08,3
3912,15,0.8952380952380953,0.0,4.913678340533317e-08,3
3913,18,0.8169934640522876,7.414330711811923e-08,7.921627266932499e-08,3
3914,8,0.35714285714285715,0.0,4.9799846737480445e-08,3
3915,22,0.6536796536796536,2.672131793586012e-06,1.1982696268355805e-07,3
3916,7,0.5238095238095238,8.259001299233533e-07,4.7948945222972596e-08,3
3917,15,0.8285714285714286,1.114965175396527e-07,4.9121797712675634e-08,3
3918,31,0.25161290322580643,1.4783612325628027e-05,1.1846592577163233e-07,3
3919,12,0.9848484848484849,0.0,5.039016409755582e-08,3
3920,16,0.875,0.0,4.973417826932037e-08,3
3921,30,0.6620689655172414,1.9550164345219765e-06,5.507731912249344e-08,3
3922,2,1.0,0.0,4.5110569478640926e-08,3
3923,7,0.8095238095238095,2.229930350793054e-07,4.700499399918877e-08,3
3924,41,0.5280487804878049,4.414646254377087e-06,1.280801019342146e-07,3
3925,5,0.9,0.0,4.73196358851749e-08,3
3926,43,0.512735326688815,7.903901881491054e-06,1.1675015338578848e-07,3
3927,24,0.30434782608695654,6.730889415987251e-06,1.3853382104770823e-07,3
3928,3,0.6666666666666666,0.0,4.749096629263912e-08,3
3929,15,0.5619047619047619,9.568312903804333e-07,6.078671289599965e-08,3
3930,47,0.33209990749306195,4.7717848397361327e-05,1.3487307439453982e-07,3
3931,22,0.3333333333333333,3.54781861055921e-06,1.1839460934045296e-07,3
3932,8,0.8928571428571429,9.91080155908024e-08,4.688769438479749e-08,3
3933,22,0.5800865800865801,0.0,5.185729949916125e-08,3
3934,10,0.6888888888888889,7.993533400329599e-07,5.144589535409344e-08,3
3935,2,0.0,0.010204585860695286,4.8630395184094375e-08,0
3936,6,0.9333333333333333,0.0,4.676774601838368e-08,3
3937,14,0.5274725274725275,0.00020711789138667022,3.2431236353648635e-06,3
3938,83,0.35321774904496034,3.21144218092279e-05,1.8462872681439348e-07,3
3939,4,1.0,0.0,4.570843808626864e-08,3
3940,11,0.7272727272727273,1.327339494519675e-07,5.017427144327811e-08,3
3941,7,0.38095238095238093,3.077807933637071e-05,3.1975469446128045e-06,3
3942,2,1.0,0.0,6.581101625201469e-08,3
3944,13,0.46153846153846156,1.5176627121249276e-06,5.8726720903526495e-08,3
3945,34,0.4117647058823529,0.0004278583693965702,3.278185272257232e-06,3
3946,4,0.8333333333333334,0.0,4.6279376438320255e-08,3
3947,32,0.4375,4.6565929727940403e-07,1.240448607355437e-07,3
3949,12,0.30303030303030304,0.0,4.8033621680758117e-08,3
3950,16,0.26666666666666666,3.931284618435162e-06,5.557143297206904e-08,3
3951,35,0.5697478991596638,3.5007284927254556e-06,1.0517697529974875e-07,3
3952,4,0.8333333333333334,0.0,4.570854170079964e-08,3
3953,4,0.8333333333333334,0.0,4.601528159784304e-08,3
3954,4,0.8333333333333334,0.0,4.6416089211423595e-08,3
3955,3,1.0,0.0,4.6350895568969447e-08,3
3956,24,0.5217391304347826,5.495212726699294e-06,9.992283497411778e-08,3
3957,18,0.7908496732026143,3.71655058465509e-07,1.1572196233699791e-07,3
3958,9,0.5,0.0,4.981423947312813e-08,3
3959,2,1.0,0.0,4.526795973326953e-08,3
3960,17,0.75,0.0,4.9809287440998494e-08,3
3963,6,0.8,0.0,4.628620814279043e-08,3
3964,15,0.6285714285714286,0.0,8.986952997544696e-08,3
3965,4,1.0,0.0,6.606906555317946e-08,3
3966,47,0.43940795559666973,1.3160525670727634e-05,1.0138109797018865e-07,3
3967,16,0.7166666666666667,0.0,5.0147056536883334e-08,3
3968,46,0.47729468599033814,1.7981926196116102e-05,1.0093002990166655e-07,3
3969,25,0.6466666666666666,8.628865863940267e-07,7.987814735060838e-08,3
3970,6,0.4666666666666667,0.0,5.050820937937157e-08,3
3971,47,0.4301572617946346,1.3497705258407809e-05,1.1257995789817932e-07,3
3972,18,0.7973856209150327,8.30600509710199e-07,9.708970150628796e-08,3
3973,8,0.8571428571428571,0.0,5.0768517967525354e-08,3
3974,1,0.0,0.0,4.4813493282538024e-08,3
3975,15,0.9619047619047619,8.259001299233533e-08,1.1226672523869787e-07,3
3976,15,0.7238095238095238,2.3546562188301215e-07,5.439435135668672e-08,3
3977,6,0.7333333333333333,0.0,4.66120976389732e-08,3
3978,4,0.6666666666666666,0.0,4.7697801158071225e-08,3
3979,12,0.5151515151515151,1.6187642546497725e-06,5.26770803086575e-08,3
3981,8,0.8928571428571429,0.0,4.346887395353302e-08,9
3982,14,0.5054945054945055,3.055830480716407e-06,8.496925263587312e-08,9
3983,2,1.0,0.0,4.048089510979071e-08,9
3984,2,0.0,0.00019202623336487214,4.696500533666585e-08,9
3985,6,0.7333333333333333,1.8169802858313775e-07,6.216224900163918e-08,9
3986,9,0.7222222222222222,7.59828119529485e-07,6.299043127617724e-08,9
3987,2,1.0,0.0,4.034309944547106e-08,9
3988,7,0.6190476190476191,1.0199866604553415e-06,6.221847399696588e-08,9
3990,4,1.0,0.0,4.084944761355439e-08,9
3991,3,0.6666666666666666,0.0,6.136518485676694e-08,9
3992,3,1.0,0.0,4.0865697257347306e-08,9
3993,6,0.8,2.601585409258563e-07,8.13353624648223e-08,9
3994,11,0.6909090909090909,8.518569911495159e-07,8.322264872239653e-08,9
3995,9,0.4722222222222222,5.120580805524791e-07,6.38247022990919e-08,9
3996,4,0.5,9.09377602161262e-06,3.1737414201469925e-06,9
3997,11,0.7454545454545455,1.0252960184334199e-06,6.418823060106879e-08,9
3998,14,0.46153846153846156,2.3089807918000037e-06,6.553218312833616e-08,9
3999,4,0.6666666666666666,0.0,4.099775430731444e-08,9
4000,9,0.5833333333333334,1.978030811166431e-06,6.24763155142855e-08,9
4001,2,1.0,0.0,4.034309944547106e-08,9
4002,7,0.5238095238095238,1.691140382157249e-05,3.270285391359274e-06,9
4003,5,1.0,0.0,6.184142036475446e-08,9
4004,10,0.5333333333333333,4.4506148082975255e-05,3.272188216032845e-06,9
4005,3,1.0,0.0,4.0750755364021035e-08,9
4006,2,1.0,0.0,6.023476785074574e-08,9
4007,4,1.0,0.0,4.084944761355439e-08,9
4008,1,0.0,0.0,4.009460387520038e-08,9
4009,10,0.7777777777777778,2.7372690020316856e-07,6.379291741752452e-08,9
4010,1,0.0,0.0,4.009460387520038e-08,9
4012,2,1.0,0.0,4.034309944547106e-08,9
4013,6,0.8,1.6518002598467065e-07,1.0257064587048166e-07,9
4014,12,0.4393939393939394,3.3985790346345987e-06,1.0371710059373102e-07,9
4015,1,0.0,0.0,4.009460387520038e-08,9
4016,4,1.0,0.0,4.084944761355439e-08,9
4017,9,0.6111111111111112,1.9821603118160476e-06,6.271811860894264e-08,9
4018,7,0.9047619047619048,1.203454475031172e-07,6.250446930742335e-08,9
4019,8,0.75,1.203454475031172e-07,6.238404095467394e-08,9
4020,9,0.4166666666666667,0.004540830514736851,0.0005145135701954278,9
4021,11,0.6181818181818182,2.3125203637853893e-07,6.391519374949976e-08,9
4022,2,0.0,0.002427100701095999,1.4043891571688473e-07,9
4023,18,0.3790849673202614,4.427414625053406e-06,1.462278706842134e-07,9
4024,2,0.0,0.006253983226469668,4.29457427555086e-08,9
4025,4,1.0,0.0,4.084944761355439e-08,9
4026,9,0.6388888888888888,6.117560248075125e-07,6.287796022123367e-08,9
4027,7,0.5238095238095238,2.3446706808185123e-05,3.2703308034467627e-06,9
4028,3,0.3333333333333333,0.0013964059253787006,0.0005054809726770387,9
4029,2,1.0,0.0,4.034309944547106e-08,9
4030,19,0.3684210526315789,0.0003590830170278285,3.236204089590885e-06,9
4032,2,1.0,0.0,6.023476785074574e-08,9
4033,3,1.0,0.0,4.0867374257182574e-08,9
4034,2,1.0,0.0,4.0995218735455277e-08,9
4035,1,0.0,0.0,4.009460387520038e-08,9
4036,2,1.0,0.0,4.0347131785102923e-08,9
4037,4,0.6666666666666666,9.831756636797817e-05,3.209876791215895e-06,9
4038,9,0.5555555555555556,2.1196751425843215e-05,3.2724482222431137e-06,9
